regla_id,posicion,regla,consecuente,metodo_similitud,variables_antecedente,numero_condiciones,fitness,soporte_XY,confianza,lift,factor_certeza,miembros_familia_jaccard,numero_semillas,numero_tamanos_enjambre,tamanos_enjambre,semillas,proporcion_semillas,nivel_estabilidad,es_reproducible,orden_estabilidad
RD_0001,1,presion_sistolica cercana a 91.16 con radio ±11.25 => enfermedad_cardiovascular = no,no,gaussiana,presion_sistolica,1,0.3972000460282875,0.01635721643585245,0.9282585732826033,1.8472807428509521,0.8557961272012127,2,1,2,"100, 500",13,0.5,exploratoria,False,2
RD_0004,4,presion_sistolica cercana a 79.18 con radio ±28.24 => enfermedad_cardiovascular = no,no,gaussiana,presion_sistolica,1,0.3773752125704703,0.011521314819623284,0.9135300759554963,1.817970300408948,0.8261911074482338,1,1,1,500,55,0.5,exploratoria,False,2
RD_0005,5,presion_sistolica cercana a 91.16 con radio ±11.25 => enfermedad_cardiovascular = no,no,triangular,presion_sistolica,1,0.3726861501936395,0.019906118078072445,0.9099982690244213,1.810941828904321,0.8190919980390378,2,1,2,"100, 500",13,0.5,exploratoria,False,2
RD_0009,9,presion_sistolica cercana a 77.08 con radio ±27.22 => enfermedad_cardiovascular = no,no,triangular,presion_sistolica,1,0.3471151830279372,0.013743137547998432,0.8903948737280128,1.77193009697117,0.7796881883980158,1,1,1,500,55,0.5,exploratoria,False,2
RD_0012,12,presion_sistolica cercana a 79.18 con radio ±28.24 => enfermedad_cardiovascular = no,no,triangular,presion_sistolica,1,0.34227734433957235,0.018077337078578316,0.8866180194327336,1.7644139690203655,0.7720965214728313,1,1,1,500,55,0.5,exploratoria,False,2
RD_0022,22,presion_diastolica cercana a 59.65 con radio ±6.47 => enfermedad_cardiovascular = no,no,triangular,presion_diastolica,1,0.2878682679861409,0.03783773321548912,0.8424821787134139,1.6765814501759482,0.6833812637455556,1,1,1,500,13,0.5,exploratoria,False,2
RD_0024,24,presion_diastolica cercana a 59.65 con radio ±6.47 => enfermedad_cardiovascular = no,no,gaussiana,presion_diastolica,1,0.2867470202120523,0.03923368250336486,0.8415379361896125,1.6747023605763434,0.6814832888233417,1,1,1,500,13,0.5,exploratoria,False,2
RD_0027,27,presion_diastolica cercana a 62.70 con radio ±8.70 => enfermedad_cardiovascular = no,no,gaussiana,presion_diastolica,1,0.2763631870140248,0.03154745805507688,0.8327204924404631,1.6571552088367427,0.6637597837999258,1,1,1,500,55,0.5,exploratoria,False,2
RD_0029,29,presion_sistolica cercana a 101.34 con radio ±4.89 Y colesterol = normal => enfermedad_cardiovascular = no,no,triangular,"colesterol, presion_sistolica",2,0.26942117997394366,0.015229110528274564,0.9333333333333332,1.857379767827529,0.8659966499162477,1,1,1,500,13,0.5,exploratoria,False,2
RD_0030,30,presion_sistolica cercana a 101.34 con radio ±4.89 Y colesterol = normal => enfermedad_cardiovascular = no,no,gaussiana,"colesterol, presion_sistolica",2,0.26942117997394366,0.014949744665032697,0.9333333333333332,1.857379767827529,0.8659966499162477,1,1,1,500,13,0.5,exploratoria,False,2
RD_0034,34,presion_diastolica cercana a 62.70 con radio ±8.70 => enfermedad_cardiovascular = no,no,triangular,presion_diastolica,1,0.24607505761702395,0.04602110877326094,0.8062015698049144,1.604381233442616,0.6104554166932954,1,1,1,500,55,0.5,exploratoria,False,2
RD_0039,39,presion_sistolica cercana a 102.00 con radio ±12.57 => enfermedad_cardiovascular = no,no,gaussiana,presion_sistolica,1,0.23554421306841677,0.04023852295563673,0.7966792387680318,1.5854313209314068,0.591315052800064,2,2,1,500,"13, 55",1.0,alta,True,0
RD_0052,52,presion_sistolica cercana a 102.00 con radio ±12.57 => enfermedad_cardiovascular = no,no,triangular,presion_sistolica,1,0.2168431444794727,0.05896800424895615,0.779346100399421,1.5509375132326788,0.5564745736671779,2,2,1,500,"13, 55",1.0,alta,True,0
RD_0054,54,edad_anios cercana a 41.09 con radio ±3.18 => enfermedad_cardiovascular = no,no,gaussiana,edad_anios,1,0.21392600987941335,0.04689640619346612,0.7765907868517504,1.5454543021925384,0.5509362549783928,1,1,1,500,55,0.5,exploratoria,False,2
RD_0059,59,edad_anios cercana a 41.09 con radio ±3.18 => enfermedad_cardiovascular = no,no,triangular,edad_anios,1,0.2051739988987114,0.05386394511391988,0.7682361617144291,1.528828182516277,0.5341430386219681,1,1,1,500,55,0.5,exploratoria,False,2
RD_0064,64,presion_sistolica cercana a 102.00 con radio ±17.07 Y colesterol = normal => enfermedad_cardiovascular = no,no,gaussiana,"colesterol, presion_sistolica",2,0.19668265806461815,0.05329306788379211,0.8484730987340012,1.6885036790726395,0.6954233140381935,1,1,1,500,55,0.5,exploratoria,False,2
RD_0068,68,presion_sistolica cercana a 102.00 con radio ±22.16 => enfermedad_cardiovascular = no,no,gaussiana,presion_sistolica,1,0.19478883735430888,0.09806510290166583,0.7581439294048976,1.5087441381191993,0.5138571445324576,1,1,1,500,55,0.5,exploratoria,False,2
RD_0069,69,presion_sistolica cercana a 98.35 con radio ±12.84 Y alcohol = no => enfermedad_cardiovascular = no,no,gaussiana,"alcohol, presion_sistolica",2,0.1910928842450818,0.02962702441553345,0.8414471638662665,1.6745217191368489,0.681300831891993,1,1,1,500,55,0.5,exploratoria,False,2
RD_0072,72,presion_sistolica cercana a 102.00 con radio ±17.07 Y colesterol = normal => enfermedad_cardiovascular = no,no,triangular,"colesterol, presion_sistolica",2,0.18999642875876657,0.06850765753506692,0.8400591646895954,1.671759531720588,0.6785108837981818,1,1,1,500,55,0.5,exploratoria,False,2
RD_0074,74,presion_sistolica cercana a 102.00 con radio ±9.62 Y colesterol = normal Y actividad_fisica = si => enfermedad_cardiovascular = no,no,gaussiana,"actividad_fisica, colesterol, presion_sistolica",3,0.1876828589685121,0.01614583336474171,0.9120188338952883,1.8149628535229618,0.8231534349654036,1,1,1,500,13,0.5,exploratoria,False,2
RD_0075,75,presion_sistolica cercana a 102.00 con radio ±9.18 Y colesterol = normal Y alcohol = no => enfermedad_cardiovascular = no,no,gaussiana,"alcohol, colesterol, presion_sistolica",3,0.1868269495127653,0.019199618023876208,0.9107287275040817,1.8123954776200633,0.8205602562896116,1,1,1,500,13,0.5,exploratoria,False,2
RD_0078,78,presion_sistolica cercana a 102.00 con radio ±10.70 Y colesterol = normal Y glucosa = normal => enfermedad_cardiovascular = no,no,gaussiana,"colesterol, glucosa, presion_sistolica",3,0.1836774999429353,0.0237922546948542,0.9059596970310133,1.8029048697134595,0.8109742653889715,1,1,1,100,13,0.5,exploratoria,False,2
RD_0080,80,presion_sistolica cercana a 98.35 con radio ±12.84 Y alcohol = no => enfermedad_cardiovascular = no,no,triangular,"alcohol, presion_sistolica",2,0.18059674029471262,0.03701052449849017,0.8280230900361585,1.6478071443505644,0.6543177689169015,1,1,1,500,55,0.5,exploratoria,False,2
RD_0081,81,presion_sistolica cercana a 94.00 con radio ±38.72 => enfermedad_cardiovascular = no,no,gaussiana,presion_sistolica,1,0.1801317491607807,0.12015656012813335,0.743548337306736,1.4796981836949972,0.48451927096831354,1,1,1,500,55,0.5,exploratoria,False,2
RD_0083,83,presion_diastolica cercana a 63.00 con radio ±6.49 Y sexo = mujer Y colesterol = normal => enfermedad_cardiovascular = no,no,gaussiana,"colesterol, presion_diastolica, sexo",3,0.17820106755923798,0.01095499886421121,0.8975832630639425,1.7862353493809804,0.7941372121888293,1,1,1,500,55,0.5,exploratoria,False,2
RD_0089,89,presion_diastolica cercana a 63.00 con radio ±6.49 Y sexo = mujer Y colesterol = normal => enfermedad_cardiovascular = no,no,triangular,"colesterol, presion_diastolica, sexo",3,0.1746919093238376,0.015257079141088044,0.8921583101773894,1.7754394232385862,0.7832327842761597,1,1,1,500,55,0.5,exploratoria,False,2
RD_0094,94,presion_sistolica cercana a 102.00 con radio ±10.19 Y alcohol = no => enfermedad_cardiovascular = no,no,gaussiana,"alcohol, presion_sistolica",2,0.17326970716392226,0.027941380518609837,0.8184638930263909,1.628783866719186,0.6351033025656099,1,1,1,500,13,0.5,exploratoria,False,2
RD_0096,96,presion_sistolica cercana a 102.00 con radio ±27.78 => enfermedad_cardiovascular = no,no,gaussiana,presion_sistolica,1,0.17236910358929255,0.13959601620471163,0.7356401532559741,1.4639605039919883,0.46862342363009873,1,1,1,500,55,0.5,exploratoria,False,2
RD_0104,104,presion_sistolica cercana a 94.11 con radio ±26.03 Y alcohol = no => enfermedad_cardiovascular = no,no,gaussiana,"alcohol, presion_sistolica",2,0.16997008188631024,0.054513892541338295,0.8141060292964072,1.6201115010873777,0.6263437774802155,1,1,1,500,55,0.5,exploratoria,False,2
RD_0110,110,edad_anios cercana a 42.48 con radio ±2.91 => enfermedad_cardiovascular = no,no,gaussiana,edad_anios,1,0.16532970739045483,0.04140201677409884,0.7283554614584731,1.4494636048924838,0.45398082705220727,1,1,1,500,55,0.5,exploratoria,False,2
RD_0111,111,presion_sistolica cercana a 102.00 con radio ±22.16 => enfermedad_cardiovascular = no,no,triangular,presion_sistolica,1,0.16488968811585855,0.14225850649378385,0.7278964121078425,1.448550073846453,0.45305811478963326,1,1,1,500,55,0.5,exploratoria,False,2
RD_0113,113,edad_anios cercana a 40.90 con radio ±1.65 Y alcohol = no => enfermedad_cardiovascular = no,no,gaussiana,"alcohol, edad_anios",2,0.16417971876516968,0.016898334137224837,0.8063759251350235,1.6047282092239277,0.6108058796683891,1,1,1,500,13,0.5,exploratoria,False,2
RD_0115,115,presion_sistolica cercana a 102.00 con radio ±9.62 Y colesterol = normal Y actividad_fisica = si => enfermedad_cardiovascular = no,no,triangular,"actividad_fisica, colesterol, presion_sistolica",3,0.1638352732825485,0.025009956719883562,0.8750759022614174,1.7414445816147612,0.7488962859525978,1,1,1,500,13,0.5,exploratoria,False,2
RD_0119,119,presion_sistolica cercana a 102.00 con radio ±9.18 Y colesterol = normal Y alcohol = no => enfermedad_cardiovascular = no,no,triangular,"alcohol, colesterol, presion_sistolica",3,0.16304261208274765,0.026325713606747563,0.8738103268315993,1.7389260235454715,0.7463524157419082,1,1,1,500,13,0.5,exploratoria,False,2
RD_0121,121,presion_sistolica cercana a 105.19 con radio ±23.69 => enfermedad_cardiovascular = no,no,gaussiana,presion_sistolica,1,0.1624638680211201,0.1497549733420638,0.7253576999807264,1.443497910409406,0.44795517584065614,3,1,3,"50, 100, 500",13,0.5,exploratoria,False,2
RD_0124,124,edad_anios cercana a 42.07 con radio ±5.24 => enfermedad_cardiovascular = no,no,gaussiana,edad_anios,1,0.16148191787382102,0.07409496567515925,0.7243261786271339,1.4414451315962864,0.44588176608469127,1,1,1,500,13,0.5,exploratoria,False,2
RD_0127,127,edad_anios cercana a 42.31 con radio ±4.28 => enfermedad_cardiovascular = no,no,gaussiana,edad_anios,1,0.15952825579957453,0.061359906726224725,0.7222671727448763,1.4373476074524902,0.4417430607937212,3,1,3,"50, 100, 500",55,0.5,exploratoria,False,2
RD_0129,129,presion_sistolica cercana a 102.00 con radio ±9.46 Y colesterol = normal Y glucosa = normal Y fumador = no => enfermedad_cardiovascular = no,no,gaussiana,"colesterol, fumador, glucosa, presion_sistolica",4,0.15839303442962627,0.019664189886974118,0.9273633304732982,1.8454991651209918,0.8539966441674336,1,1,1,500,13,0.5,exploratoria,False,2
RD_0131,131,edad_anios cercana a 40.90 con radio ±1.65 Y alcohol = no => enfermedad_cardiovascular = no,no,triangular,"alcohol, edad_anios",2,0.15738332055930676,0.027225255019574398,0.7971631510000151,1.586394330348289,0.5922877407035481,1,1,1,500,13,0.5,exploratoria,False,2
RD_0133,133,presion_sistolica cercana a 94.11 con radio ±26.03 Y alcohol = no => enfermedad_cardiovascular = no,no,triangular,"alcohol, presion_sistolica",2,0.15670665029093742,0.07036313990188049,0.7962373742200126,1.5845519884975376,0.5904268828542968,1,1,1,500,55,0.5,exploratoria,False,2
RD_0135,135,presion_sistolica cercana a 102.00 con radio ±10.70 Y colesterol = normal Y glucosa = normal => enfermedad_cardiovascular = no,no,triangular,"colesterol, glucosa, presion_sistolica",3,0.1547446721621787,0.03610286472820143,0.8604038886871983,1.712246544651141,0.7194048013813031,1,1,1,100,13,0.5,exploratoria,False,2
RD_0136,136,edad_anios cercana a 42.48 con radio ±2.91 => enfermedad_cardiovascular = no,no,triangular,edad_anios,1,0.15380133642238317,0.05009489354089096,0.7161789109533534,1.4252316635887632,0.42950534864995665,1,1,1,500,55,0.5,exploratoria,False,2
RD_0138,138,edad_anios cercana a 42.31 con radio ±4.28 => enfermedad_cardiovascular = no,no,triangular,edad_anios,1,0.15314270713645992,0.07390111867052196,0.7154736057125678,1.4238280710697868,0.42808764967350316,4,2,3,"50, 100, 500","13, 55",1.0,alta,True,0
RD_0139,139,presion_sistolica cercana a 102.00 con radio ±10.19 Y alcohol = no => enfermedad_cardiovascular = no,no,triangular,"alcohol, presion_sistolica",2,0.15129645491682475,0.04065242278929876,0.7887781587632047,1.5697077786332434,0.5754334849511652,1,1,1,500,13,0.5,exploratoria,False,2
RD_0146,146,presion_sistolica cercana a 102.00 con radio ±27.78 => enfermedad_cardiovascular = no,no,triangular,presion_sistolica,1,0.14741922649021053,0.19407998750010744,0.709298788730807,1.4115398780712578,0.4156759572478533,4,2,3,"50, 100, 500","13, 55",1.0,alta,True,0
RD_0148,148,presion_sistolica cercana a 101.00 con radio ±37.21 => enfermedad_cardiovascular = no,no,gaussiana,presion_sistolica,1,0.14674600950349675,0.19605876198898295,0.7085670037905646,1.4100835896329644,0.4142050327448535,1,1,1,500,55,0.5,exploratoria,False,2
RD_0155,155,altura_cm cercana a 165.53 con radio ±5.10 Y presion_sistolica cercana a 102.18 con radio ±18.64 Y actividad_fisica = si => enfermedad_cardiovascular = no,no,gaussiana,"actividad_fisica, altura_cm, presion_sistolica",3,0.14547016855441489,0.019264322736359276,0.8450615845310578,1.6817145960817073,0.6885659990574027,1,1,1,500,55,0.5,exploratoria,False,2
RD_0157,157,edad_anios cercana a 41.84 con radio ±2.55 Y sexo = mujer Y colesterol = normal => enfermedad_cardiovascular = no,no,gaussiana,"colesterol, edad_anios, sexo",3,0.14489073245426043,0.02292315623356353,0.8440898772720828,1.6797808502927023,0.6866128186373525,1,1,1,500,13,0.5,exploratoria,False,2
RD_0159,159,presion_sistolica cercana a 102.00 con radio ±10.40 Y sexo = mujer Y colesterol = normal Y alcohol = no => enfermedad_cardiovascular = no,no,gaussiana,"alcohol, colesterol, presion_sistolica, sexo",4,0.14443541141608304,0.01788652325656869,0.9011804950512067,1.7933940200024014,0.8013678292486567,1,1,1,500,13,0.5,exploratoria,False,2
RD_0162,162,presion_sistolica cercana a 102.00 con radio ±12.59 Y glucosa = normal Y alcohol = no => enfermedad_cardiovascular = no,no,gaussiana,"alcohol, glucosa, presion_sistolica",3,0.14376189952399623,0.034374506048024896,0.8421922497611357,1.6760044771365887,0.6827984919821823,1,1,1,500,13,0.5,exploratoria,False,2
RD_0168,168,edad_anios cercana a 47.44 con radio ±6.64 Y presion_sistolica cercana a 103.92 con radio ±26.10 => enfermedad_cardiovascular = no,no,triangular,"edad_anios, presion_sistolica",2,0.1423041823802651,0.07631813579672046,0.7761457560340392,1.5445686687244564,0.5500417206714358,3,1,3,"50, 100, 500",55,0.5,exploratoria,False,2
RD_0169,169,presion_sistolica cercana a 94.00 con radio ±38.72 => enfermedad_cardiovascular = no,no,triangular,presion_sistolica,1,0.1421637087849,0.18318895099614618,0.7035546017242976,1.400108660147856,0.40412985271215607,1,1,1,500,55,0.5,exploratoria,False,2
RD_0171,171,presion_sistolica cercana a 102.00 con radio ±10.58 Y colesterol = normal Y fumador = no Y alcohol = no => enfermedad_cardiovascular = no,no,gaussiana,"alcohol, colesterol, fumador, presion_sistolica",4,0.14129806159251873,0.023262772989589335,0.8951486649399036,1.781390377989858,0.7892435476178968,2,1,2,"100, 500",13,0.5,exploratoria,False,2
RD_0175,175,edad_anios cercana a 40.25 con radio ±1.00 Y presion_sistolica cercana a 130.41 con radio ±26.67 => enfermedad_cardiovascular = no,no,triangular,"edad_anios, presion_sistolica",2,0.14079307995226734,0.01538919820499451,0.7739929907026578,1.5402845586122544,0.5457145541761966,1,1,1,500,13,0.5,exploratoria,False,2
RD_0181,181,edad_anios cercana a 47.44 con radio ±6.64 Y presion_sistolica cercana a 103.92 con radio ±26.10 => enfermedad_cardiovascular = no,no,gaussiana,"edad_anios, presion_sistolica",2,0.13931813290755882,0.04497638520678376,0.7718831490258102,1.5360858687080803,0.5414736663835382,3,1,3,"50, 100, 500",55,0.5,exploratoria,False,2
RD_0182,182,edad_anios cercana a 41.84 con radio ±2.55 Y sexo = mujer Y colesterol = normal => enfermedad_cardiovascular = no,no,triangular,"colesterol, edad_anios, sexo",3,0.13890344602038013,0.028976027146006642,0.833954401974583,1.6596107501981754,0.6662400039690112,1,1,1,500,13,0.5,exploratoria,False,2
RD_0188,188,presion_sistolica cercana a 102.00 con radio ±13.31 Y sexo = mujer Y colesterol = normal Y glucosa = normal => enfermedad_cardiovascular = no,no,gaussiana,"colesterol, glucosa, presion_sistolica, sexo",4,0.13707616313358414,0.02611614127492448,0.8869413703164378,1.7650574533660457,0.772746472997865,1,1,1,500,13,0.5,exploratoria,False,2
RD_0189,189,edad_anios cercana a 52.48 con radio ±2.30 Y presion_sistolica cercana a 102.00 con radio ±22.39 => enfermedad_cardiovascular = no,no,gaussiana,"edad_anios, presion_sistolica",2,0.13668245780988045,0.012971387977468227,0.7680914948330354,1.5285402882249461,0.5338522509206742,1,1,1,500,55,0.5,exploratoria,False,2
RD_0195,195,presion_sistolica cercana a 102.00 con radio ±9.46 Y colesterol = normal Y glucosa = normal Y fumador = no => enfermedad_cardiovascular = no,no,triangular,"colesterol, fumador, glucosa, presion_sistolica",4,0.1355847550720184,0.027229645139128195,0.8840166558389797,1.759237126047721,0.7668676499275974,1,1,1,500,13,0.5,exploratoria,False,2
RD_0196,196,edad_anios cercana a 41.25 con radio ±3.10 Y altura_cm cercana a 169.82 con radio ±9.71 => enfermedad_cardiovascular = no,no,gaussiana,"altura_cm, edad_anios",2,0.13537367074545426,0.020632369291992296,0.7661983139962597,1.5247727641716613,0.5300468623040396,1,1,1,500,13,0.5,exploratoria,False,2
RD_0202,202,edad_anios cercana a 41.25 con radio ±3.10 Y altura_cm cercana a 169.82 con radio ±9.71 => enfermedad_cardiovascular = no,no,triangular,"altura_cm, edad_anios",2,0.1339842196653423,0.029375592519770698,0.764180804641838,1.5207578201827623,0.5259915671192724,1,1,1,500,13,0.5,exploratoria,False,2
RD_0210,210,presion_sistolica cercana a 102.00 con radio ±12.18 Y colesterol = normal Y fumador = no Y alcohol = no => enfermedad_cardiovascular = no,no,gaussiana,"alcohol, colesterol, fumador, presion_sistolica",4,0.13240431688627768,0.029203068037014872,0.8777340786122307,1.7467344848004593,0.7542393539944336,1,1,1,500,13,0.5,exploratoria,False,2
RD_0213,213,edad_anios cercana a 52.17 con radio ±2.66 Y presion_sistolica cercana a 102.00 con radio ±16.57 Y sexo = mujer Y colesterol = normal => enfermedad_cardiovascular = no,no,triangular,"colesterol, edad_anios, presion_sistolica, sexo",4,0.13190353753407721,0.010424624427112466,0.876739098319081,1.7447544245155844,0.7522393936061931,1,1,1,500,55,0.5,exploratoria,False,2
RD_0221,221,presion_sistolica cercana a 104.94 con radio ±12.81 Y alcohol = no => enfermedad_cardiovascular = no,no,triangular,"alcohol, presion_sistolica",2,0.13023886800417056,0.070949742732588,0.7587025327518078,1.5098557865707618,0.5149799653302669,1,1,1,500,13,0.5,exploratoria,False,2
RD_0224,224,presion_sistolica cercana a 104.94 con radio ±12.81 Y alcohol = no => enfermedad_cardiovascular = no,no,gaussiana,"alcohol, presion_sistolica",2,0.1297511578066256,0.057775995996479854,0.7579848078890858,1.5084274783862406,0.5135373022896198,1,1,1,500,13,0.5,exploratoria,False,2
RD_0225,225,presion_sistolica cercana a 102.00 con radio ±12.59 Y glucosa = normal Y alcohol = no => enfermedad_cardiovascular = no,no,triangular,"alcohol, glucosa, presion_sistolica",3,0.12942774635012885,0.049193285874600194,0.8175430140278586,1.6269512716972312,0.6332522895032333,1,1,1,500,13,0.5,exploratoria,False,2
RD_0226,226,presion_sistolica cercana a 102.00 con radio ±13.80 Y colesterol = normal Y fumador = no Y actividad_fisica = si => enfermedad_cardiovascular = no,no,gaussiana,"actividad_fisica, colesterol, fumador, presion_sistolica",4,0.1294216677191662,0.029525904160201233,0.8717844156059564,1.734894359414839,0.7422802323737818,1,1,1,100,13,0.5,exploratoria,False,2
RD_0228,228,altura_cm cercana a 165.53 con radio ±5.10 Y presion_sistolica cercana a 102.18 con radio ±18.64 Y actividad_fisica = si => enfermedad_cardiovascular = no,no,triangular,"actividad_fisica, altura_cm, presion_sistolica",3,0.12911908971498492,0.030050871868772085,0.817000431756636,1.6258715059833553,0.6321616718726351,1,1,1,500,55,0.5,exploratoria,False,2
RD_0229,229,edad_anios cercana a 40.25 con radio ±1.00 Y presion_sistolica cercana a 130.41 con radio ±26.67 => enfermedad_cardiovascular = no,no,gaussiana,"edad_anios, presion_sistolica",2,0.12875521357614014,0.011273955408679303,0.7565159881313892,1.5055044539928144,0.5105849007666116,1,1,1,500,13,0.5,exploratoria,False,2
RD_0242,242,presion_diastolica cercana a 58.83 con radio ±14.48 Y fumador = no Y actividad_fisica = no => enfermedad_cardiovascular = no,no,gaussiana,"actividad_fisica, fumador, presion_diastolica",3,0.1259753371364759,0.010662845052572874,0.8114441479537134,1.6148142247835096,0.6209932622185196,1,1,1,500,13,0.5,exploratoria,False,2
RD_0243,243,presion_sistolica cercana a 102.00 con radio ±15.25 Y colesterol = normal Y fumador = no Y actividad_fisica = si => enfermedad_cardiovascular = no,no,gaussiana,"actividad_fisica, colesterol, fumador, presion_sistolica",4,0.12586009665975684,0.03479400394183062,0.8646043453348522,1.720605662357915,0.727847930321311,1,1,1,500,13,0.5,exploratoria,False,2
RD_0247,247,presion_sistolica cercana a 102.00 con radio ±14.32 Y colesterol = normal Y fumador = no Y alcohol = no => enfermedad_cardiovascular = no,no,gaussiana,"alcohol, colesterol, fumador, presion_sistolica",4,0.12449670254253115,0.037912677864099104,0.8618334177854375,1.7150913786774877,0.7222782267043971,2,2,1,500,"13, 55",1.0,alta,True,0
RD_0248,248,edad_anios cercana a 41.18 con radio ±2.71 Y sexo = mujer Y colesterol = normal Y alcohol = no => enfermedad_cardiovascular = no,no,triangular,"alcohol, colesterol, edad_anios, sexo",4,0.1242945283368351,0.02880068983789234,0.8614214527392094,1.7142715477397206,0.7214501562597175,1,1,1,50,55,0.5,exploratoria,False,2
RD_0253,253,edad_anios cercana a 51.48 con radio ±2.65 Y presion_sistolica cercana a 102.00 con radio ±17.79 Y colesterol = normal Y fumador = no => enfermedad_cardiovascular = no,no,triangular,"colesterol, edad_anios, fumador, presion_sistolica",4,0.1229330084952442,0.011631683824496957,0.8586398427961403,1.7087360055644585,0.7158589804947543,1,1,1,500,55,0.5,exploratoria,False,2
RD_0257,257,presion_sistolica cercana a 102.62 con radio ±13.87 Y sexo = mujer Y colesterol = normal Y fumador = no => enfermedad_cardiovascular = no,no,gaussiana,"colesterol, fumador, presion_sistolica, sexo",4,0.12259392421323437,0.031482064516180665,0.8579451038045556,1.707353440407076,0.714462520210162,1,1,1,500,55,0.5,exploratoria,False,2
RD_0258,258,presion_sistolica cercana a 102.00 con radio ±10.40 Y sexo = mujer Y colesterol = normal Y alcohol = no => enfermedad_cardiovascular = no,no,triangular,"alcohol, colesterol, presion_sistolica, sexo",4,0.12253337794711178,0.02713251657858232,0.8578209687608207,1.7071064054941707,0.714213002534313,1,1,1,500,13,0.5,exploratoria,False,2
RD_0261,261,presion_sistolica cercana a 102.00 con radio ±10.58 Y colesterol = normal Y fumador = no Y alcohol = no => enfermedad_cardiovascular = no,no,triangular,"alcohol, colesterol, fumador, presion_sistolica",4,0.12214429969892625,0.03503786191585776,0.8570226537250415,1.7055177188558042,0.7126083491960633,2,1,2,"100, 500",13,0.5,exploratoria,False,2
RD_0262,262,edad_anios cercana a 41.18 con radio ±2.71 Y sexo = mujer Y colesterol = normal Y alcohol = no => enfermedad_cardiovascular = no,no,gaussiana,"alcohol, colesterol, edad_anios, sexo",4,0.12209120277160455,0.023942410106657364,0.8569136272671212,1.7053007507803408,0.712389200536927,1,1,1,50,55,0.5,exploratoria,False,2
RD_0265,265,presion_sistolica cercana a 102.00 con radio ±13.31 Y sexo = mujer Y colesterol = normal Y glucosa = normal => enfermedad_cardiovascular = no,no,triangular,"colesterol, glucosa, presion_sistolica, sexo",4,0.12187812003402837,0.037632652594113726,0.8564758967399243,1.704429645253581,0.7115093401807524,1,1,1,500,13,0.5,exploratoria,False,2
RD_0267,267,presion_sistolica cercana a 102.00 con radio ±25.23 Y fumador = no => enfermedad_cardiovascular = no,no,gaussiana,"fumador, presion_sistolica",2,0.12132478194369507,0.11249289268727974,0.7454198084170712,1.4834225043125797,0.4882810219438618,1,1,1,500,55,0.5,exploratoria,False,2
RD_0268,268,presion_sistolica cercana a 101.00 con radio ±37.21 => enfermedad_cardiovascular = no,no,triangular,presion_sistolica,1,0.12120351971255564,0.24994288552784685,0.6798804522709426,1.352995924917299,0.35654362265516115,1,1,1,500,55,0.5,exploratoria,False,2
RD_0273,273,peso_kg cercana a 55.65 con radio ±9.70 Y presion_diastolica cercana a 62.20 con radio ±12.32 Y fumador = no Y actividad_fisica = si => enfermedad_cardiovascular = no,no,triangular,"actividad_fisica, fumador, peso_kg, presion_diastolica",4,0.12052320768454779,0.01656840228273873,0.8536850932800252,1.6988758075224384,0.7058996849849752,1,1,1,500,55,0.5,exploratoria,False,2
RD_0274,274,presion_sistolica cercana a 102.00 con radio ±13.80 Y colesterol = normal Y fumador = no Y actividad_fisica = si => enfermedad_cardiovascular = no,no,triangular,"actividad_fisica, colesterol, fumador, presion_sistolica",4,0.12031796230443192,0.04323051023705806,0.8532612073145104,1.6980322533622099,0.7050476528934883,2,1,2,"100, 500",13,0.5,exploratoria,False,2
RD_0279,279,presion_sistolica cercana a 111.46 con radio ±24.60 => enfermedad_cardiovascular = no,no,gaussiana,presion_sistolica,1,0.11945370658026984,0.25996699426324127,0.6778446560229845,1.3489445891004668,0.3524515698954463,2,2,1,500,"13, 55",1.0,alta,True,0
RD_0280,280,altura_cm cercana a 158.34 con radio ±5.48 Y presion_sistolica cercana a 105.93 con radio ±17.95 => enfermedad_cardiovascular = no,no,gaussiana,"altura_cm, presion_sistolica",2,0.11929100546040355,0.028370652236276165,0.742338981906184,1.4772915062809633,0.48208840584157586,1,1,1,500,55,0.5,exploratoria,False,2
RD_0285,285,edad_anios cercana a 51.06 con radio ±5.83 Y presion_sistolica cercana a 106.91 con radio ±8.24 => enfermedad_cardiovascular = no,no,gaussiana,"edad_anios, presion_sistolica",2,0.11852398664546988,0.01566664403933137,0.7411720474405737,1.4749692486379578,0.4797428089257764,2,1,2,"100, 500",13,0.5,exploratoria,False,2
RD_0288,288,edad_anios cercana a 51.35 con radio ±2.65 Y presion_sistolica cercana a 102.00 con radio ±22.99 Y sexo = mujer Y glucosa = normal => enfermedad_cardiovascular = no,no,triangular,"edad_anios, glucosa, presion_sistolica, sexo",4,0.11824700257898682,0.020217166525870384,0.8489673089473231,1.6894871819847228,0.6964167014016545,1,1,1,500,55,0.5,exploratoria,False,2
RD_0290,290,presion_sistolica cercana a 102.55 con radio ±9.63 Y sexo = mujer Y glucosa = normal Y fumador = no => enfermedad_cardiovascular = no,no,gaussiana,"fumador, glucosa, presion_sistolica, sexo",4,0.11807327701775333,0.018813431899963536,0.8486057056575766,1.688767573447914,0.6956898606182446,1,1,1,500,13,0.5,exploratoria,False,2
RD_0294,294,edad_anios cercana a 51.35 con radio ±2.65 Y presion_sistolica cercana a 102.00 con radio ±22.99 Y sexo = mujer Y glucosa = normal => enfermedad_cardiovascular = no,no,gaussiana,"edad_anios, glucosa, presion_sistolica, sexo",4,0.117460479249751,0.011319094484433165,0.8473284383231419,1.6862257479067502,0.6931224890917425,1,1,1,500,55,0.5,exploratoria,False,2
RD_0295,295,presion_sistolica cercana a 102.00 con radio ±12.18 Y colesterol = normal Y fumador = no Y alcohol = no => enfermedad_cardiovascular = no,no,triangular,"alcohol, colesterol, fumador, presion_sistolica",4,0.11739124226548076,0.043179782165970994,0.8471839540883565,1.6859382170912567,0.6928320685193095,1,1,1,500,13,0.5,exploratoria,False,2
RD_0303,303,altura_cm cercana a 161.63 con radio ±6.12 Y presion_sistolica cercana a 102.00 con radio ±13.30 Y colesterol = normal Y alcohol = no => enfermedad_cardiovascular = no,no,triangular,"alcohol, altura_cm, colesterol, presion_sistolica",4,0.11641288048441362,0.02060713358463793,0.8451385440088728,1.6818677492713887,0.6887206914751212,1,1,1,500,13,0.5,exploratoria,False,2
RD_0304,304,edad_anios cercana a 51.06 con radio ±5.83 Y presion_sistolica cercana a 106.91 con radio ±8.24 => enfermedad_cardiovascular = no,no,triangular,"edad_anios, presion_sistolica",2,0.11637253136775967,0.022912119564612154,0.7378839132925091,1.4684256980945456,0.4731334940552948,2,1,2,"100, 500",13,0.5,exploratoria,False,2
RD_0310,310,altura_cm cercana a 161.06 con radio ±6.35 Y presion_sistolica cercana a 102.00 con radio ±12.70 Y colesterol = normal Y alcohol = no => enfermedad_cardiovascular = no,no,triangular,"alcohol, altura_cm, colesterol, presion_sistolica",4,0.11573569103103674,0.02032910947575603,0.8437186438451438,1.679042077303769,0.685866620794259,1,1,1,500,13,0.5,exploratoria,False,2
RD_0311,311,presion_sistolica cercana a 102.00 con radio ±14.32 Y colesterol = normal Y fumador = no Y alcohol = no => enfermedad_cardiovascular = no,no,triangular,"alcohol, colesterol, fumador, presion_sistolica",4,0.11571963160627884,0.053085705036434505,0.8436849298620217,1.6789749848000435,0.6857988539940135,2,2,1,500,"13, 55",1.0,alta,True,0
RD_0313,313,altura_cm cercana a 161.34 con radio ±5.68 Y presion_sistolica cercana a 102.00 con radio ±10.60 Y colesterol = normal Y fumador = no => enfermedad_cardiovascular = no,no,triangular,"altura_cm, colesterol, fumador, presion_sistolica",4,0.11557497603055288,0.013625165187674846,0.8433811639966269,1.678370475615178,0.6851882693399536,1,1,1,100,13,0.5,exploratoria,False,2
RD_0320,320,altura_cm cercana a 157.98 con radio ±6.36 Y presion_sistolica cercana a 102.00 con radio ±13.82 Y colesterol = normal Y glucosa = normal => enfermedad_cardiovascular = no,no,triangular,"altura_cm, colesterol, glucosa, presion_sistolica",4,0.11484601336639116,0.017906825331834963,0.8418480195944599,1.6753194419790247,0.6821065720491656,1,1,1,500,13,0.5,exploratoria,False,2
RD_0323,323,presion_sistolica cercana a 102.62 con radio ±13.87 Y sexo = mujer Y colesterol = normal Y fumador = no => enfermedad_cardiovascular = no,no,triangular,"colesterol, fumador, presion_sistolica, sexo",4,0.11451917483365358,0.04318681220020157,0.8411593234546418,1.6739489023972973,0.6807222582002851,1,1,1,500,55,0.5,exploratoria,False,2
RD_0329,329,altura_cm cercana a 161.20 con radio ±6.64 Y presion_sistolica cercana a 102.00 con radio ±9.35 Y glucosa = normal Y alcohol = no => enfermedad_cardiovascular = no,no,triangular,"alcohol, altura_cm, glucosa, presion_sistolica",4,0.11311035830774259,0.012145977703624116,0.838181494120489,1.66802287387162,0.674736671598973,1,1,1,500,13,0.5,exploratoria,False,2
RD_0335,335,altura_cm cercana a 159.94 con radio ±6.74 Y presion_sistolica cercana a 102.00 con radio ±10.71 Y sexo = mujer => enfermedad_cardiovascular = no,no,triangular,"altura_cm, presion_sistolica, sexo",3,0.11129137430814051,0.017399558499005794,0.784725770183801,1.5616433237488578,0.5672879802689467,1,1,1,500,13,0.5,exploratoria,False,2
RD_0340,340,altura_cm cercana a 158.78 con radio ±5.48 Y presion_sistolica cercana a 102.00 con radio ±28.00 => enfermedad_cardiovascular = no,no,gaussiana,"altura_cm, presion_sistolica",2,0.11063619560185045,0.03715347772394824,0.7290063023506459,1.4507588106480518,0.4552890499510471,1,1,1,500,55,0.5,exploratoria,False,2
RD_0344,344,edad_anios cercana a 39.94 con radio ±4.33 Y actividad_fisica = no => enfermedad_cardiovascular = no,no,triangular,"actividad_fisica, edad_anios",2,0.10962022955909106,0.010745131238853622,0.7274167303759718,1.4475954833352673,0.4520939304039634,3,1,3,"50, 100, 500",55,0.5,exploratoria,False,2
RD_0345,345,presion_diastolica cercana a 58.83 con radio ±14.48 Y fumador = no Y actividad_fisica = no => enfermedad_cardiovascular = no,no,triangular,"actividad_fisica, fumador, presion_diastolica",3,0.10961338274307611,0.012839229249019474,0.7815868685644262,1.5553967533620423,0.5609786302802536,1,1,1,500,13,0.5,exploratoria,False,2
RD_0347,347,presion_sistolica cercana a 102.55 con radio ±9.63 Y sexo = mujer Y glucosa = normal Y fumador = no => enfermedad_cardiovascular = no,no,triangular,"fumador, glucosa, presion_sistolica, sexo",4,0.10941138104881898,0.02876776745893213,0.8302900442619985,1.6523184960437782,0.6588744608281377,1,1,1,500,13,0.5,exploratoria,False,2
RD_0348,348,presion_sistolica cercana a 102.00 con radio ±20.60 Y colesterol = normal Y glucosa = normal Y fumador = no => enfermedad_cardiovascular = no,no,gaussiana,"colesterol, fumador, glucosa, presion_sistolica",4,0.10940163215583726,0.064820250698639,0.8302691037328951,1.652276823349045,0.658832369312352,1,1,1,500,55,0.5,exploratoria,False,2
RD_0353,353,altura_cm cercana a 161.22 con radio ±5.72 Y presion_sistolica cercana a 102.00 con radio ±12.25 Y glucosa = normal Y fumador = no => enfermedad_cardiovascular = no,no,triangular,"altura_cm, fumador, glucosa, presion_sistolica",4,0.10864841815995126,0.017814748281337247,0.8286489112155293,1.6490525596328942,0.6555757009357374,1,1,1,500,13,0.5,exploratoria,False,2
RD_0356,356,presion_sistolica cercana a 111.46 con radio ±24.60 => enfermedad_cardiovascular = no,no,triangular,presion_sistolica,1,0.10830249302487766,0.28946418891224596,0.6646354654674657,1.3226576427213248,0.32590043310043354,2,2,1,500,"13, 55",1.0,alta,True,0
RD_0357,357,altura_cm cercana a 161.06 con radio ±6.35 Y presion_sistolica cercana a 102.00 con radio ±12.70 Y colesterol = normal Y alcohol = no => enfermedad_cardiovascular = no,no,gaussiana,"alcohol, altura_cm, colesterol, presion_sistolica",4,0.10822555140548798,0.010049805642167758,0.8277373126280849,1.6472384330907164,0.6537433419659999,1,1,1,500,13,0.5,exploratoria,False,2
RD_0359,359,altura_cm cercana a 162.00 con radio ±6.28 Y presion_sistolica cercana a 102.00 con radio ±10.01 Y fumador = no => enfermedad_cardiovascular = no,no,triangular,"altura_cm, fumador, presion_sistolica",3,0.10810728451122943,0.015869900056342468,0.7787536101083542,1.549758428076327,0.5552836384087522,1,1,1,500,13,0.5,exploratoria,False,2
RD_0360,360,presion_sistolica cercana a 102.00 con radio ±20.17 Y colesterol = normal Y glucosa = normal Y alcohol = no => enfermedad_cardiovascular = no,no,gaussiana,"alcohol, colesterol, glucosa, presion_sistolica",4,0.1080821837725698,0.0631946067558578,0.8274279192526102,1.6466227248808165,0.6531214457338899,1,1,1,500,55,0.5,exploratoria,False,2
RD_0361,361,altura_cm cercana a 161.63 con radio ±6.12 Y presion_sistolica cercana a 102.00 con radio ±13.30 Y colesterol = normal Y alcohol = no => enfermedad_cardiovascular = no,no,gaussiana,"alcohol, altura_cm, colesterol, presion_sistolica",4,0.10801538164276447,0.01071651586819679,0.8272837006949998,1.646335722776119,0.6528315591859293,1,1,1,500,13,0.5,exploratoria,False,2
RD_0362,362,presion_sistolica cercana a 102.00 con radio ±28.00 Y sexo = mujer Y glucosa = normal => enfermedad_cardiovascular = no,no,gaussiana,"glucosa, presion_sistolica, sexo",3,0.10788610587265433,0.09302954103012573,0.7783362483375772,1.5489278573882135,0.5544447202765371,1,1,1,500,55,0.5,exploratoria,False,2
RD_0364,364,edad_anios cercana a 51.98 con radio ±2.92 Y presion_sistolica cercana a 102.00 con radio ±28.00 Y glucosa = normal => enfermedad_cardiovascular = no,no,gaussiana,"edad_anios, glucosa, presion_sistolica",3,0.10758522613188766,0.020593343616226018,0.7777679602847907,1.547796935890131,0.5533024327332476,1,1,1,500,55,0.5,exploratoria,False,2
RD_0366,366,peso_kg cercana a 59.95 con radio ±10.72 Y presion_diastolica cercana a 60.76 con radio ±13.57 Y colesterol = normal Y alcohol = no => enfermedad_cardiovascular = no,no,triangular,"alcohol, colesterol, peso_kg, presion_diastolica",4,0.10732130040147439,0.025315359284155434,0.825783112404035,1.6433494774209654,0.6498153013146433,1,1,1,500,13,0.5,exploratoria,False,2
RD_0371,371,altura_cm cercana a 160.85 con radio ±5.51 Y presion_sistolica cercana a 102.00 con radio ±11.02 Y glucosa = normal Y fumador = no => enfermedad_cardiovascular = no,no,triangular,"altura_cm, fumador, glucosa, presion_sistolica",4,0.10661476297803377,0.014899213950054427,0.824251557945403,1.6403016078515482,0.6467367998902572,1,1,1,100,13,0.5,exploratoria,False,2
RD_0372,372,edad_anios cercana a 52.48 con radio ±2.30 Y presion_sistolica cercana a 102.00 con radio ±22.39 => enfermedad_cardiovascular = no,no,triangular,"edad_anios, presion_sistolica",2,0.10651455181679256,0.023740667946412983,0.722524369223028,1.4378594412398569,0.4422600386392523,1,1,1,500,55,0.5,exploratoria,False,2
RD_0384,384,altura_cm cercana a 158.34 con radio ±5.48 Y presion_sistolica cercana a 105.93 con radio ±17.95 => enfermedad_cardiovascular = no,no,triangular,"altura_cm, presion_sistolica",2,0.10516992804945935,0.046563750991981186,0.7203903629126555,1.4336126625127474,0.4379705787189055,1,1,1,500,55,0.5,exploratoria,False,2
RD_0385,385,presion_sistolica cercana a 106.00 con radio ±11.94 Y colesterol = normal Y glucosa = normal Y fumador = no => enfermedad_cardiovascular = no,no,triangular,"colesterol, fumador, glucosa, presion_sistolica",4,0.1051206786864468,0.05719990663643877,0.8209992876103808,1.6338294280803598,0.6401995730861926,1,1,1,500,13,0.5,exploratoria,False,2
RD_0386,386,presion_sistolica cercana a 102.00 con radio ±10.38 Y sexo = mujer Y fumador = no Y alcohol = no => enfermedad_cardiovascular = no,no,gaussiana,"alcohol, fumador, presion_sistolica, sexo",4,0.10456665370421439,0.022630581707843704,0.8197885770457738,1.6314200538224355,0.6377659840116057,1,1,1,500,13,0.5,exploratoria,False,2
RD_0390,390,presion_sistolica cercana a 102.00 con radio ±23.69 Y sexo = mujer Y colesterol = normal Y glucosa = normal => enfermedad_cardiovascular = no,no,gaussiana,"colesterol, glucosa, presion_sistolica, sexo",4,0.10448784331630784,0.06413081764446704,0.8196161432116763,1.6310769019137838,0.6374193833400529,1,1,1,500,55,0.5,exploratoria,False,2
RD_0395,395,altura_cm cercana a 160.55 con radio ±5.64 Y presion_sistolica cercana a 102.00 con radio ±12.10 Y glucosa = normal Y fumador = no => enfermedad_cardiovascular = no,no,triangular,"altura_cm, fumador, glucosa, presion_sistolica",4,0.10375385751928617,0.017089898205028868,0.8180076934451127,1.627876006855946,0.6341863184826386,1,1,1,500,13,0.5,exploratoria,False,2
RD_0397,397,edad_anios cercana a 51.44 con radio ±2.41 Y presion_sistolica cercana a 102.00 con radio ±28.00 Y glucosa = normal Y fumador = no => enfermedad_cardiovascular = no,no,gaussiana,"edad_anios, fumador, glucosa, presion_sistolica",4,0.1034726812439941,0.015850614158652927,0.8173903157296213,1.6266473944868087,0.6329453582504951,1,1,1,500,55,0.5,exploratoria,False,2
RD_0398,398,altura_cm cercana a 160.35 con radio ±5.65 Y presion_sistolica cercana a 102.00 con radio ±16.55 Y glucosa = normal Y fumador = no => enfermedad_cardiovascular = no,no,triangular,"altura_cm, fumador, glucosa, presion_sistolica",4,0.10341437664690392,0.023453603493820793,0.8172622122438468,1.6263924621768096,0.6326878638067273,1,1,1,500,55,0.5,exploratoria,False,2
RD_0402,402,presion_sistolica cercana a 102.00 con radio ±25.23 Y fumador = no => enfermedad_cardiovascular = no,no,triangular,"fumador, presion_sistolica",2,0.1027550527781933,0.16162335367176706,0.7165332242531999,1.425936764682985,0.4302175361873365,1,1,1,500,55,0.5,exploratoria,False,2
RD_0403,403,altura_cm cercana a 161.01 con radio ±5.48 Y presion_sistolica cercana a 102.00 con radio ±11.02 Y sexo = mujer Y colesterol = normal => enfermedad_cardiovascular = no,no,triangular,"altura_cm, colesterol, presion_sistolica, sexo",4,0.10254978186402473,0.012026720256421108,0.8153591604350717,1.6226052943981528,0.6288626340403453,1,1,1,500,13,0.5,exploratoria,False,2
RD_0405,405,edad_anios cercana a 51.41 con radio ±2.87 Y altura_cm cercana a 159.45 con radio ±5.99 Y presion_sistolica cercana a 104.07 con radio ±28.00 Y sexo = mujer => enfermedad_cardiovascular = no,no,gaussiana,"altura_cm, edad_anios, presion_sistolica, sexo",4,0.10234675663605751,0.010238842507274715,0.814911351905728,1.6217141331457277,0.6279625163934233,1,1,1,500,55,0.5,exploratoria,False,2
RD_0408,408,presion_sistolica cercana a 106.00 con radio ±11.94 Y colesterol = normal Y glucosa = normal Y fumador = no => enfermedad_cardiovascular = no,no,gaussiana,"colesterol, fumador, glucosa, presion_sistolica",4,0.10176792353454654,0.04885639332499511,0.8136326742460906,1.6191695009872453,0.6253923100423933,1,1,1,500,13,0.5,exploratoria,False,2
RD_0411,411,edad_anios cercana a 51.44 con radio ±2.41 Y presion_sistolica cercana a 102.00 con radio ±28.00 Y glucosa = normal Y fumador = no => enfermedad_cardiovascular = no,no,triangular,"edad_anios, fumador, glucosa, presion_sistolica",4,0.10151250908616637,0.0281474814111899,0.8130675227347745,1.6180448213627354,0.6242563271050743,1,1,1,500,55,0.5,exploratoria,False,2
RD_0414,414,presion_sistolica cercana a 98.31 con radio ±25.37 Y glucosa = normal Y fumador = no Y alcohol = no => enfermedad_cardiovascular = no,no,gaussiana,"alcohol, fumador, glucosa, presion_sistolica",4,0.10103306741026866,0.06829536883018346,0.8120051316600172,1.615930610268691,0.6221208676583261,1,1,1,500,55,0.5,exploratoria,False,2
RD_0415,415,altura_cm cercana a 158.78 con radio ±5.48 Y presion_sistolica cercana a 102.00 con radio ±28.00 => enfermedad_cardiovascular = no,no,triangular,"altura_cm, presion_sistolica",2,0.10078888539474662,0.06152969910776844,0.7133690041013887,1.4196398091569926,0.42385729467615824,1,1,1,500,55,0.5,exploratoria,False,2
RD_0418,418,edad_anios cercana a 51.20 con radio ±2.95 Y presion_sistolica cercana a 115.34 con radio ±15.89 Y sexo = mujer Y glucosa = normal => enfermedad_cardiovascular = no,no,gaussiana,"edad_anios, glucosa, presion_sistolica, sexo",4,0.10052439087446526,0.026343895384528478,0.8108757542324444,1.6136830929998895,0.6198507622762702,1,1,1,50,13,0.5,exploratoria,False,2
RD_0423,423,peso_kg cercana a 59.95 con radio ±10.72 Y presion_diastolica cercana a 60.76 con radio ±13.57 Y colesterol = normal Y alcohol = no => enfermedad_cardiovascular = no,no,gaussiana,"alcohol, colesterol, peso_kg, presion_diastolica",4,0.0997469844053739,0.013397788553200186,0.8091453183244752,1.6102394394516921,0.6163724991446738,1,1,1,500,13,0.5,exploratoria,False,2
RD_0427,427,presion_sistolica cercana a 99.11 con radio ±37.12 Y fumador = si => enfermedad_cardiovascular = no,no,gaussiana,"fumador, presion_sistolica",2,0.09932835606362653,0.011465231005803198,0.7110044278470438,1.4149341847702366,0.4191043775819976,1,1,1,500,55,0.5,exploratoria,False,2
RD_0437,437,edad_anios cercana a 51.58 con radio ±2.27 Y presion_sistolica cercana a 102.00 con radio ±24.54 Y presion_diastolica cercana a 84.08 con radio ±7.98 Y glucosa = normal => enfermedad_cardiovascular = no,no,triangular,"edad_anios, glucosa, presion_diastolica, presion_sistolica",4,0.0983961305871549,0.013966735899262858,0.806125605280632,1.6042300602599644,0.610302724182175,1,1,1,500,55,0.5,exploratoria,False,2
RD_0443,443,edad_anios cercana a 51.98 con radio ±2.92 Y presion_sistolica cercana a 102.00 con radio ±28.00 Y glucosa = normal => enfermedad_cardiovascular = no,no,triangular,"edad_anios, glucosa, presion_sistolica",3,0.09702374279258343,0.03790839587412286,0.7574157936459565,1.507295111733247,0.5123935550672493,1,1,1,500,55,0.5,exploratoria,False,2
RD_0444,444,altura_cm cercana a 160.16 con radio ±6.10 Y presion_sistolica cercana a 102.00 con radio ±19.45 Y colesterol = normal Y fumador = no => enfermedad_cardiovascular = no,no,triangular,"altura_cm, colesterol, fumador, presion_sistolica",4,0.09690868574679568,0.0345445850823421,0.802781430015692,1.597574985105855,0.6035807638506373,1,1,1,500,55,0.5,exploratoria,False,2
RD_0445,445,altura_cm cercana a 160.16 con radio ±6.10 Y presion_sistolica cercana a 102.00 con radio ±19.45 Y colesterol = normal Y fumador = no => enfermedad_cardiovascular = no,no,gaussiana,"altura_cm, colesterol, fumador, presion_sistolica",4,0.09685751636631983,0.0190359122438024,0.802666026663372,1.5973453266932778,0.6033487973133105,1,1,1,500,55,0.5,exploratoria,False,2
RD_0447,447,edad_anios cercana a 51.20 con radio ±2.95 Y presion_sistolica cercana a 115.34 con radio ±15.89 Y sexo = mujer Y glucosa = normal => enfermedad_cardiovascular = no,no,triangular,"edad_anios, glucosa, presion_sistolica, sexo",4,0.09677385339632283,0.0328935853911565,0.8024772878072647,1.5969697269796315,0.6029694227281702,1,1,1,50,13,0.5,exploratoria,False,2
RD_0449,449,peso_kg cercana a 47.52 con radio ±17.23 => enfermedad_cardiovascular = no,no,gaussiana,peso_kg,1,0.09667263032129371,0.039923700309137854,0.6503938708907945,1.2943161609767055,0.2972741123433056,1,1,1,500,55,0.5,exploratoria,False,2
RD_0451,451,altura_cm cercana a 160.35 con radio ±5.65 Y presion_sistolica cercana a 102.00 con radio ±16.55 Y glucosa = normal Y fumador = no => enfermedad_cardiovascular = no,no,gaussiana,"altura_cm, fumador, glucosa, presion_sistolica",4,0.09610388930748534,0.01382443852122185,0.8009635500898352,1.5939573136116125,0.599926733848915,1,1,1,500,55,0.5,exploratoria,False,2
RD_0453,453,edad_anios cercana a 51.47 con radio ±2.47 Y presion_sistolica cercana a 112.27 con radio ±14.09 Y colesterol = normal Y fumador = no => enfermedad_cardiovascular = no,no,triangular,"colesterol, edad_anios, fumador, presion_sistolica",4,0.0958923724027228,0.02730855471182877,0.8004847757123296,1.5930045287807555,0.5989643732911147,1,1,1,500,13,0.5,exploratoria,False,2
RD_0455,455,altura_cm cercana a 160.73 con radio ±5.71 Y presion_sistolica cercana a 108.71 con radio ±11.64 Y colesterol = normal Y fumador = no => enfermedad_cardiovascular = no,no,triangular,"altura_cm, colesterol, fumador, presion_sistolica",4,0.09565256153585946,0.026818057212842354,0.7999414518383263,1.5919232872404505,0.597872265001661,1,1,1,500,13,0.5,exploratoria,False,2
RD_0457,457,edad_anios cercana a 52.11 con radio ±2.34 Y altura_cm cercana a 158.35 con radio ±6.32 Y presion_sistolica cercana a 102.00 con radio ±28.00 Y colesterol = normal => enfermedad_cardiovascular = no,no,triangular,"altura_cm, colesterol, edad_anios, presion_sistolica",4,0.09535681472690087,0.011118626238894386,0.799270655754111,1.5905883696599226,0.5965239311640423,1,1,1,500,55,0.5,exploratoria,False,2
RD_0461,461,edad_anios cercana a 51.70 con radio ±2.95 Y presion_sistolica cercana a 109.08 con radio ±13.53 Y glucosa = normal Y fumador = no => enfermedad_cardiovascular = no,no,gaussiana,"edad_anios, fumador, glucosa, presion_sistolica",4,0.094737563960067,0.01264815704702686,0.797863440056743,1.587787940411429,0.593695356897976,1,1,1,100,13,0.5,exploratoria,False,2
RD_0463,463,edad_anios cercana a 51.47 con radio ±2.47 Y presion_sistolica cercana a 112.27 con radio ±14.09 Y colesterol = normal Y fumador = no => enfermedad_cardiovascular = no,no,gaussiana,"colesterol, edad_anios, fumador, presion_sistolica",4,0.09455877229841989,0.016740430771955774,0.797456470661342,1.5869780510673472,0.5928773279624965,1,1,1,500,13,0.5,exploratoria,False,2
RD_0464,464,altura_cm cercana a 158.22 con radio ±5.89 Y presion_sistolica cercana a 102.00 con radio ±25.10 Y colesterol = normal Y alcohol = no => enfermedad_cardiovascular = no,no,gaussiana,"alcohol, altura_cm, colesterol, presion_sistolica",4,0.09433823826077559,0.027784251407134142,0.7969540683132931,1.5859782453995883,0.591867473996569,1,1,1,500,55,0.5,exploratoria,False,2
RD_0466,466,edad_anios cercana a 43.26 con radio ±1.57 Y sexo = mujer Y colesterol = normal Y glucosa = normal => enfermedad_cardiovascular = no,no,gaussiana,"colesterol, edad_anios, glucosa, sexo",4,0.09410507189633252,0.011272001529031869,0.7964223845189952,1.5849201681970055,0.5907987628522516,1,1,1,50,55,0.5,exploratoria,False,2
RD_0469,469,edad_anios cercana a 52.89 con radio ±5.93 Y presion_diastolica cercana a 63.17 con radio ±15.29 Y fumador = no => enfermedad_cardiovascular = no,no,gaussiana,"edad_anios, fumador, presion_diastolica",3,0.09390407718165329,0.022429157263685728,0.7512456760727937,1.4950162707916295,0.4999913086890326,1,1,1,500,13,0.5,exploratoria,False,2
RD_0470,470,altura_cm cercana a 158.85 con radio ±6.27 Y presion_sistolica cercana a 102.00 con radio ±13.58 Y sexo = mujer Y fumador = no => enfermedad_cardiovascular = no,no,gaussiana,"altura_cm, fumador, presion_sistolica, sexo",4,0.09379472863024708,0.012487486668300268,0.7957139106201068,1.58351026989076,0.5893746947137825,1,1,1,500,13,0.5,exploratoria,False,2
RD_0474,474,presion_sistolica cercana a 102.00 con radio ±10.38 Y sexo = mujer Y fumador = no Y alcohol = no => enfermedad_cardiovascular = no,no,triangular,"alcohol, fumador, presion_sistolica, sexo",4,0.09335514372858734,0.03293198251542555,0.7947088140097288,1.5815100776313014,0.5873544000195554,1,1,1,500,13,0.5,exploratoria,False,2
RD_0475,475,presion_sistolica cercana a 102.00 con radio ±20.60 Y colesterol = normal Y glucosa = normal Y fumador = no => enfermedad_cardiovascular = no,no,triangular,"colesterol, fumador, glucosa, presion_sistolica",4,0.09326760016507436,0.09230196235033283,0.7945084264515576,1.5811112964210103,0.5869516109579048,1,1,1,500,55,0.5,exploratoria,False,2
RD_0476,476,presion_sistolica cercana a 102.00 con radio ±20.17 Y colesterol = normal Y glucosa = normal Y alcohol = no => enfermedad_cardiovascular = no,no,triangular,"alcohol, colesterol, glucosa, presion_sistolica",4,0.09310965097527661,0.0889814547096058,0.7941466930282414,1.5803914289119232,0.5862245085994802,1,1,1,500,55,0.5,exploratoria,False,2
RD_0477,477,presion_sistolica cercana a 105.16 con radio ±17.67 Y sexo = mujer Y colesterol = normal Y actividad_fisica = no => enfermedad_cardiovascular = no,no,gaussiana,"actividad_fisica, colesterol, presion_sistolica, sexo",4,0.09307452198188285,0.010492880509957208,0.794066208241734,1.5802312601825554,0.5860627301341388,1,1,1,50,13,0.5,exploratoria,False,2
RD_0478,478,presion_sistolica cercana a 102.00 con radio ±28.00 Y sexo = mujer Y glucosa = normal => enfermedad_cardiovascular = no,no,triangular,"glucosa, presion_sistolica, sexo",3,0.09305272610963193,0.12601785714285724,0.7495485926712693,1.4916389903905858,0.49658008577139556,1,1,1,500,55,0.5,exploratoria,False,2
RD_0479,479,altura_cm cercana a 158.45 con radio ±5.44 Y presion_sistolica cercana a 110.86 con radio ±20.93 Y colesterol = normal => enfermedad_cardiovascular = no,no,gaussiana,"altura_cm, colesterol, presion_sistolica",3,0.09302689213086432,0.04200834790060849,0.7494970048484185,1.4915363280565543,0.49647639165511265,1,1,1,500,55,0.5,exploratoria,False,2
RD_0480,480,presion_sistolica cercana a 106.42 con radio ±11.02 Y presion_diastolica cercana a 82.77 con radio ±6.15 Y colesterol = normal => enfermedad_cardiovascular = no,no,triangular,"colesterol, presion_diastolica, presion_sistolica",3,0.09289152949608223,0.012948012162520221,0.7492266120986041,1.4909982330320481,0.4959328886404103,1,1,1,500,13,0.5,exploratoria,False,2
RD_0485,485,presion_sistolica cercana a 113.72 con radio ±15.81 Y glucosa = normal => enfermedad_cardiovascular = no,no,gaussiana,"glucosa, presion_sistolica",2,0.0922227373553219,0.1799497688721006,0.6993225365415938,1.3916866398837688,0.3956231890283293,1,1,1,500,55,0.5,exploratoria,False,2
RD_0488,488,presion_sistolica cercana a 102.00 con radio ±21.04 Y colesterol = normal Y fumador = no Y actividad_fisica = no => enfermedad_cardiovascular = no,no,gaussiana,"actividad_fisica, colesterol, fumador, presion_sistolica",4,0.09214703513481876,0.013180471762935447,0.7919368894266455,1.5759938098042698,0.5817826923148655,1,1,1,500,55,0.5,exploratoria,False,2
RD_0492,492,peso_kg cercana a 47.52 con radio ±17.23 => enfermedad_cardiovascular = no,no,triangular,peso_kg,1,0.09161534264108197,0.056554878038601604,0.6440398018379252,1.2816712474386573,0.2845021142470859,1,1,1,500,55,0.5,exploratoria,False,2
RD_0493,493,presion_sistolica cercana a 107.65 con radio ±23.20 Y sexo = mujer Y glucosa = normal => enfermedad_cardiovascular = no,no,gaussiana,"glucosa, presion_sistolica, sexo",3,0.09161097981946792,0.11633285086243475,0.7466613566933454,1.4858932471509363,0.4907765963685336,1,1,1,500,55,0.5,exploratoria,False,2
RD_0495,495,edad_anios cercana a 51.72 con radio ±2.83 Y altura_cm cercana a 160.34 con radio ±6.18 Y presion_sistolica cercana a 102.00 con radio ±23.06 Y sexo = mujer => enfermedad_cardiovascular = no,no,triangular,"altura_cm, edad_anios, presion_sistolica, sexo",4,0.09124113329260228,0.016165230531672813,0.7898489988529018,1.571838803687367,0.5775859273425162,1,1,1,500,55,0.5,exploratoria,False,2
RD_0496,496,presion_sistolica cercana a 102.00 con radio ±28.00 Y colesterol = normal Y glucosa = normal Y fumador = no => enfermedad_cardiovascular = no,no,gaussiana,"colesterol, fumador, glucosa, presion_sistolica",4,0.09110037774586882,0.10582642563537643,0.7895238635145205,1.5711917681881007,0.5769323889739106,1,1,1,500,55,0.5,exploratoria,False,2
RD_0498,498,presion_sistolica cercana a 102.00 con radio ±15.43 Y glucosa = normal Y alcohol = no Y actividad_fisica = no => enfermedad_cardiovascular = no,no,triangular,"actividad_fisica, alcohol, glucosa, presion_sistolica",4,0.09063934646468201,0.011911372214584645,0.7884575360890765,1.5690697235603515,0.5747890172644755,2,2,1,500,"13, 55",1.0,alta,True,0
RD_0500,500,edad_anios cercana a 52.89 con radio ±5.93 Y presion_diastolica cercana a 63.17 con radio ±15.29 Y fumador = no => enfermedad_cardiovascular = no,no,triangular,"edad_anios, fumador, presion_diastolica",3,0.09054815495699635,0.031642215904349555,0.7445221265837172,1.4816360728034175,0.4864766363491803,1,1,1,500,13,0.5,exploratoria,False,2
RD_0505,505,presion_sistolica cercana a 113.72 con radio ±15.81 Y glucosa = normal => enfermedad_cardiovascular = no,no,triangular,"glucosa, presion_sistolica",2,0.0897249095783586,0.2072136069091362,0.6951429939137361,1.3833691421168879,0.3872220983190677,1,1,1,500,55,0.5,exploratoria,False,2
RD_0508,508,presion_sistolica cercana a 102.00 con radio ±28.00 Y colesterol = normal Y fumador = no Y alcohol = no => enfermedad_cardiovascular = no,no,gaussiana,"alcohol, colesterol, fumador, presion_sistolica",4,0.08936972614312638,0.10996293339369179,0.7855100081243466,1.5632039962673565,0.5688643379383851,1,1,1,500,55,0.5,exploratoria,False,2
RD_0510,510,edad_anios cercana a 52.64 con radio ±2.44 Y presion_sistolica cercana a 102.00 con radio ±19.32 Y colesterol = normal Y fumador = no => enfermedad_cardiovascular = no,no,triangular,"colesterol, edad_anios, fumador, presion_sistolica",4,0.08915175063776504,0.01326021299602082,0.7850023229096437,1.5621936774321268,0.5678438651450124,1,1,1,500,55,0.5,exploratoria,False,2
RD_0518,518,presion_sistolica cercana a 102.00 con radio ±23.69 Y sexo = mujer Y colesterol = normal Y glucosa = normal => enfermedad_cardiovascular = no,no,triangular,"colesterol, glucosa, presion_sistolica, sexo",4,0.0886536381370973,0.0924260561715312,0.7838403560580397,1.5598813055881389,0.5655082533829944,1,1,1,500,55,0.5,exploratoria,False,2
RD_0519,519,presion_sistolica cercana a 102.00 con radio ±28.00 Y sexo = mujer Y colesterol = normal Y actividad_fisica = no => enfermedad_cardiovascular = no,no,gaussiana,"actividad_fisica, colesterol, presion_sistolica, sexo",4,0.08862857661446188,0.016206204967713973,0.7837818270568191,1.5597648299638192,0.5653906071493852,1,1,1,500,55,0.5,exploratoria,False,2
RD_0522,522,altura_cm cercana a 158.17 con radio ±6.24 Y presion_sistolica cercana a 102.00 con radio ±28.00 Y sexo = mujer Y colesterol = normal => enfermedad_cardiovascular = no,no,gaussiana,"altura_cm, colesterol, presion_sistolica, sexo",4,0.08845299004573119,0.03115172134996277,0.7833715793770784,1.5589484166708028,0.564565988697645,1,1,1,500,55,0.5,exploratoria,False,2
RD_0524,524,presion_sistolica cercana a 105.62 con radio ±11.95 Y glucosa = normal Y actividad_fisica = no => enfermedad_cardiovascular = no,no,triangular,"actividad_fisica, glucosa, presion_sistolica",3,0.08833596634565306,0.01066901648819583,0.7400394593051793,1.4727153419008545,0.477466249859657,1,1,1,500,13,0.5,exploratoria,False,2
RD_0527,527,presion_sistolica cercana a 102.00 con radio ±27.07 Y sexo = mujer Y glucosa = normal Y alcohol = no => enfermedad_cardiovascular = no,no,gaussiana,"alcohol, glucosa, presion_sistolica, sexo",4,0.08805389125505857,0.08622573491401002,0.7824379300181417,1.557090407996302,0.562689306569129,1,1,1,500,55,0.5,exploratoria,False,2
RD_0530,530,presion_sistolica cercana a 102.00 con radio ±18.60 Y sexo = mujer Y fumador = no Y alcohol = no => enfermedad_cardiovascular = no,no,gaussiana,"alcohol, fumador, presion_sistolica, sexo",4,0.08801537968241115,0.054676754598134425,0.7823477494397785,1.5569109441587632,0.5625080390749316,1,1,1,500,55,0.5,exploratoria,False,2
RD_0533,533,presion_sistolica cercana a 102.00 con radio ±15.13 Y colesterol = normal Y alcohol = no Y actividad_fisica = no => enfermedad_cardiovascular = no,no,triangular,"actividad_fisica, alcohol, colesterol, presion_sistolica",4,0.08716165935098998,0.010280821600372487,0.7803446891961661,1.5529247546192362,0.558481787328977,1,1,1,500,13,0.5,exploratoria,False,2
RD_0534,534,altura_cm cercana a 158.85 con radio ±6.27 Y presion_sistolica cercana a 102.00 con radio ±13.58 Y sexo = mujer Y fumador = no => enfermedad_cardiovascular = no,no,triangular,"altura_cm, fumador, presion_sistolica, sexo",4,0.0869475823161246,0.021743836017387,0.779841215885546,1.5519228176826787,0.5574697806744644,1,1,1,500,13,0.5,exploratoria,False,2
RD_0536,536,edad_anios cercana a 51.41 con radio ±2.87 Y altura_cm cercana a 159.45 con radio ±5.99 Y presion_sistolica cercana a 104.07 con radio ±28.00 Y sexo = mujer => enfermedad_cardiovascular = no,no,triangular,"altura_cm, edad_anios, presion_sistolica, sexo",4,0.0868298645580644,0.01800287145590265,0.7795641589889345,1.5513714606744966,0.5569128823898182,1,1,1,500,55,0.5,exploratoria,False,2
RD_0538,538,altura_cm cercana a 158.45 con radio ±5.44 Y presion_sistolica cercana a 110.86 con radio ±20.93 Y colesterol = normal => enfermedad_cardiovascular = no,no,triangular,"altura_cm, colesterol, presion_sistolica",3,0.08678983802331298,0.05801055737154135,0.7368818978057278,1.466431637424334,0.4711193925743272,1,1,1,500,55,0.5,exploratoria,False,2
RD_0539,539,altura_cm cercana a 160.73 con radio ±5.71 Y presion_sistolica cercana a 108.71 con radio ±11.64 Y colesterol = normal Y fumador = no => enfermedad_cardiovascular = no,no,gaussiana,"altura_cm, colesterol, fumador, presion_sistolica",4,0.08671535912470596,0.019031543206164108,0.7792945230496251,1.5508348717405476,0.5563709006022616,1,1,1,500,13,0.5,exploratoria,False,2
RD_0541,541,altura_cm cercana a 158.42 con radio ±6.66 Y presion_sistolica cercana a 102.00 con radio ±10.68 Y sexo = mujer Y fumador = no => enfermedad_cardiovascular = no,no,triangular,"altura_cm, fumador, presion_sistolica, sexo",4,0.08630754818238921,0.015950245214464042,0.7783330945910646,1.5489215812757506,0.554438381087567,1,1,1,500,13,0.5,exploratoria,False,2
RD_0542,542,edad_anios cercana a 52.65 con radio ±2.85 Y peso_kg cercana a 62.01 con radio ±17.91 Y presion_sistolica cercana a 102.00 con radio ±22.45 Y fumador = no => enfermedad_cardiovascular = no,no,gaussiana,"edad_anios, fumador, peso_kg, presion_sistolica",4,0.08629846926300774,0.010168556173595156,0.7783116707670287,1.5488789468000572,0.5543953181246808,1,1,1,500,55,0.5,exploratoria,False,2
RD_0554,554,presion_sistolica cercana a 102.00 con radio ±18.60 Y sexo = mujer Y fumador = no Y alcohol = no => enfermedad_cardiovascular = no,no,triangular,"alcohol, fumador, presion_sistolica, sexo",4,0.08537125251193893,0.06854524980694433,0.7761190818894251,1.5445155858496025,0.549988104300352,1,1,1,500,55,0.5,exploratoria,False,2
RD_0555,555,altura_cm cercana a 158.85 con radio ±5.47 Y presion_sistolica cercana a 102.00 con radio ±10.55 Y sexo = mujer Y fumador = no => enfermedad_cardiovascular = no,no,triangular,"altura_cm, fumador, presion_sistolica, sexo",4,0.08529917604089461,0.0135617705891506,0.7759482589086086,1.5441756396191217,0.5496447415248416,1,1,1,500,13,0.5,exploratoria,False,2
RD_0556,556,altura_cm cercana a 158.22 con radio ±5.89 Y presion_sistolica cercana a 102.00 con radio ±25.10 Y colesterol = normal Y alcohol = no => enfermedad_cardiovascular = no,no,triangular,"alcohol, altura_cm, colesterol, presion_sistolica",4,0.08524905397051635,0.047121243581203884,0.7758294355973739,1.5439391753181573,0.5494059006982391,1,1,1,500,55,0.5,exploratoria,False,2
RD_0559,559,edad_anios cercana a 43.27 con radio ±4.51 Y altura_cm cercana a 161.81 con radio ±6.38 Y presion_diastolica cercana a 83.36 con radio ±6.67 Y colesterol = normal => enfermedad_cardiovascular = no,no,triangular,"altura_cm, colesterol, edad_anios, presion_diastolica",4,0.08499780591689582,0.013253238007072399,0.7752334011858375,1.5427530371857465,0.5482078415795729,1,1,1,100,55,0.5,exploratoria,False,2
RD_0562,562,presion_sistolica cercana a 102.00 con radio ±25.54 Y glucosa = normal Y fumador = no Y alcohol = no => enfermedad_cardiovascular = no,no,gaussiana,"alcohol, fumador, glucosa, presion_sistolica",4,0.0849590108345737,0.09833235592372594,0.7751413073825544,1.5425697659354318,0.5480227284071445,2,1,1,500,55,0.5,exploratoria,False,2
RD_0563,563,presion_sistolica cercana a 121.26 con radio ±10.74 => enfermedad_cardiovascular = no,no,gaussiana,presion_sistolica,1,0.08493470361569795,0.24034979737749115,0.635485074658235,1.2646469147427564,0.2673066827301207,3,1,3,"50, 100, 500",13,0.5,exploratoria,False,2
RD_0564,564,edad_anios cercana a 52.48 con radio ±2.87 Y presion_sistolica cercana a 96.60 con radio ±28.12 Y sexo = mujer Y alcohol = no => enfermedad_cardiovascular = no,no,gaussiana,"alcohol, edad_anios, presion_sistolica, sexo",4,0.08480896681455191,0.011826309668203848,0.774784972519695,1.541860641830239,0.5473064774265227,1,1,1,500,13,0.5,exploratoria,False,2
RD_0565,565,edad_anios cercana a 51.88 con radio ±2.24 Y presion_sistolica cercana a 102.00 con radio ±25.78 Y fumador = no Y alcohol = no => enfermedad_cardiovascular = no,no,gaussiana,"alcohol, edad_anios, fumador, presion_sistolica",4,0.08471438046763169,0.01325339327757529,0.7745602176656154,1.5414133684887872,0.5468547088756089,1,1,1,500,55,0.5,exploratoria,False,2
RD_0566,566,edad_anios cercana a 43.26 con radio ±1.57 Y sexo = mujer Y colesterol = normal Y glucosa = normal => enfermedad_cardiovascular = no,no,triangular,"colesterol, edad_anios, glucosa, sexo",4,0.08455943135858891,0.015530080224304407,0.7741918208601124,1.5406802405176367,0.5461142127841456,1,1,1,50,55,0.5,exploratoria,False,2
RD_0570,570,presion_sistolica cercana a 102.00 con radio ±23.85 Y colesterol = normal Y fumador = no Y actividad_fisica = no => enfermedad_cardiovascular = no,no,gaussiana,"actividad_fisica, colesterol, fumador, presion_sistolica",4,0.08437510604112641,0.016062351281673555,0.7737532428390296,1.53980744843588,0.5452326489226725,1,1,1,500,55,0.5,exploratoria,False,2
RD_0573,573,presion_sistolica cercana a 102.00 con radio ±19.20 Y fumador = no Y alcohol = no Y actividad_fisica = no => enfermedad_cardiovascular = no,no,gaussiana,"actividad_fisica, alcohol, fumador, presion_sistolica",4,0.08420752055844775,0.013943671633813734,0.773354175322453,1.5390132842237871,0.5444305031607096,1,1,1,500,55,0.5,exploratoria,False,2
RD_0579,579,presion_sistolica cercana a 101.60 con radio ±41.22 Y fumador = si => enfermedad_cardiovascular = no,no,gaussiana,"fumador, presion_sistolica",2,0.08341688825384222,0.016307389760460447,0.6844084793339033,1.3620069240475687,0.3656451845907604,1,1,1,500,13,0.5,exploratoria,False,2
RD_0580,580,altura_cm cercana a 159.13 con radio ±5.32 Y presion_sistolica cercana a 102.00 con radio ±28.00 Y sexo = mujer Y colesterol = normal => enfermedad_cardiovascular = no,no,gaussiana,"altura_cm, colesterol, presion_sistolica, sexo",4,0.08301333251074895,0.026220507280742586,0.7705016029060363,1.5333365231960923,0.5386966892583644,1,1,1,500,55,0.5,exploratoria,False,2
RD_0581,581,presion_sistolica cercana a 107.65 con radio ±23.20 Y sexo = mujer Y glucosa = normal => enfermedad_cardiovascular = no,no,triangular,"glucosa, presion_sistolica, sexo",3,0.08297308893850978,0.1456671031339303,0.7289978513689355,1.450741992774001,0.45527206305313667,1,1,1,500,55,0.5,exploratoria,False,2
RD_0582,582,altura_cm cercana a 160.28 con radio ±5.96 Y presion_sistolica cercana a 102.00 con radio ±28.00 Y colesterol = normal Y fumador = no => enfermedad_cardiovascular = no,no,gaussiana,"altura_cm, colesterol, fumador, presion_sistolica",4,0.08297207104552504,0.0347489016592971,0.77040276097286,1.5331398228315622,0.5384980120057488,1,1,1,500,55,0.5,exploratoria,False,2
RD_0584,584,presion_sistolica cercana a 98.31 con radio ±25.37 Y glucosa = normal Y fumador = no Y alcohol = no => enfermedad_cardiovascular = no,no,triangular,"alcohol, fumador, glucosa, presion_sistolica",4,0.08274552774699628,0.10172763364115285,0.7698597403353057,1.5320591847468772,0.5374065132367954,1,1,1,500,55,0.5,exploratoria,False,2
RD_0585,585,presion_sistolica cercana a 99.11 con radio ±37.12 Y fumador = si => enfermedad_cardiovascular = no,no,triangular,"fumador, presion_sistolica",2,0.08244525817146646,0.016243016754580474,0.6827312977649364,1.3586692492834556,0.36227396535665607,1,1,1,500,55,0.5,exploratoria,False,2
RD_0589,589,edad_anios cercana a 51.71 con radio ±2.91 Y presion_sistolica cercana a 116.19 con radio ±11.12 Y colesterol = normal Y alcohol = no => enfermedad_cardiovascular = no,no,gaussiana,"alcohol, colesterol, edad_anios, presion_sistolica",4,0.08190820013349441,0.022065111925708796,0.7678477258293607,1.5280551757798224,0.5333622629735894,1,1,1,500,13,0.5,exploratoria,False,2
RD_0593,593,presion_sistolica cercana a 105.16 con radio ±17.67 Y sexo = mujer Y colesterol = normal Y actividad_fisica = no => enfermedad_cardiovascular = no,no,triangular,"actividad_fisica, colesterol, presion_sistolica, sexo",4,0.08147086893881245,0.014493351698252933,0.766793741097975,1.5259576937273136,0.5312437006994474,1,1,1,50,13,0.5,exploratoria,False,2
RD_0594,594,edad_anios cercana a 51.71 con radio ±2.91 Y presion_sistolica cercana a 116.19 con radio ±11.12 Y colesterol = normal Y alcohol = no => enfermedad_cardiovascular = no,no,triangular,"alcohol, colesterol, edad_anios, presion_sistolica",4,0.08142723252826817,0.03475104672932741,0.7666884574457624,1.5257481740214178,0.5310320752678642,1,1,1,500,13,0.5,exploratoria,False,2
RD_0597,597,edad_anios cercana a 51.70 con radio ±2.95 Y presion_sistolica cercana a 109.08 con radio ±13.53 Y glucosa = normal Y fumador = no => enfermedad_cardiovascular = no,no,triangular,"edad_anios, fumador, glucosa, presion_sistolica",4,0.08116960844174727,0.02514316466031996,0.7660664367022932,1.5245103217956086,0.5297817823161673,1,1,1,100,13,0.5,exploratoria,False,2
RD_0600,600,altura_cm cercana a 158.17 con radio ±6.24 Y presion_sistolica cercana a 102.00 con radio ±28.00 Y sexo = mujer Y colesterol = normal => enfermedad_cardiovascular = no,no,triangular,"altura_cm, colesterol, presion_sistolica, sexo",4,0.08098291028411599,0.04973722764117885,0.765615193060085,1.5236123244976816,0.5288747599197688,1,1,1,500,55,0.5,exploratoria,False,2
RD_0608,608,altura_cm cercana a 161.42 con radio ±5.69 Y presion_sistolica cercana a 102.00 con radio ±12.68 Y sexo = mujer Y alcohol = no => enfermedad_cardiovascular = no,no,triangular,"alcohol, altura_cm, presion_sistolica, sexo",4,0.0798444449741088,0.01781105133053172,0.762854944633157,1.5181192928023026,0.5233265218756924,1,1,1,500,13,0.5,exploratoria,False,2
RD_0612,612,altura_cm cercana a 160.28 con radio ±5.96 Y presion_sistolica cercana a 102.00 con radio ±28.00 Y colesterol = normal Y fumador = no => enfermedad_cardiovascular = no,no,triangular,"altura_cm, colesterol, fumador, presion_sistolica",4,0.07940868574125366,0.06281092288582468,0.7617944821769876,1.5160089197551994,0.5211949390492214,1,1,1,500,55,0.5,exploratoria,False,2
RD_0613,613,edad_anios cercana a 52.55 con radio ±2.54 Y presion_sistolica cercana a 102.00 con radio ±26.97 Y sexo = mujer Y alcohol = no => enfermedad_cardiovascular = no,no,gaussiana,"alcohol, edad_anios, presion_sistolica, sexo",4,0.07921840687317068,0.015931178732182066,0.7613307285097253,1.5150860268850255,0.5202627708738197,1,1,1,500,55,0.5,exploratoria,False,2
RD_0614,614,altura_cm cercana a 161.65 con radio ±6.71 Y presion_sistolica cercana a 106.69 con radio ±11.87 Y fumador = no Y alcohol = no => enfermedad_cardiovascular = no,no,triangular,"alcohol, altura_cm, fumador, presion_sistolica",4,0.07912304982018468,0.031220993498968595,0.7610981626207055,1.514623209195434,0.5197953017501619,1,1,1,500,13,0.5,exploratoria,False,2
RD_0616,616,edad_anios cercana a 51.88 con radio ±2.24 Y presion_sistolica cercana a 102.00 con radio ±25.78 Y fumador = no Y alcohol = no => enfermedad_cardiovascular = no,no,triangular,"alcohol, edad_anios, fumador, presion_sistolica",4,0.07885875448326435,0.024831076386396554,0.760453018723495,1.5133393407432738,0.5184985300974775,1,1,1,500,55,0.5,exploratoria,False,2
RD_0617,617,edad_anios cercana a 52.48 con radio ±2.87 Y presion_sistolica cercana a 96.60 con radio ±28.12 Y sexo = mujer Y alcohol = no => enfermedad_cardiovascular = no,no,triangular,"alcohol, edad_anios, presion_sistolica, sexo",4,0.07865363881292235,0.02278608864102925,0.7599517682760148,1.5123418274149552,0.5174909915095777,1,1,1,500,13,0.5,exploratoria,False,2
RD_0619,619,peso_kg cercana a 51.96 con radio ±20.93 => enfermedad_cardiovascular = no,no,gaussiana,peso_kg,1,0.07810053580641926,0.10168104832236956,0.626532021455048,1.2468298934428819,0.2493105958895439,3,1,3,"50, 100, 500",55,0.5,exploratoria,False,2
RD_0621,621,presion_sistolica cercana a 121.26 con radio ±10.74 => enfermedad_cardiovascular = no,no,triangular,presion_sistolica,1,0.07800670919863151,0.2348759206768612,0.6264076177457127,1.2465823238720652,0.24906053818233725,3,1,3,"50, 100, 500",13,0.5,exploratoria,False,2
RD_0624,624,presion_sistolica cercana a 102.00 con radio ±28.00 Y colesterol = normal Y glucosa = normal Y fumador = no => enfermedad_cardiovascular = no,no,triangular,"colesterol, fumador, glucosa, presion_sistolica",4,0.07793293750849918,0.1484285714285715,0.758186627747879,1.508829109946028,0.5139429703474956,1,1,1,500,55,0.5,exploratoria,False,2
RD_0625,625,altura_cm cercana a 159.13 con radio ±5.32 Y presion_sistolica cercana a 102.00 con radio ±28.00 Y sexo = mujer Y colesterol = normal => enfermedad_cardiovascular = no,no,triangular,"altura_cm, colesterol, presion_sistolica, sexo",4,0.07790743365285879,0.044268919045277855,0.7581240511325138,1.5087045793681868,0.5138171882060579,1,1,1,500,55,0.5,exploratoria,False,2
RD_0633,633,presion_sistolica cercana a 102.00 con radio ±21.04 Y colesterol = normal Y fumador = no Y actividad_fisica = no => enfermedad_cardiovascular = no,no,triangular,"actividad_fisica, colesterol, fumador, presion_sistolica",4,0.07657365025340496,0.019034346209971124,0.7548406249180427,1.5021703978468512,0.5072173365186788,1,1,1,500,55,0.5,exploratoria,False,2
RD_0634,634,presion_sistolica cercana a 102.00 con radio ±28.00 Y colesterol = normal Y fumador = no Y alcohol = no => enfermedad_cardiovascular = no,no,triangular,"alcohol, colesterol, fumador, presion_sistolica",4,0.07641641654557348,0.15357142857142866,0.7544521449249934,1.5013973033333203,0.5064364722110419,1,1,1,500,55,0.5,exploratoria,False,2
RD_0640,640,altura_cm cercana a 159.67 con radio ±5.95 Y presion_sistolica cercana a 102.00 con radio ±19.81 Y sexo = mujer Y alcohol = no => enfermedad_cardiovascular = no,no,gaussiana,"alcohol, altura_cm, presion_sistolica, sexo",4,0.0757645676404478,0.021186578488851367,0.7528384014863321,1.4981858736046412,0.5031927668066977,1,1,1,500,55,0.5,exploratoria,False,2
RD_0641,641,edad_anios cercana a 46.30 con radio ±0.64 => enfermedad_cardiovascular = no,no,triangular,edad_anios,1,0.07573031289013808,0.012592793530090227,0.6233766233766235,1.240550494281838,0.242968087189193,1,1,1,500,13,0.5,exploratoria,False,2
RD_0643,643,altura_cm cercana a 162.08 con radio ±5.54 Y presion_sistolica cercana a 106.79 con radio ±12.78 Y fumador = no Y alcohol = no => enfermedad_cardiovascular = no,no,triangular,"alcohol, altura_cm, fumador, presion_sistolica",4,0.07549890419614896,0.02592998516474021,0.7521792232321054,1.496874076083792,0.5018677853911667,1,1,1,500,13,0.5,exploratoria,False,2
RD_0644,644,presion_sistolica cercana a 102.00 con radio ±28.00 Y glucosa = normal Y fumador = no Y actividad_fisica = no => enfermedad_cardiovascular = no,no,gaussiana,"actividad_fisica, fumador, glucosa, presion_sistolica",4,0.07535826035891818,0.022653276067332796,0.751829898860121,1.496178903204221,0.5011656258494894,1,1,1,500,55,0.5,exploratoria,False,2
RD_0646,646,presion_sistolica cercana a 102.00 con radio ±27.07 Y sexo = mujer Y glucosa = normal Y alcohol = no => enfermedad_cardiovascular = no,no,triangular,"alcohol, glucosa, presion_sistolica, sexo",4,0.07525570974576082,0.11823600489909615,0.7515750348449296,1.4956717111341884,0.5006533363717178,1,1,1,500,55,0.5,exploratoria,False,2
RD_0648,648,altura_cm cercana a 160.28 con radio ±6.36 Y presion_sistolica cercana a 102.00 con radio ±28.00 Y alcohol = no => enfermedad_cardiovascular = no,no,gaussiana,"alcohol, altura_cm, presion_sistolica",3,0.0749900054610412,0.04417879577988144,0.712071737082217,1.4170581832481932,0.4212497227783258,1,1,1,500,55,0.5,exploratoria,False,2
RD_0653,653,presion_sistolica cercana a 123.23 con radio ±11.28 => enfermedad_cardiovascular = no,no,gaussiana,presion_sistolica,1,0.07417887764421535,0.18816993436744683,0.6212966805093572,1.2364113044962333,0.23878729750624564,1,1,1,500,13,0.5,exploratoria,False,2
RD_0655,655,altura_cm cercana a 161.06 con radio ±6.31 Y presion_sistolica cercana a 102.00 con radio ±28.00 Y sexo = mujer Y colesterol = normal => enfermedad_cardiovascular = no,no,gaussiana,"altura_cm, colesterol, presion_sistolica, sexo",4,0.07397425246392118,0.03246737313132315,0.748379274438756,1.4893119889328479,0.49422969736433364,1,1,1,500,55,0.5,exploratoria,False,2
RD_0656,656,altura_cm cercana a 161.06 con radio ±6.31 Y presion_sistolica cercana a 102.00 con radio ±28.00 Y sexo = mujer Y colesterol = normal => enfermedad_cardiovascular = no,no,triangular,"altura_cm, colesterol, presion_sistolica, sexo",4,0.07392721281714384,0.05786172528980536,0.74826157369084,1.4890777585887365,0.4939931129464121,1,1,1,500,55,0.5,exploratoria,False,2
RD_0657,657,edad_anios cercana a 51.90 con radio ±2.45 Y presion_sistolica cercana a 119.10 con radio ±18.07 Y colesterol = normal Y glucosa = normal => enfermedad_cardiovascular = no,no,gaussiana,"colesterol, edad_anios, glucosa, presion_sistolica",4,0.07366681968323359,0.025019539234853144,0.747609523392111,1.4877801460539524,0.49268245907962005,1,1,1,500,13,0.5,exploratoria,False,2
RD_0658,658,presion_sistolica cercana a 102.00 con radio ±28.00 Y sexo = mujer Y colesterol = normal Y actividad_fisica = no => enfermedad_cardiovascular = no,no,triangular,"actividad_fisica, colesterol, presion_sistolica, sexo",4,0.07360337026052483,0.022250000000000013,0.7474505098980204,1.487463701289593,0.4923628339658703,1,1,1,500,55,0.5,exploratoria,False,2
RD_0660,660,altura_cm cercana a 152.16 con radio ±5.96 Y presion_sistolica cercana a 111.17 con radio ±12.40 Y sexo = mujer Y colesterol = normal => enfermedad_cardiovascular = no,no,triangular,"altura_cm, colesterol, presion_sistolica, sexo",4,0.07354718611577496,0.015509462436853081,0.7473096616970485,1.4871834063622857,0.4920797220041176,1,1,1,500,13,0.5,exploratoria,False,2
RD_0665,665,presion_sistolica cercana a 118.81 con radio ±11.80 Y glucosa = normal => enfermedad_cardiovascular = no,no,triangular,"glucosa, presion_sistolica",2,0.07264498230390934,0.23108309508051036,0.665434981123875,1.3242487186544778,0.32750749974648247,1,1,1,100,13,0.5,exploratoria,False,2
RD_0668,668,presion_sistolica cercana a 102.00 con radio ±19.20 Y fumador = no Y alcohol = no Y actividad_fisica = no => enfermedad_cardiovascular = no,no,triangular,"actividad_fisica, alcohol, fumador, presion_sistolica",4,0.07227842553977545,0.018074372801829292,0.7441182846665947,1.480832407296706,0.4856648938022004,1,1,1,500,55,0.5,exploratoria,False,2
RD_0671,671,edad_anios cercana a 52.67 con radio ±2.33 Y presion_sistolica cercana a 117.73 con radio ±21.12 Y sexo = mujer Y glucosa = normal => enfermedad_cardiovascular = no,no,gaussiana,"edad_anios, glucosa, presion_sistolica, sexo",4,0.07202344204621253,0.02447970236696624,0.743474414865774,1.4795510743597495,0.48437068314728454,1,1,1,500,55,0.5,exploratoria,False,2
RD_0673,673,presion_sistolica cercana a 113.47 con radio ±12.20 Y sexo = mujer Y colesterol = normal Y alcohol = no => enfermedad_cardiovascular = no,no,gaussiana,"alcohol, colesterol, presion_sistolica, sexo",4,0.0718029084081086,0.08275793396271755,0.7429168558741479,1.4784415042271601,0.48324996155607625,1,1,1,500,13,0.5,exploratoria,False,2
RD_0676,676,edad_anios cercana a 47.93 con radio ±2.37 Y presion_sistolica cercana a 116.50 con radio ±11.15 Y fumador = no => enfermedad_cardiovascular = no,no,triangular,"edad_anios, fumador, presion_sistolica",3,0.0716229749712857,0.02065664224537769,0.704743420782329,1.4024744692185653,0.4065194387584503,1,1,1,500,13,0.5,exploratoria,False,2
RD_0677,677,edad_anios cercana a 51.87 con radio ±2.77 Y altura_cm cercana a 157.94 con radio ±6.06 Y presion_sistolica cercana a 117.52 con radio ±9.66 Y glucosa = normal => enfermedad_cardiovascular = no,no,triangular,"altura_cm, edad_anios, glucosa, presion_sistolica",4,0.07161270227768333,0.01012640771625968,0.7424354633595515,1.4774835091732368,0.48228233841115875,1,1,1,500,13,0.5,exploratoria,False,2
RD_0679,679,presion_sistolica cercana a 102.00 con radio ±25.54 Y glucosa = normal Y fumador = no Y alcohol = no => enfermedad_cardiovascular = no,no,triangular,"alcohol, fumador, glucosa, presion_sistolica",4,0.0712633022225334,0.14165015234281214,0.7415499355277867,1.475721264731914,0.4805023829704256,2,1,1,500,55,0.5,exploratoria,False,2
RD_0681,681,altura_cm cercana a 160.24 con radio ±5.80 Y presion_sistolica cercana a 111.13 con radio ±12.26 Y sexo = mujer Y colesterol = normal => enfermedad_cardiovascular = no,no,gaussiana,"altura_cm, colesterol, presion_sistolica, sexo",4,0.07120816842321578,0.022525501496186564,0.7414100569739942,1.475442899450735,0.4802212200482296,1,1,1,500,13,0.5,exploratoria,False,2
RD_0685,685,altura_cm cercana a 160.24 con radio ±5.80 Y presion_sistolica cercana a 111.13 con radio ±12.26 Y sexo = mujer Y colesterol = normal => enfermedad_cardiovascular = no,no,triangular,"altura_cm, colesterol, presion_sistolica, sexo",4,0.07102056653477982,0.041923019227594054,0.7409337977259047,1.4744951198525469,0.47926391502694426,1,1,1,500,13,0.5,exploratoria,False,2
RD_0687,687,edad_anios cercana a 51.81 con radio ±2.60 Y presion_sistolica cercana a 117.73 con radio ±25.57 Y sexo = mujer Y glucosa = normal => enfermedad_cardiovascular = no,no,gaussiana,"edad_anios, glucosa, presion_sistolica, sexo",4,0.07080991184295186,0.025813367966037584,0.7403984623397509,1.4734297758004995,0.4781878639994994,1,1,1,500,55,0.5,exploratoria,False,2
RD_0688,688,presion_sistolica cercana a 102.00 con radio ±15.80 Y presion_diastolica cercana a 82.92 con radio ±6.72 Y colesterol = normal Y fumador = no => enfermedad_cardiovascular = no,no,triangular,"colesterol, fumador, presion_diastolica, presion_sistolica",4,0.07073650759118545,0.010649611153386846,0.7402117828962441,1.4730582744203864,0.4778126289371742,1,1,1,500,55,0.5,exploratoria,False,2
RD_0689,689,presion_sistolica cercana a 118.81 con radio ±11.80 Y glucosa = normal => enfermedad_cardiovascular = no,no,gaussiana,"glucosa, presion_sistolica",2,0.07040477933979931,0.22674699636558665,0.6613788768968243,1.3161768694464167,0.31935452642577755,1,1,1,100,13,0.5,exploratoria,False,2
RD_0690,690,altura_cm cercana a 159.67 con radio ±5.95 Y presion_sistolica cercana a 102.00 con radio ±19.81 Y sexo = mujer Y alcohol = no => enfermedad_cardiovascular = no,no,triangular,"alcohol, altura_cm, presion_sistolica, sexo",4,0.07038918595415711,0.03680690151584292,0.7393275169591054,1.4712985412121502,0.47603520996805104,1,1,1,500,55,0.5,exploratoria,False,2
RD_0693,693,altura_cm cercana a 160.28 con radio ±6.36 Y presion_sistolica cercana a 102.00 con radio ±28.00 Y alcohol = no => enfermedad_cardiovascular = no,no,triangular,"alcohol, altura_cm, presion_sistolica",3,0.07003366506997781,0.07696908115322353,0.7012428399310991,1.3955081391663666,0.3994830953388928,1,1,1,500,55,0.5,exploratoria,False,2
RD_0694,694,edad_anios cercana a 52.58 con radio ±2.93 Y presion_sistolica cercana a 118.30 con radio ±21.37 Y sexo = mujer Y colesterol = normal => enfermedad_cardiovascular = no,no,gaussiana,"colesterol, edad_anios, presion_sistolica, sexo",4,0.07002940570558529,0.027520914599392383,0.7384098394702127,1.4694723173536572,0.47419063210093004,1,1,1,500,55,0.5,exploratoria,False,2
RD_0697,697,edad_anios cercana a 52.55 con radio ±2.54 Y presion_sistolica cercana a 102.00 con radio ±26.97 Y sexo = mujer Y alcohol = no => enfermedad_cardiovascular = no,no,triangular,"alcohol, edad_anios, presion_sistolica, sexo",4,0.06981963460511276,0.02584105900137597,0.7378739858250084,1.4684059419403155,0.4731135393467506,1,1,1,500,55,0.5,exploratoria,False,2
RD_0698,698,presion_sistolica cercana a 101.60 con radio ±41.22 Y fumador = si => enfermedad_cardiovascular = no,no,triangular,"fumador, presion_sistolica",2,0.06962659580585592,0.020399085492735374,0.6599604803405951,1.3133541897325276,0.31650347807154794,1,1,1,500,13,0.5,exploratoria,False,2
RD_0700,700,edad_anios cercana a 52.65 con radio ±2.85 Y peso_kg cercana a 62.01 con radio ±17.91 Y presion_sistolica cercana a 102.00 con radio ±22.45 Y fumador = no => enfermedad_cardiovascular = no,no,triangular,"edad_anios, fumador, peso_kg, presion_sistolica",4,0.06948017923206654,0.019863510629687973,0.7370056055670027,1.466677822023886,0.4713680513909602,1,1,1,500,55,0.5,exploratoria,False,2
RD_0702,702,presion_sistolica cercana a 102.00 con radio ±23.85 Y colesterol = normal Y fumador = no Y actividad_fisica = no => enfermedad_cardiovascular = no,no,triangular,"actividad_fisica, colesterol, fumador, presion_sistolica",4,0.06934242261811488,0.02397154636375068,0.7366527593273041,1.4659756404523467,0.4706588127181993,1,1,1,500,55,0.5,exploratoria,False,2
RD_0703,703,altura_cm cercana a 149.71 con radio ±5.54 Y presion_sistolica cercana a 102.00 con radio ±28.00 Y glucosa = normal Y alcohol = no => enfermedad_cardiovascular = no,no,triangular,"alcohol, altura_cm, glucosa, presion_sistolica",4,0.06924375212609339,0.012979448175025023,0.736399869538947,1.4654723771919345,0.47015049153557187,1,1,1,500,55,0.5,exploratoria,False,2
RD_0704,704,edad_anios cercana a 51.90 con radio ±2.45 Y presion_sistolica cercana a 119.10 con radio ±18.07 Y colesterol = normal Y glucosa = normal => enfermedad_cardiovascular = no,no,triangular,"colesterol, edad_anios, glucosa, presion_sistolica",4,0.069104906609861,0.03446247011336839,0.7360437888340043,1.4647637588736406,0.4694347514251344,1,1,1,500,13,0.5,exploratoria,False,2
RD_0705,705,altura_cm cercana a 161.56 con radio ±5.39 Y presion_sistolica cercana a 102.00 con radio ±28.00 Y glucosa = normal Y fumador = no => enfermedad_cardiovascular = no,no,gaussiana,"altura_cm, fumador, glucosa, presion_sistolica",4,0.06907678822407652,0.03565745485838022,0.7359716450782762,1.4646201892105,0.46928973885080644,1,1,1,500,55,0.5,exploratoria,False,2
RD_0710,710,edad_anios cercana a 52.35 con radio ±2.49 Y presion_sistolica cercana a 102.00 con radio ±28.00 Y fumador = no Y alcohol = no => enfermedad_cardiovascular = no,no,gaussiana,"alcohol, edad_anios, fumador, presion_sistolica",4,0.06855100646215367,0.01852428480233702,0.734620655992487,1.4619316537163922,0.4665741828994715,1,1,1,500,55,0.5,exploratoria,False,2
RD_0711,711,presion_sistolica cercana a 103.88 con radio ±39.57 Y sexo = mujer Y fumador = no => enfermedad_cardiovascular = no,no,gaussiana,"fumador, presion_sistolica, sexo",3,0.06852849951446426,0.17708743522714854,0.6979022993714281,1.3888602972565736,0.3927684409475943,1,1,1,500,55,0.5,exploratoria,False,2
RD_0718,718,edad_anios cercana a 51.59 con radio ±2.71 Y presion_diastolica cercana a 83.45 con radio ±6.08 Y sexo = mujer Y glucosa = normal => enfermedad_cardiovascular = no,no,triangular,"edad_anios, glucosa, presion_diastolica, sexo",4,0.06751217494693722,0.01785662969173024,0.7319402304816547,1.4565974735953329,0.46118639292794916,1,1,1,500,13,0.5,exploratoria,False,2
RD_0720,720,edad_anios cercana a 49.01 con radio ±3.34 Y altura_cm cercana a 161.96 con radio ±6.21 Y presion_sistolica cercana a 125.18 con radio ±12.92 Y actividad_fisica = si => enfermedad_cardiovascular = no,no,triangular,"actividad_fisica, altura_cm, edad_anios, presion_sistolica",4,0.06723909975073468,0.013404335466854083,0.7312331487979057,1.4551903458664792,0.4597651232118708,1,1,1,50,55,0.5,exploratoria,False,2
RD_0723,723,presion_sistolica cercana a 113.47 con radio ±12.20 Y sexo = mujer Y colesterol = normal Y alcohol = no => enfermedad_cardiovascular = no,no,triangular,"alcohol, colesterol, presion_sistolica, sexo",4,0.0669795141216687,0.1112817405707822,0.7305600289767061,1.4538508039337437,0.45841211854614305,1,1,1,500,13,0.5,exploratoria,False,2
RD_0724,724,altura_cm cercana a 161.56 con radio ±5.39 Y presion_sistolica cercana a 102.00 con radio ±28.00 Y glucosa = normal Y fumador = no => enfermedad_cardiovascular = no,no,triangular,"altura_cm, fumador, glucosa, presion_sistolica",4,0.06689808438587623,0.06296283097588007,0.7303486823295041,1.453430213591053,0.45798730116483244,1,1,1,500,55,0.5,exploratoria,False,2
RD_0726,726,altura_cm cercana a 161.65 con radio ±6.71 Y presion_sistolica cercana a 106.69 con radio ±11.87 Y fumador = no Y alcohol = no => enfermedad_cardiovascular = no,no,gaussiana,"alcohol, altura_cm, fumador, presion_sistolica",4,0.06679331551499859,0.02288526430244949,0.7300766229477628,1.4528888018860953,0.4574404481362066,1,1,1,500,13,0.5,exploratoria,False,2
RD_0728,728,presion_sistolica cercana a 102.00 con radio ±28.00 Y glucosa = normal Y alcohol = no Y actividad_fisica = no => enfermedad_cardiovascular = no,no,gaussiana,"actividad_fisica, alcohol, glucosa, presion_sistolica",4,0.06666843540543484,0.02227214732822701,0.7297521374780045,1.4522430596577205,0.45678821603619,1,1,1,500,55,0.5,exploratoria,False,2
RD_0729,729,edad_anios cercana a 45.27 con radio ±6.87 Y colesterol = normal => enfermedad_cardiovascular = no,no,triangular,"colesterol, edad_anios",2,0.06666135133268059,0.10195796735724606,0.6545100021872065,1.302507467039217,0.30554774308986227,1,1,1,500,55,0.5,exploratoria,False,2
RD_0730,730,peso_kg cercana a 51.96 con radio ±20.93 => enfermedad_cardiovascular = no,no,triangular,peso_kg,1,0.06656080814629382,0.13422280123620647,0.6109089587450344,1.215739221383153,0.21790745476388826,3,1,3,"50, 100, 500",55,0.5,exploratoria,False,2
RD_0732,732,presion_diastolica cercana a 73.27 con radio ±19.49 => enfermedad_cardiovascular = no,no,gaussiana,presion_diastolica,1,0.06647748486602642,0.2718532211443007,0.6107936829394952,1.2155098167950156,0.2176757446020005,2,2,1,500,"13, 55",1.0,alta,True,0
RD_0733,733,edad_anios cercana a 52.86 con radio ±2.45 Y presion_sistolica cercana a 108.29 con radio ±25.87 Y colesterol = normal Y fumador = no => enfermedad_cardiovascular = no,no,gaussiana,"colesterol, edad_anios, fumador, presion_sistolica",4,0.06644615927294938,0.024674555881957463,0.7291740354820644,1.4510926079245063,0.45562620197399883,1,1,1,500,55,0.5,exploratoria,False,2
RD_0739,739,presion_sistolica cercana a 114.86 con radio ±23.08 Y fumador = si => enfermedad_cardiovascular = no,no,triangular,"fumador, presion_sistolica",2,0.06556251193002394,0.02339390894272703,0.6524713996729994,1.2984505466129341,0.3014500495939687,1,1,1,500,55,0.5,exploratoria,False,2
RD_0740,740,edad_anios cercana a 47.53 con radio ±4.00 Y presion_sistolica cercana a 117.62 con radio ±25.71 Y fumador = no => enfermedad_cardiovascular = no,no,gaussiana,"edad_anios, fumador, presion_sistolica",3,0.06547802939103539,0.03727602263413357,0.6910543212477117,1.375232480094949,0.3790036607994206,2,1,2,"100, 500",55,0.5,exploratoria,False,2
RD_0742,742,altura_cm cercana a 159.72 con radio ±6.78 Y presion_sistolica cercana a 110.72 con radio ±27.93 Y colesterol = normal Y fumador = no => enfermedad_cardiovascular = no,no,gaussiana,"altura_cm, colesterol, fumador, presion_sistolica",4,0.06537005127159363,0.06695036254574041,0.7263653176209847,1.4455031196437507,0.4499805379316275,1,1,1,500,13,0.5,exploratoria,False,2
RD_0743,743,presion_sistolica cercana a 114.86 con radio ±23.08 Y fumador = si => enfermedad_cardiovascular = no,no,gaussiana,"fumador, presion_sistolica",2,0.0649815766417743,0.02222807383332812,0.651389432745447,1.2962973785979046,0.29927524169939107,1,1,1,500,55,0.5,exploratoria,False,2
RD_0744,744,altura_cm cercana a 162.08 con radio ±5.54 Y presion_sistolica cercana a 106.79 con radio ±12.78 Y fumador = no Y alcohol = no => enfermedad_cardiovascular = no,no,gaussiana,"alcohol, altura_cm, fumador, presion_sistolica",4,0.06497459122435018,0.01920110737840401,0.7253289577386567,1.4434407119177248,0.44789740248976223,1,1,1,500,13,0.5,exploratoria,False,2
RD_0745,745,edad_anios cercana a 52.58 con radio ±2.93 Y presion_sistolica cercana a 118.30 con radio ±21.37 Y sexo = mujer Y colesterol = normal => enfermedad_cardiovascular = no,no,triangular,"colesterol, edad_anios, presion_sistolica, sexo",4,0.06495230043080258,0.03522239351909057,0.725270474053201,1.443324326474032,0.44777984734311765,1,1,1,500,55,0.5,exploratoria,False,2
RD_0746,746,presion_sistolica cercana a 114.62 con radio ±14.81 Y sexo = mujer Y colesterol = normal Y glucosa = normal => enfermedad_cardiovascular = no,no,gaussiana,"colesterol, glucosa, presion_sistolica, sexo",4,0.06471509479781044,0.11518718524521841,0.7246476772329512,1.4420849298168186,0.44652799443809293,1,1,1,500,13,0.5,exploratoria,False,2
RD_0748,748,presion_sistolica cercana a 102.84 con radio ±24.11 Y fumador = no Y alcohol = no Y actividad_fisica = no => enfermedad_cardiovascular = no,no,gaussiana,"actividad_fisica, alcohol, fumador, presion_sistolica",4,0.0646066071369337,0.02083885026718537,0.7243625635122392,1.4415175393278392,0.44595490153213907,1,1,1,50,13,0.5,exploratoria,False,2
RD_0749,749,peso_kg cercana a 42.51 con radio ±25.15 Y alcohol = no => enfermedad_cardiovascular = no,no,gaussiana,"alcohol, peso_kg",2,0.0645628173495286,0.03623303859652829,0.6506076935457378,1.2947416786979857,0.2977039066245986,1,1,1,500,13,0.5,exploratoria,False,2
RD_0751,751,altura_cm cercana a 158.30 con radio ±6.10 Y presion_sistolica cercana a 102.00 con radio ±28.00 Y alcohol = no Y actividad_fisica = no => enfermedad_cardiovascular = no,no,triangular,"actividad_fisica, alcohol, altura_cm, presion_sistolica",4,0.06447103071897137,0.01294685313304716,0.7240060167924267,1.4408079936167697,0.44523822470839547,1,1,1,500,55,0.5,exploratoria,False,2
RD_0752,752,peso_kg cercana a 88.75 con radio ±9.88 Y presion_sistolica cercana a 102.00 con radio ±26.63 Y sexo = mujer Y colesterol = normal => enfermedad_cardiovascular = no,no,triangular,"colesterol, peso_kg, presion_sistolica, sexo",4,0.06442417370159499,0.010422025360600305,0.7238827269484388,1.4405626406934107,0.44499040592651024,1,1,1,500,55,0.5,exploratoria,False,2
RD_0753,753,edad_anios cercana a 47.93 con radio ±2.37 Y presion_sistolica cercana a 116.50 con radio ±11.15 Y fumador = no => enfermedad_cardiovascular = no,no,gaussiana,"edad_anios, fumador, presion_sistolica",3,0.06431364314833608,0.013007744413501434,0.688412112225189,1.3699743526869435,0.3736926878898273,1,1,1,500,13,0.5,exploratoria,False,2
RD_0755,755,presion_sistolica cercana a 123.23 con radio ±11.28 => enfermedad_cardiovascular = no,no,triangular,presion_sistolica,1,0.06410999634198272,0.20512623762895232,0.6075027317232428,1.2089606601457568,0.2110607672829001,1,1,1,500,13,0.5,exploratoria,False,2
RD_0756,756,presion_sistolica cercana a 114.62 con radio ±14.81 Y sexo = mujer Y colesterol = normal Y glucosa = normal => enfermedad_cardiovascular = no,no,triangular,"colesterol, glucosa, presion_sistolica, sexo",4,0.06395525641661459,0.13004426258466123,0.7226471391898012,1.4381037595816941,0.44250681244181145,1,1,1,500,13,0.5,exploratoria,False,2
RD_0758,758,altura_cm cercana a 158.05 con radio ±5.17 Y presion_sistolica cercana a 110.30 con radio ±29.89 Y sexo = mujer Y colesterol = normal => enfermedad_cardiovascular = no,no,gaussiana,"altura_cm, colesterol, presion_sistolica, sexo",4,0.06384839850863416,0.042905391941601444,0.7223651173441874,1.437542522077985,0.44193993436017576,1,1,1,500,55,0.5,exploratoria,False,2
RD_0760,760,edad_anios cercana a 42.54 con radio ±2.15 Y sexo = hombre => enfermedad_cardiovascular = no,no,triangular,"edad_anios, sexo",2,0.06373561765629186,0.011512954256857352,0.6490589640166692,1.291659629883919,0.29459088244556625,1,1,1,500,55,0.5,exploratoria,False,2
RD_0764,764,presion_sistolica cercana a 110.46 con radio ±19.00 Y sexo = hombre Y colesterol = normal Y fumador = no => enfermedad_cardiovascular = no,no,gaussiana,"colesterol, fumador, presion_sistolica, sexo",4,0.06324168142041453,0.039290177238305815,0.720760644217233,1.434349540730812,0.43871486274820704,1,1,1,500,55,0.5,exploratoria,False,2
RD_0766,766,altura_cm cercana a 164.71 con radio ±11.07 Y presion_sistolica cercana a 102.00 con radio ±27.08 Y sexo = hombre Y alcohol = no => enfermedad_cardiovascular = no,no,gaussiana,"alcohol, altura_cm, presion_sistolica, sexo",4,0.0629799641316329,0.01848220846731334,0.720066833398116,1.4329688226828179,0.43732026813691655,1,1,1,500,55,0.5,exploratoria,False,2
RD_0767,767,presion_sistolica cercana a 113.76 con radio ±24.15 Y sexo = mujer Y colesterol = normal Y glucosa = normal => enfermedad_cardiovascular = no,no,gaussiana,"colesterol, glucosa, presion_sistolica, sexo",4,0.06277774760502941,0.1629586342576294,0.7195300547402277,1.4319006064482145,0.4362413160607592,1,1,1,50,13,0.5,exploratoria,False,2
RD_0768,768,peso_kg cercana a 74.06 con radio ±8.87 Y presion_sistolica cercana a 102.00 con radio ±28.00 Y glucosa = normal Y alcohol = no => enfermedad_cardiovascular = no,no,gaussiana,"alcohol, glucosa, peso_kg, presion_sistolica",4,0.06260190055417841,0.03323838790331672,0.7190627725153715,1.4309706915728788,0.43530205530727956,1,1,1,500,55,0.5,exploratoria,False,2
RD_0769,769,edad_anios cercana a 45.27 con radio ±6.87 Y colesterol = normal => enfermedad_cardiovascular = no,no,gaussiana,"colesterol, edad_anios",2,0.06259904575290738,0.0831007707865175,0.646921123897378,1.2874052216863245,0.29029371637663925,1,1,1,500,55,0.5,exploratoria,False,2
RD_0770,770,edad_anios cercana a 51.81 con radio ±2.60 Y presion_sistolica cercana a 117.73 con radio ±25.57 Y sexo = mujer Y glucosa = normal => enfermedad_cardiovascular = no,no,triangular,"edad_anios, glucosa, presion_sistolica, sexo",4,0.06259696876207532,0.0347823460919482,0.719049660427049,1.4309445978647743,0.4352756993508523,1,1,1,500,55,0.5,exploratoria,False,2
RD_0773,773,altura_cm cercana a 158.06 con radio ±6.78 Y presion_sistolica cercana a 118.47 con radio ±13.32 Y colesterol = normal Y actividad_fisica = no => enfermedad_cardiovascular = no,no,triangular,"actividad_fisica, altura_cm, colesterol, presion_sistolica",4,0.06185283509285874,0.01293242280803653,0.7170670132074247,1.4269990312585568,0.431290478808894,1,1,1,500,13,0.5,exploratoria,False,2
RD_0774,774,presion_sistolica cercana a 102.00 con radio ±20.02 Y presion_diastolica cercana a 82.91 con radio ±6.09 Y sexo = mujer => enfermedad_cardiovascular = no,no,gaussiana,"presion_diastolica, presion_sistolica, sexo",3,0.06147339702795974,0.010560760986296217,0.6818990712699144,1.3570130771540587,0.36060114828123513,1,1,1,500,55,0.5,exploratoria,False,2
RD_0777,777,presion_sistolica cercana a 102.00 con radio ±28.00 Y glucosa = normal Y fumador = no Y actividad_fisica = no => enfermedad_cardiovascular = no,no,triangular,"actividad_fisica, fumador, glucosa, presion_sistolica",4,0.06127074355534438,0.031303571428571444,0.7155102040816326,1.42390090364504,0.42816121423443737,1,1,1,500,55,0.5,exploratoria,False,2
RD_0779,779,altura_cm cercana a 159.72 con radio ±6.78 Y presion_sistolica cercana a 110.72 con radio ±27.93 Y colesterol = normal Y fumador = no => enfermedad_cardiovascular = no,no,triangular,"altura_cm, colesterol, fumador, presion_sistolica",4,0.0609552234936474,0.09158103884339852,0.7146641570349873,1.4222172279303231,0.42646061715575345,1,1,1,500,13,0.5,exploratoria,False,2
RD_0780,780,peso_kg cercana a 55.70 con radio ±8.15 Y fumador = no => enfermedad_cardiovascular = no,no,triangular,"fumador, peso_kg",2,0.06092651902401862,0.061156925675891864,0.6437540027099695,1.2811024929551633,0.2839276436381298,1,1,1,500,55,0.5,exploratoria,False,2
RD_0781,781,peso_kg cercana a 50.22 con radio ±17.97 Y alcohol = no => enfermedad_cardiovascular = no,no,gaussiana,"alcohol, peso_kg",2,0.06087254755538682,0.06331982795624334,0.6436513757957721,1.280898260290094,0.2837213583834617,1,1,1,100,13,0.5,exploratoria,False,2
RD_0783,783,peso_kg cercana a 55.70 con radio ±8.15 Y fumador = no => enfermedad_cardiovascular = no,no,gaussiana,"fumador, peso_kg",2,0.06074896043548221,0.04894576808651784,0.6434162733458312,1.2804303947180722,0.2832487906448869,1,1,1,500,55,0.5,exploratoria,False,2
RD_0786,786,edad_anios cercana a 51.20 con radio ±2.45 Y presion_sistolica cercana a 119.76 con radio ±28.00 Y glucosa = normal Y fumador = no => enfermedad_cardiovascular = no,no,gaussiana,"edad_anios, fumador, glucosa, presion_sistolica",4,0.06048071094323413,0.03021751949943537,0.7133888654628551,1.419679334254438,0.42389721701076405,1,1,1,500,55,0.5,exploratoria,False,2
RD_0790,790,edad_anios cercana a 47.53 con radio ±4.00 Y presion_sistolica cercana a 117.62 con radio ±25.71 Y fumador = no => enfermedad_cardiovascular = no,no,triangular,"edad_anios, fumador, presion_sistolica",3,0.05984252436769675,0.05058523265983783,0.6781143648651367,1.3494813231147,0.35299369822138027,2,1,2,"100, 500",55,0.5,exploratoria,False,2
RD_0792,792,altura_cm cercana a 160.37 con radio ±7.19 Y presion_sistolica cercana a 102.00 con radio ±23.05 Y fumador = no Y actividad_fisica = no => enfermedad_cardiovascular = no,no,triangular,"actividad_fisica, altura_cm, fumador, presion_sistolica",4,0.05967763177282908,0.01230069387865312,0.7112224682357764,1.415368095991595,0.4195426497201536,1,1,1,500,55,0.5,exploratoria,False,2
RD_0793,793,edad_anios cercana a 51.62 con radio ±2.25 Y presion_diastolica cercana a 83.56 con radio ±7.41 Y sexo = mujer Y colesterol = normal => enfermedad_cardiovascular = no,no,triangular,"colesterol, edad_anios, presion_diastolica, sexo",4,0.05963375873572874,0.01538366033418291,0.7111038217250404,1.4151319835324188,0.419304164271438,1,1,1,500,13,0.5,exploratoria,False,2
RD_0795,795,peso_kg cercana a 86.80 con radio ±8.87 Y presion_sistolica cercana a 102.00 con radio ±28.00 Y sexo = mujer Y glucosa = normal => enfermedad_cardiovascular = no,no,triangular,"glucosa, peso_kg, presion_sistolica, sexo",4,0.058947157231641595,0.013153176319716598,0.7092430306387952,1.41142891669412,0.41556388068099553,1,1,1,500,55,0.5,exploratoria,False,2
RD_0797,797,presion_sistolica cercana a 113.76 con radio ±24.15 Y sexo = mujer Y colesterol = normal Y glucosa = normal => enfermedad_cardiovascular = no,no,triangular,"colesterol, glucosa, presion_sistolica, sexo",4,0.05877454808582394,0.16815096460004614,0.7087740440277287,1.4104956100054304,0.4146211940255854,1,1,1,50,13,0.5,exploratoria,False,2
RD_0798,798,edad_anios cercana a 52.86 con radio ±2.45 Y presion_sistolica cercana a 108.29 con radio ±25.87 Y colesterol = normal Y fumador = no => enfermedad_cardiovascular = no,no,triangular,"colesterol, edad_anios, fumador, presion_sistolica",4,0.05875124668086234,0.034290479075778126,0.7087106962555855,1.4103695447872349,0.41449386182027237,1,1,1,500,55,0.5,exploratoria,False,2
RD_0799,799,edad_anios cercana a 52.35 con radio ±2.49 Y presion_sistolica cercana a 102.00 con radio ±28.00 Y fumador = no Y alcohol = no => enfermedad_cardiovascular = no,no,triangular,"alcohol, edad_anios, fumador, presion_sistolica",4,0.05843114968287899,0.031878040266529635,0.7078395830350945,1.4086359861394917,0.41274288047255187,1,1,1,500,55,0.5,exploratoria,False,2
RD_0800,800,peso_kg cercana a 42.51 con radio ±25.15 Y alcohol = no => enfermedad_cardiovascular = no,no,triangular,"alcohol, peso_kg",2,0.058269328637809405,0.06091983086305448,0.6386690696028404,1.2709832230902298,0.27370667256852355,1,1,1,500,13,0.5,exploratoria,False,2
RD_0801,801,peso_kg cercana a 84.67 con radio ±8.69 Y presion_sistolica cercana a 110.26 con radio ±12.63 Y sexo = mujer Y glucosa = normal => enfermedad_cardiovascular = no,no,triangular,"glucosa, peso_kg, presion_sistolica, sexo",4,0.058257742509448734,0.011229754920309545,0.7073669773120199,1.4076954772378507,0.4117929192201406,1,1,1,500,13,0.5,exploratoria,False,2
RD_0804,804,edad_anios cercana a 52.67 con radio ±2.33 Y presion_sistolica cercana a 117.73 con radio ±21.12 Y sexo = mujer Y glucosa = normal => enfermedad_cardiovascular = no,no,triangular,"edad_anios, glucosa, presion_sistolica, sexo",4,0.05800902342819067,0.030702104756966983,0.7066882595672264,1.4063447951586596,0.41042866244668624,1,1,1,500,55,0.5,exploratoria,False,2
RD_0805,805,altura_cm cercana a 161.18 con radio ±6.32 Y presion_sistolica cercana a 117.60 con radio ±13.17 Y sexo = hombre Y fumador = no => enfermedad_cardiovascular = no,no,gaussiana,"altura_cm, fumador, presion_sistolica, sexo",4,0.05784146175477071,0.012108003363991614,0.7062304376179179,1.4054337067023244,0.40950841732244814,1,1,1,500,13,0.5,exploratoria,False,2
RD_0806,806,peso_kg cercana a 55.43 con radio ±12.84 Y fumador = no => enfermedad_cardiovascular = no,no,gaussiana,"fumador, peso_kg",2,0.05782674185023224,0.08023687141790438,0.6378156150144133,1.2692848059988326,0.27199118595861976,1,1,1,500,55,0.5,exploratoria,False,2
RD_0807,807,altura_cm cercana a 160.50 con radio ±5.82 Y presion_sistolica cercana a 114.87 con radio ±12.55 Y sexo = hombre Y fumador = no => enfermedad_cardiovascular = no,no,triangular,"altura_cm, fumador, presion_sistolica, sexo",4,0.05777243102843869,0.011973436986059986,0.7060416937271845,1.4050580969695214,0.40912903261745637,1,1,1,500,13,0.5,exploratoria,False,2
RD_0809,809,presion_sistolica cercana a 102.00 con radio ±28.00 Y presion_diastolica cercana a 86.64 con radio ±7.34 Y sexo = mujer Y colesterol = normal => enfermedad_cardiovascular = no,no,triangular,"colesterol, presion_diastolica, presion_sistolica, sexo",4,0.05759442746886604,0.016752786238238965,0.7055546343906303,1.4040888246579708,0.4081500188756388,1,1,1,500,55,0.5,exploratoria,False,2
RD_0812,812,altura_cm cercana a 158.05 con radio ±5.17 Y presion_sistolica cercana a 110.30 con radio ±29.89 Y sexo = mujer Y colesterol = normal => enfermedad_cardiovascular = no,no,triangular,"altura_cm, colesterol, presion_sistolica, sexo",4,0.0569717212728738,0.055336528769017936,0.703846640692652,1.4006898322241832,0.40471686571387344,1,1,1,500,55,0.5,exploratoria,False,2
RD_0813,813,presion_sistolica cercana a 110.46 con radio ±19.00 Y sexo = hombre Y colesterol = normal Y fumador = no => enfermedad_cardiovascular = no,no,triangular,"colesterol, fumador, presion_sistolica, sexo",4,0.056779589971663984,0.05059592800745783,0.7033183494279533,1.3996385063242853,0.4036549737245294,1,1,1,500,55,0.5,exploratoria,False,2
RD_0814,814,peso_kg cercana a 50.22 con radio ±17.97 Y alcohol = no => enfermedad_cardiovascular = no,no,triangular,"alcohol, peso_kg",2,0.056763127695102146,0.08707133362730493,0.6357568667591516,1.2651877945455754,0.2678529985108575,1,1,1,100,13,0.5,exploratoria,False,2
RD_0815,815,edad_anios cercana a 51.46 con radio ±2.38 Y presion_diastolica cercana a 79.83 con radio ±11.59 => enfermedad_cardiovascular = no,no,gaussiana,"edad_anios, presion_diastolica",2,0.056709685476776885,0.02910536696805183,0.6356531322376152,1.2649813576867965,0.2676444869097794,1,1,1,500,13,0.5,exploratoria,False,2
RD_0816,816,altura_cm cercana a 158.07 con radio ±5.52 Y presion_sistolica cercana a 108.77 con radio ±22.50 Y fumador = no Y alcohol = no => enfermedad_cardiovascular = no,no,gaussiana,"alcohol, altura_cm, fumador, presion_sistolica",4,0.056302460585838626,0.04335553581724987,0.7020037389831321,1.3970223661355863,0.4010125406696122,1,1,1,50,13,0.5,exploratoria,False,2
RD_0817,817,altura_cm cercana a 161.46 con radio ±6.28 Y presion_sistolica cercana a 104.71 con radio ±21.08 Y sexo = mujer Y fumador = no => enfermedad_cardiovascular = no,no,triangular,"altura_cm, fumador, presion_sistolica, sexo",4,0.056241697022986974,0.057964333885449734,0.701836044884526,1.3966886465363704,0.4006754671045749,1,1,1,500,55,0.5,exploratoria,False,2
RD_0818,818,presion_sistolica cercana a 122.41 con radio ±11.19 Y colesterol = normal Y fumador = no => enfermedad_cardiovascular = no,no,gaussiana,"colesterol, fumador, presion_sistolica",3,0.056223539200092605,0.17482059388932408,0.6695936452346136,1.3325246671335595,0.3358666235871631,1,1,1,500,13,0.5,exploratoria,False,2
RD_0824,824,presion_sistolica cercana a 102.00 con radio ±28.00 Y glucosa = normal Y alcohol = no Y actividad_fisica = no => enfermedad_cardiovascular = no,no,triangular,"actividad_fisica, alcohol, glucosa, presion_sistolica",4,0.056011433165829176,0.031303571428571444,0.7012,1.3954228855721396,0.3993969849246233,1,1,1,500,55,0.5,exploratoria,False,2
RD_0826,826,presion_sistolica cercana a 116.40 con radio ±11.73 Y colesterol = normal Y fumador = no Y alcohol = no => enfermedad_cardiovascular = no,no,triangular,"alcohol, colesterol, fumador, presion_sistolica",4,0.05590804273270872,0.17629477603553012,0.7009141177563681,1.3948539656843149,0.39882234724898125,1,1,1,500,13,0.5,exploratoria,False,2
RD_0827,827,peso_kg cercana a 74.06 con radio ±8.87 Y presion_sistolica cercana a 102.00 con radio ±28.00 Y glucosa = normal Y alcohol = no => enfermedad_cardiovascular = no,no,triangular,"alcohol, glucosa, peso_kg, presion_sistolica",4,0.05570253490798757,0.05703802270169596,0.7003453329568445,1.3937220556355117,0.3976790612197881,1,1,1,500,55,0.5,exploratoria,False,2
RD_0828,828,edad_anios cercana a 51.20 con radio ±2.45 Y presion_sistolica cercana a 119.76 con radio ±28.00 Y glucosa = normal Y fumador = no => enfermedad_cardiovascular = no,no,triangular,"edad_anios, fumador, glucosa, presion_sistolica",4,0.05566762342219392,0.039794134266610416,0.7002486367047314,1.3935296252830476,0.39748469689393245,1,1,1,500,55,0.5,exploratoria,False,2
RD_0830,830,altura_cm cercana a 160.97 con radio ±6.05 Y presion_sistolica cercana a 102.00 con radio ±28.00 Y presion_diastolica cercana a 84.97 con radio ±6.73 Y colesterol = normal => enfermedad_cardiovascular = no,no,triangular,"altura_cm, colesterol, presion_diastolica, presion_sistolica",4,0.055303997633231676,0.028277355019076994,0.6992402416489267,1.391522868953088,0.39545777215864675,1,1,1,500,55,0.5,exploratoria,False,2
RD_0835,835,altura_cm cercana a 161.46 con radio ±6.28 Y presion_sistolica cercana a 104.71 con radio ±21.08 Y sexo = mujer Y fumador = no => enfermedad_cardiovascular = no,no,gaussiana,"altura_cm, fumador, presion_sistolica, sexo",4,0.05482755287387412,0.03180304809976456,0.6979155351308872,1.3888866370763926,0.3927950454892206,1,1,1,500,55,0.5,exploratoria,False,2
RD_0837,837,presion_sistolica cercana a 102.00 con radio ±20.02 Y presion_diastolica cercana a 82.91 con radio ±6.09 Y sexo = mujer => enfermedad_cardiovascular = no,no,triangular,"presion_diastolica, presion_sistolica, sexo",3,0.05478386396476269,0.024164982677066484,0.666155352809382,1.325682294148024,0.3289554830339337,1,1,1,500,55,0.5,exploratoria,False,2
RD_0838,838,edad_anios cercana a 51.46 con radio ±2.38 Y presion_diastolica cercana a 79.83 con radio ±11.59 => enfermedad_cardiovascular = no,no,triangular,"edad_anios, presion_diastolica",2,0.05464814622864593,0.0377009382325523,0.631629968907741,1.2569750625029674,0.25955772644772074,1,1,1,500,13,0.5,exploratoria,False,2
RD_0841,841,peso_kg cercana a 55.43 con radio ±12.84 Y fumador = no => enfermedad_cardiovascular = no,no,triangular,"fumador, peso_kg",2,0.054506783595806,0.10071752696212355,0.6313525348728162,1.2564229549707786,0.259000070096113,1,1,1,500,55,0.5,exploratoria,False,2
RD_0844,844,edad_anios cercana a 51.20 con radio ±2.34 Y presion_sistolica cercana a 122.03 con radio ±26.28 Y colesterol = normal Y actividad_fisica = si => enfermedad_cardiovascular = no,no,gaussiana,"actividad_fisica, colesterol, edad_anios, presion_sistolica",4,0.05437039435318802,0.023869385996014743,0.6966407480556317,1.3863497473743915,0.390232659408305,1,1,1,500,55,0.5,exploratoria,False,2
RD_0845,845,presion_sistolica cercana a 103.88 con radio ±39.57 Y sexo = mujer Y fumador = no => enfermedad_cardiovascular = no,no,triangular,"fumador, presion_sistolica, sexo",3,0.05405362877843441,0.20124266385344458,0.6644004372127476,1.322189924801488,0.3254280144979851,1,1,1,500,55,0.5,exploratoria,False,2
RD_0846,846,edad_anios cercana a 51.20 con radio ±2.34 Y presion_sistolica cercana a 122.03 con radio ±26.28 Y colesterol = normal Y actividad_fisica = si => enfermedad_cardiovascular = no,no,triangular,"actividad_fisica, colesterol, edad_anios, presion_sistolica",4,0.05400750904154233,0.03255136064978663,0.6956262383845884,1.3843308226558975,0.3881934439891224,1,1,1,500,55,0.5,exploratoria,False,2
RD_0847,847,edad_anios cercana a 51.22 con radio ±2.25 Y presion_diastolica cercana a 76.23 con radio ±4.90 Y glucosa = normal Y alcohol = no => enfermedad_cardiovascular = no,no,triangular,"alcohol, edad_anios, glucosa, presion_diastolica",4,0.053959957885361565,0.011081003984082351,0.6954931290856808,1.3840659285287182,0.38792588760940877,1,1,1,500,55,0.5,exploratoria,False,2
RD_0848,848,presion_sistolica cercana a 116.40 con radio ±11.73 Y colesterol = normal Y fumador = no Y alcohol = no => enfermedad_cardiovascular = no,no,gaussiana,"alcohol, colesterol, fumador, presion_sistolica",4,0.053706855292604765,0.15390009967928814,0.6947839502680199,1.3826546273990448,0.3865004025487837,1,1,1,500,13,0.5,exploratoria,False,2
RD_0849,849,edad_anios cercana a 51.50 con radio ±2.49 Y altura_cm cercana a 158.35 con radio ±5.89 Y peso_kg cercana a 62.31 con radio ±10.30 Y alcohol = no => enfermedad_cardiovascular = no,no,triangular,"alcohol, altura_cm, edad_anios, peso_kg",4,0.05365513459518332,0.010251581912788214,0.6946388922892842,1.382365954804546,0.3862088287221794,1,1,1,100,13,0.5,exploratoria,False,2
RD_0854,854,edad_anios cercana a 51.89 con radio ±2.54 Y presion_diastolica cercana a 83.06 con radio ±6.82 Y colesterol = normal Y alcohol = no => enfermedad_cardiovascular = no,no,gaussiana,"alcohol, colesterol, edad_anios, presion_diastolica",4,0.05285009325517656,0.013052036793291333,0.6923748910141567,1.3778604796301628,0.38165807239026484,1,1,1,500,55,0.5,exploratoria,False,2
RD_0856,856,presion_sistolica cercana a 109.39 con radio ±11.45 Y presion_diastolica cercana a 83.69 con radio ±7.88 Y glucosa = normal Y fumador = no => enfermedad_cardiovascular = no,no,gaussiana,"fumador, glucosa, presion_diastolica, presion_sistolica",4,0.05263351761903567,0.011646222078799532,0.6917638335822738,1.3766444449398485,0.3804298162457765,1,1,1,500,13,0.5,exploratoria,False,2
RD_0858,858,altura_cm cercana a 161.18 con radio ±6.32 Y presion_sistolica cercana a 117.60 con radio ±13.17 Y sexo = hombre Y fumador = no => enfermedad_cardiovascular = no,no,triangular,"altura_cm, fumador, presion_sistolica, sexo",4,0.05231052646791943,0.015553131853594686,0.6908509521019598,1.3748277653770347,0.37859487859690416,1,1,1,500,13,0.5,exploratoria,False,2
RD_0859,859,peso_kg cercana a 85.89 con radio ±10.42 Y presion_sistolica cercana a 102.00 con radio ±28.00 Y colesterol = normal Y fumador = no => enfermedad_cardiovascular = no,no,triangular,"colesterol, fumador, peso_kg, presion_sistolica",4,0.05208476085831182,0.022385338622301295,0.6902117353882348,1.3735556923148953,0.37731002088087395,1,1,1,500,55,0.5,exploratoria,False,2
RD_0861,861,peso_kg cercana a 85.89 con radio ±10.42 Y presion_sistolica cercana a 102.00 con radio ±28.00 Y colesterol = normal Y fumador = no => enfermedad_cardiovascular = no,no,gaussiana,"colesterol, fumador, peso_kg, presion_sistolica",4,0.051925876131166906,0.011640689062990203,0.6897613218336303,1.3726593469325976,0.37640466700227193,1,1,1,500,55,0.5,exploratoria,False,2
RD_0862,862,altura_cm cercana a 161.20 con radio ±5.98 Y presion_sistolica cercana a 114.63 con radio ±15.23 Y sexo = mujer Y fumador = no => enfermedad_cardiovascular = no,no,gaussiana,"altura_cm, fumador, presion_sistolica, sexo",4,0.051904500457456364,0.05552148399673666,0.6897006898020833,1.3725386861733002,0.3762827935720268,1,1,1,100,13,0.5,exploratoria,False,2
RD_0863,863,edad_anios cercana a 51.40 con radio ±2.79 Y presion_diastolica cercana a 83.59 con radio ±7.75 Y sexo = mujer Y alcohol = no => enfermedad_cardiovascular = no,no,gaussiana,"alcohol, edad_anios, presion_diastolica, sexo",4,0.051847579495551445,0.0153939190199024,0.6895391927656718,1.372217299036163,0.37595817641341067,1,1,1,500,55,0.5,exploratoria,False,2
RD_0865,865,edad_anios cercana a 52.36 con radio ±2.92 Y colesterol = normal => enfermedad_cardiovascular = no,no,gaussiana,"colesterol, edad_anios",2,0.05182239884816124,0.04981579577024118,0.6260452678208206,1.2458612294941704,0.2483321966247651,1,1,1,500,55,0.5,exploratoria,False,2
RD_0866,866,presion_sistolica cercana a 102.84 con radio ±24.11 Y fumador = no Y alcohol = no Y actividad_fisica = no => enfermedad_cardiovascular = no,no,triangular,"actividad_fisica, alcohol, fumador, presion_sistolica",4,0.051820708590062874,0.030151784772489993,0.6894629335354918,1.3720655393741132,0.37580489152862684,1,1,1,50,13,0.5,exploratoria,False,2
RD_0870,870,presion_sistolica cercana a 122.41 con radio ±11.19 Y colesterol = normal Y fumador = no => enfermedad_cardiovascular = no,no,triangular,"colesterol, fumador, presion_sistolica",3,0.051187616715995136,0.17634804419093106,0.6574395121305205,1.3083373375731753,0.31143620528747856,1,1,1,500,13,0.5,exploratoria,False,2
RD_0871,871,altura_cm cercana a 159.95 con radio ±6.46 Y presion_sistolica cercana a 114.97 con radio ±12.67 Y sexo = mujer Y actividad_fisica = si => enfermedad_cardiovascular = no,no,triangular,"actividad_fisica, altura_cm, presion_sistolica, sexo",4,0.05110300754739175,0.05794461052841757,0.6874211748547088,1.3680023380193211,0.3717008539793142,1,1,1,50,13,0.5,exploratoria,False,2
RD_0872,872,presion_sistolica cercana a 119.39 con radio ±11.33 Y colesterol = normal Y glucosa = normal Y fumador = no => enfermedad_cardiovascular = no,no,triangular,"colesterol, fumador, glucosa, presion_sistolica",4,0.05082595789240442,0.20353008844518744,0.6866304459979294,1.366428748254586,0.3701114492420693,2,1,1,500,13,0.5,exploratoria,False,2
RD_0875,875,peso_kg cercana a 85.18 con radio ±8.17 Y presion_sistolica cercana a 117.24 con radio ±14.14 Y sexo = mujer => enfermedad_cardiovascular = no,no,gaussiana,"peso_kg, presion_sistolica, sexo",3,0.05078968481338168,0.015225536666411514,0.6564635674908104,1.3063951591856924,0.3094745075192169,1,1,1,100,13,0.5,exploratoria,False,2
RD_0877,877,presion_sistolica cercana a 107.79 con radio ±23.31 Y presion_diastolica cercana a 83.44 con radio ±6.51 Y sexo = mujer Y colesterol = normal => enfermedad_cardiovascular = no,no,gaussiana,"colesterol, presion_diastolica, presion_sistolica, sexo",4,0.05061675433103331,0.039888781858172045,0.6860324040809901,1.3652386150865476,0.36890935493666355,1,1,1,500,55,0.5,exploratoria,False,2
RD_0878,878,altura_cm cercana a 158.07 con radio ±5.52 Y presion_sistolica cercana a 108.77 con radio ±22.50 Y fumador = no Y alcohol = no => enfermedad_cardiovascular = no,no,triangular,"alcohol, altura_cm, fumador, presion_sistolica",4,0.05061146992520829,0.0630339465165318,0.6860172871076613,1.365208531557535,0.3688789690606258,1,1,1,50,13,0.5,exploratoria,False,2
RD_0879,879,altura_cm cercana a 161.20 con radio ±5.98 Y presion_sistolica cercana a 114.63 con radio ±15.23 Y sexo = mujer Y fumador = no => enfermedad_cardiovascular = no,no,triangular,"altura_cm, fumador, presion_sistolica, sexo",4,0.05053913678295191,0.07439536734273346,0.6858103125546474,1.364796641899796,0.3684629398083366,1,1,1,100,13,0.5,exploratoria,False,2
RD_0880,880,presion_sistolica cercana a 102.00 con radio ±22.04 Y presion_diastolica cercana a 82.61 con radio ±7.24 Y glucosa = normal Y fumador = no => enfermedad_cardiovascular = no,no,gaussiana,"fumador, glucosa, presion_diastolica, presion_sistolica",4,0.05039124937545442,0.020542589419246495,0.6853868393967999,1.3639539092473631,0.3676117374810049,1,1,1,500,55,0.5,exploratoria,False,2
RD_0881,881,edad_anios cercana a 52.08 con radio ±2.78 Y presion_sistolica cercana a 123.68 con radio ±22.09 Y colesterol = normal Y alcohol = no => enfermedad_cardiovascular = no,no,gaussiana,"alcohol, colesterol, edad_anios, presion_sistolica",4,0.050383651574487556,0.028255657565241645,0.6853650720621639,1.3639105911684855,0.36756798404455066,1,1,1,50,13,0.5,exploratoria,False,2
RD_0884,884,presion_sistolica cercana a 107.79 con radio ±23.31 Y presion_diastolica cercana a 83.44 con radio ±6.51 Y sexo = mujer Y colesterol = normal => enfermedad_cardiovascular = no,no,triangular,"colesterol, presion_diastolica, presion_sistolica, sexo",4,0.05016246009117618,0.06679702369793017,0.6847308899787864,1.362648537271217,0.36629324618851544,1,1,1,500,55,0.5,exploratoria,False,2
RD_0885,885,presion_sistolica cercana a 119.39 con radio ±11.33 Y colesterol = normal Y glucosa = normal Y fumador = no => enfermedad_cardiovascular = no,no,gaussiana,"colesterol, fumador, glucosa, presion_sistolica",4,0.050150617442450196,0.20061637185624656,0.6846969095380596,1.3625809145036014,0.3662249437950948,2,1,1,500,13,0.5,exploratoria,False,2
RD_0886,886,altura_cm cercana a 170.63 con radio ±10.92 Y peso_kg cercana a 58.56 con radio ±7.03 Y alcohol = no => enfermedad_cardiovascular = no,no,gaussiana,"alcohol, altura_cm, peso_kg",3,0.050084750516835266,0.016364105380003147,0.6547288916765066,1.3029430680129486,0.3059877219628274,1,1,1,500,55,0.5,exploratoria,False,2
RD_0887,887,peso_kg cercana a 45.06 con radio ±13.88 Y glucosa = normal Y fumador = no Y actividad_fisica = si => enfermedad_cardiovascular = no,no,gaussiana,"actividad_fisica, fumador, glucosa, peso_kg",4,0.049997861980244446,0.014092150944199045,0.6842583650183424,1.3617081890912288,0.36534344727305007,1,1,1,500,55,0.5,exploratoria,False,2
RD_0888,888,altura_cm cercana a 160.52 con radio ±5.92 Y presion_sistolica cercana a 119.55 con radio ±16.91 Y glucosa = normal Y fumador = no => enfermedad_cardiovascular = no,no,gaussiana,"altura_cm, fumador, glucosa, presion_sistolica",4,0.049550192581807914,0.060874130663490615,0.6829705885144316,1.3591454497799635,0.36275495178780226,1,1,1,500,55,0.5,exploratoria,False,2
RD_0889,889,altura_cm cercana a 159.95 con radio ±6.46 Y presion_sistolica cercana a 114.97 con radio ±12.67 Y sexo = mujer Y actividad_fisica = si => enfermedad_cardiovascular = no,no,gaussiana,"actividad_fisica, altura_cm, presion_sistolica, sexo",4,0.0493929536269488,0.039716092897603396,0.682517358661695,1.358243499824269,0.3618439370084323,1,1,1,50,13,0.5,exploratoria,False,2
RD_0893,893,presion_sistolica cercana a 102.00 con radio ±25.44 Y presion_diastolica cercana a 85.52 con radio ±6.46 Y colesterol = normal Y fumador = no => enfermedad_cardiovascular = no,no,triangular,"colesterol, fumador, presion_diastolica, presion_sistolica",4,0.048633974820956466,0.031012998062089316,0.6803229248823901,1.3538764674276422,0.35743301483897516,1,1,1,500,55,0.5,exploratoria,False,2
RD_0895,895,altura_cm cercana a 164.71 con radio ±11.07 Y presion_sistolica cercana a 102.00 con radio ±27.08 Y sexo = hombre Y alcohol = no => enfermedad_cardiovascular = no,no,triangular,"alcohol, altura_cm, presion_sistolica, sexo",4,0.04828541438040568,0.03209160816552992,0.6793113633245345,1.3518634096010638,0.3553997252754462,1,1,1,500,55,0.5,exploratoria,False,2
RD_0897,897,edad_anios cercana a 51.89 con radio ±2.54 Y presion_diastolica cercana a 83.06 con radio ±6.82 Y colesterol = normal Y alcohol = no => enfermedad_cardiovascular = no,no,triangular,"alcohol, colesterol, edad_anios, presion_diastolica",4,0.04811427691730071,0.022502322606560717,0.6788138272021915,1.3508732879645604,0.3543996526677217,1,1,1,500,55,0.5,exploratoria,False,2
RD_0899,899,presion_sistolica cercana a 118.44 con radio ±28.00 Y colesterol = normal Y glucosa = normal Y fumador = no => enfermedad_cardiovascular = no,no,gaussiana,"colesterol, fumador, glucosa, presion_sistolica",4,0.04805866647760044,0.26366568704881654,0.6786520301344287,1.350551303750107,0.35407443243101244,1,1,1,500,55,0.5,exploratoria,False,2
RD_0900,900,peso_kg cercana a 85.47 con radio ±9.60 Y presion_sistolica cercana a 102.00 con radio ±24.31 Y presion_diastolica cercana a 69.62 con radio ±12.75 Y colesterol = normal => enfermedad_cardiovascular = no,no,triangular,"colesterol, peso_kg, presion_diastolica, presion_sistolica",4,0.047965907797386326,0.013445216186626543,0.6783820148923497,1.3500139599847758,0.35353168822582864,1,1,1,500,55,0.5,exploratoria,False,2
RD_0902,902,altura_cm cercana a 162.03 con radio ±6.46 Y presion_sistolica cercana a 121.54 con radio ±11.46 Y glucosa = normal Y alcohol = no => enfermedad_cardiovascular = no,no,gaussiana,"alcohol, altura_cm, glucosa, presion_sistolica",4,0.047862529005024634,0.06188354150273264,0.6780808838404254,1.349414694209802,0.35292639967924716,1,1,1,500,13,0.5,exploratoria,False,2
RD_0903,903,presion_sistolica cercana a 114.69 con radio ±16.22 Y colesterol = normal Y fumador = no Y actividad_fisica = no => enfermedad_cardiovascular = no,no,gaussiana,"actividad_fisica, colesterol, fumador, presion_sistolica",4,0.04781533401692438,0.033919190910781924,0.6779433393751294,1.3491409738808546,0.35264992839222,1,1,1,50,13,0.5,exploratoria,False,2
RD_0904,904,presion_sistolica cercana a 109.39 con radio ±11.45 Y presion_diastolica cercana a 83.69 con radio ±7.88 Y glucosa = normal Y fumador = no => enfermedad_cardiovascular = no,no,triangular,"fumador, glucosa, presion_diastolica, presion_sistolica",4,0.047340073490572086,0.025149753915481944,0.6765557668405144,1.3463796355035114,0.34986083787038086,1,1,1,500,13,0.5,exploratoria,False,2
RD_0906,906,edad_anios cercana a 52.19 con radio ±2.58 Y presion_diastolica cercana a 84.01 con radio ±6.29 Y sexo = mujer Y colesterol = normal => enfermedad_cardiovascular = no,no,triangular,"colesterol, edad_anios, presion_diastolica, sexo",4,0.047128436089543396,0.014123678654539283,0.6759364105110254,1.3451470855940806,0.34861590052467417,1,1,1,100,13,0.5,exploratoria,False,2
RD_0907,907,presion_sistolica cercana a 116.75 con radio ±8.95 Y glucosa = normal Y fumador = no Y alcohol = no => enfermedad_cardiovascular = no,no,triangular,"alcohol, fumador, glucosa, presion_sistolica",4,0.0470030333678099,0.15066094022013363,0.6755689932143353,1.3444159068941997,0.34787737329514634,1,1,1,100,13,0.5,exploratoria,False,2
RD_0908,908,presion_sistolica cercana a 114.69 con radio ±16.22 Y colesterol = normal Y fumador = no Y actividad_fisica = no => enfermedad_cardiovascular = no,no,triangular,"actividad_fisica, colesterol, fumador, presion_sistolica",4,0.04681031838504099,0.03741313474250757,0.6750037368363723,1.3432910185798455,0.3467411795705976,1,1,1,50,13,0.5,exploratoria,False,2
RD_0909,909,peso_kg cercana a 84.86 con radio ±10.42 Y presion_sistolica cercana a 102.00 con radio ±28.00 Y sexo = mujer Y fumador = no => enfermedad_cardiovascular = no,no,triangular,"fumador, peso_kg, presion_sistolica, sexo",4,0.04671375910579207,0.02107187995863553,0.6747202330455563,1.3427268319314554,0.3461713227046358,1,1,1,500,55,0.5,exploratoria,False,2
RD_0910,910,edad_anios cercana a 51.99 con radio ±2.49 Y presion_sistolica cercana a 113.64 con radio ±14.27 Y presion_diastolica cercana a 85.51 con radio ±6.65 Y fumador = no => enfermedad_cardiovascular = no,no,triangular,"edad_anios, fumador, presion_diastolica, presion_sistolica",4,0.04664479192579444,0.012091597801182715,0.6745176250499365,1.3423236319401723,0.34576407045213375,1,1,1,500,13,0.5,exploratoria,False,2
RD_0911,911,presion_sistolica cercana a 102.00 con radio ±24.41 Y presion_diastolica cercana a 85.86 con radio ±7.40 Y colesterol = normal Y glucosa = normal => enfermedad_cardiovascular = no,no,triangular,"colesterol, glucosa, presion_diastolica, presion_sistolica",4,0.04655162814646841,0.04386619595139574,0.67424377952204,1.3417786657155026,0.3452136271799799,1,1,1,500,55,0.5,exploratoria,False,2
RD_0912,912,peso_kg cercana a 84.86 con radio ±10.42 Y presion_sistolica cercana a 102.00 con radio ±28.00 Y sexo = mujer Y fumador = no => enfermedad_cardiovascular = no,no,gaussiana,"fumador, peso_kg, presion_sistolica, sexo",4,0.04642238994438863,0.011438803567244034,0.6738636030544529,1.3410220956307521,0.3444494533757848,1,1,1,500,55,0.5,exploratoria,False,2
RD_0913,913,altura_cm cercana a 161.48 con radio ±6.42 Y presion_sistolica cercana a 114.98 con radio ±23.18 Y sexo = mujer Y fumador = no => enfermedad_cardiovascular = no,no,gaussiana,"altura_cm, fumador, presion_sistolica, sexo",4,0.0460827463154757,0.07580083647634138,0.6728628484282064,1.3390305441357344,0.3424378862878522,1,1,1,500,55,0.5,exploratoria,False,2
RD_0914,914,presion_sistolica cercana a 116.74 con radio ±13.44 Y presion_diastolica cercana a 84.17 con radio ±7.47 Y colesterol = normal Y fumador = no => enfermedad_cardiovascular = no,no,triangular,"colesterol, fumador, presion_diastolica, presion_sistolica",4,0.04599480489645519,0.08771574048263539,0.6726033430268855,1.3385141154763893,0.3419162673907247,1,1,1,500,13,0.5,exploratoria,False,2
RD_0915,915,presion_sistolica cercana a 116.74 con radio ±13.44 Y presion_diastolica cercana a 84.17 con radio ±7.47 Y colesterol = normal Y fumador = no => enfermedad_cardiovascular = no,no,gaussiana,"colesterol, fumador, presion_diastolica, presion_sistolica",4,0.045954259829258694,0.048564160844687634,0.6724836451724636,1.3382759107909725,0.3416756686883691,1,1,1,500,13,0.5,exploratoria,False,2
RD_0916,916,presion_sistolica cercana a 109.64 con radio ±28.00 Y sexo = mujer Y glucosa = arriba_de_lo_normal => enfermedad_cardiovascular = no,no,gaussiana,"glucosa, presion_sistolica, sexo",3,0.04593233769241524,0.01023538136572296,0.6443554750418853,1.2822994528196723,0.28513663325002075,1,1,1,500,55,0.5,exploratoria,False,2
RD_0917,917,presion_sistolica cercana a 102.00 con radio ±24.41 Y presion_diastolica cercana a 85.86 con radio ±7.40 Y colesterol = normal Y glucosa = normal => enfermedad_cardiovascular = no,no,gaussiana,"colesterol, glucosa, presion_diastolica, presion_sistolica",4,0.045841133989444845,0.0129331149323563,0.6721494931082052,1.3376109315586173,0.3410040062476486,1,1,1,500,55,0.5,exploratoria,False,2
RD_0920,920,altura_cm cercana a 158.52 con radio ±5.73 Y colesterol = normal Y fumador = no Y actividad_fisica = no => enfermedad_cardiovascular = no,no,gaussiana,"actividad_fisica, altura_cm, colesterol, fumador",4,0.04559624423817555,0.015536569620955266,0.6714252254029998,1.3361696027920396,0.3395481917648237,1,1,1,500,13,0.5,exploratoria,False,2
RD_0921,921,presion_sistolica cercana a 102.00 con radio ±28.00 Y presion_diastolica cercana a 84.81 con radio ±6.27 Y colesterol = normal Y alcohol = no => enfermedad_cardiovascular = no,no,gaussiana,"alcohol, colesterol, presion_diastolica, presion_sistolica",4,0.04555169178471602,0.014392903474796865,0.6712933261158676,1.3359071166484928,0.3392830675695831,1,1,1,500,55,0.5,exploratoria,False,2
RD_0922,922,presion_sistolica cercana a 102.00 con radio ±26.94 Y presion_diastolica cercana a 85.94 con radio ±7.80 Y sexo = mujer Y glucosa = normal => enfermedad_cardiovascular = no,no,gaussiana,"glucosa, presion_diastolica, presion_sistolica, sexo",4,0.04549648248869212,0.01182350375438288,0.6711298193419417,1.335581730033715,0.3389544107375714,1,1,1,500,55,0.5,exploratoria,False,2
RD_0923,923,presion_sistolica cercana a 102.00 con radio ±28.00 Y presion_diastolica cercana a 84.81 con radio ±6.27 Y colesterol = normal Y alcohol = no => enfermedad_cardiovascular = no,no,triangular,"alcohol, colesterol, presion_diastolica, presion_sistolica",4,0.04544223838200645,0.04750691445733206,0.6709691090184494,1.3352619084944268,0.3386313749114562,1,1,1,500,55,0.5,exploratoria,False,2
RD_0924,924,edad_anios cercana a 52.36 con radio ±2.92 Y colesterol = normal => enfermedad_cardiovascular = no,no,triangular,"colesterol, edad_anios",2,0.04537374356498972,0.06098615609239795,0.6129776251141833,1.2198559703764844,0.2220655781189615,1,1,1,500,55,0.5,exploratoria,False,2
RD_0926,926,peso_kg cercana a 86.14 con radio ±10.09 Y presion_sistolica cercana a 102.00 con radio ±28.00 Y colesterol = normal Y glucosa = normal => enfermedad_cardiovascular = no,no,gaussiana,"colesterol, glucosa, peso_kg, presion_sistolica",4,0.04532976725000145,0.010819602766412058,0.6706356918570048,1.3345983917552335,0.33796118966232125,1,1,1,500,55,0.5,exploratoria,False,2
RD_0927,927,presion_sistolica cercana a 102.00 con radio ±17.15 Y presion_diastolica cercana a 83.50 con radio ±13.25 Y fumador = no Y alcohol = no => enfermedad_cardiovascular = no,no,triangular,"alcohol, fumador, presion_diastolica, presion_sistolica",4,0.04524741265226185,0.015241594046456655,0.6703913860172976,1.334112210979697,0.33747012264783455,1,1,1,500,55,0.5,exploratoria,False,2
RD_0928,928,peso_kg cercana a 45.06 con radio ±13.88 Y glucosa = normal Y fumador = no Y actividad_fisica = si => enfermedad_cardiovascular = no,no,triangular,"actividad_fisica, fumador, glucosa, peso_kg",4,0.04520302948355168,0.018999276476311885,0.670259663779172,1.3338500771724817,0.33720535432999404,1,1,1,500,55,0.5,exploratoria,False,2
RD_0929,929,altura_cm cercana a 160.52 con radio ±5.92 Y presion_sistolica cercana a 119.55 con radio ±16.91 Y glucosa = normal Y fumador = no => enfermedad_cardiovascular = no,no,triangular,"altura_cm, fumador, glucosa, presion_sistolica",4,0.0451116710468773,0.08208156852751963,0.6699883959336751,1.3333102406640303,0.33666009232899524,1,1,1,500,55,0.5,exploratoria,False,2
RD_0930,930,presion_sistolica cercana a 116.75 con radio ±8.95 Y glucosa = normal Y fumador = no Y alcohol = no => enfermedad_cardiovascular = no,no,gaussiana,"alcohol, fumador, glucosa, presion_sistolica",4,0.04494915642581897,0.121109277297481,0.6695054113328657,1.3323490772793347,0.33568926901078533,1,1,1,100,13,0.5,exploratoria,False,2
RD_0931,931,edad_anios cercana a 44.66 con radio ±3.83 Y sexo = hombre Y glucosa = normal => enfermedad_cardiovascular = no,no,gaussiana,"edad_anios, glucosa, sexo",3,0.04483905065683226,0.018175989508876143,0.6415784172425781,1.2767729696369716,0.2795546075227702,1,1,1,500,55,0.5,exploratoria,False,2
RD_0932,932,peso_kg cercana a 84.76 con radio ±8.23 Y presion_sistolica cercana a 102.00 con radio ±28.00 Y colesterol = normal Y alcohol = no => enfermedad_cardiovascular = no,no,triangular,"alcohol, colesterol, peso_kg, presion_sistolica",4,0.044820509713785386,0.019425693468131874,0.6691226844542978,1.3315874317498464,0.3349199687523574,1,1,1,500,55,0.5,exploratoria,False,2
RD_0933,933,peso_kg cercana a 86.14 con radio ±10.09 Y presion_sistolica cercana a 102.00 con radio ±28.00 Y colesterol = normal Y glucosa = normal => enfermedad_cardiovascular = no,no,triangular,"colesterol, glucosa, peso_kg, presion_sistolica",4,0.04481289965841169,0.021193076290672738,0.6691000333855426,1.3315423549961047,0.3348744389659148,1,1,1,500,55,0.5,exploratoria,False,2
RD_0935,935,altura_cm cercana a 170.63 con radio ±10.92 Y peso_kg cercana a 58.56 con radio ±7.03 Y alcohol = no => enfermedad_cardiovascular = no,no,triangular,"alcohol, altura_cm, peso_kg",3,0.04448593098625795,0.02700986912844848,0.6406772270433249,1.2749795563051243,0.27774316993633147,1,1,1,500,55,0.5,exploratoria,False,2
RD_0936,936,edad_anios cercana a 52.58 con radio ±2.26 Y sexo = mujer Y colesterol = normal Y alcohol = no => enfermedad_cardiovascular = no,no,gaussiana,"alcohol, colesterol, edad_anios, sexo",4,0.04434967152568746,0.027349279677727323,0.6677189309181989,1.3287938923745253,0.33209835360441997,1,1,1,500,55,0.5,exploratoria,False,2
RD_0937,937,presion_sistolica cercana a 102.00 con radio ±15.33 Y presion_diastolica cercana a 83.73 con radio ±7.60 Y fumador = no Y alcohol = no => enfermedad_cardiovascular = no,no,triangular,"alcohol, fumador, presion_diastolica, presion_sistolica",4,0.04418788346671562,0.011661976191439759,0.6672354836691481,1.3278318082968124,0.33112660033999625,1,1,1,500,55,0.5,exploratoria,False,2
RD_0938,938,presion_sistolica cercana a 117.31 con radio ±13.25 Y colesterol = normal Y fumador = no Y actividad_fisica = no => enfermedad_cardiovascular = no,no,gaussiana,"actividad_fisica, colesterol, fumador, presion_sistolica",4,0.044147832870677466,0.0379294215532856,0.6671157196329245,1.3275934719063176,0.3308858686088935,1,1,1,500,13,0.5,exploratoria,False,2
RD_0939,939,presion_sistolica cercana a 102.00 con radio ±26.94 Y presion_diastolica cercana a 85.94 con radio ±7.80 Y sexo = mujer Y glucosa = normal => enfermedad_cardiovascular = no,no,triangular,"glucosa, presion_diastolica, presion_sistolica, sexo",4,0.04413892746529644,0.03648653580884384,0.6670890849474408,1.3275404675570963,0.33083233155264485,1,1,1,500,55,0.5,exploratoria,False,2
RD_0941,941,presion_sistolica cercana a 102.00 con radio ±22.04 Y presion_diastolica cercana a 82.61 con radio ±7.24 Y glucosa = normal Y fumador = no => enfermedad_cardiovascular = no,no,triangular,"fumador, glucosa, presion_diastolica, presion_sistolica",4,0.044074668659029564,0.04573757224964585,0.6668968462400936,1.3271579029653606,0.3304459220906405,1,1,1,500,55,0.5,exploratoria,False,2
RD_0942,942,presion_sistolica cercana a 117.31 con radio ±13.25 Y colesterol = normal Y fumador = no Y actividad_fisica = no => enfermedad_cardiovascular = no,no,triangular,"actividad_fisica, colesterol, fumador, presion_sistolica",4,0.043987672659732635,0.039003245773943006,0.666636444459957,1.3266396904675761,0.3299225014270492,1,1,1,500,13,0.5,exploratoria,False,2
RD_0943,943,edad_anios cercana a 52.08 con radio ±2.78 Y presion_sistolica cercana a 123.68 con radio ±22.09 Y colesterol = normal Y alcohol = no => enfermedad_cardiovascular = no,no,triangular,"alcohol, colesterol, edad_anios, presion_sistolica",4,0.04392141375448471,0.04146432218799225,0.6664380046608773,1.326244785394781,0.32952362745904995,1,1,1,50,13,0.5,exploratoria,False,2
RD_0946,946,edad_anios cercana a 46.80 con radio ±3.35 Y presion_diastolica cercana a 83.03 con radio ±6.96 Y colesterol = normal Y alcohol = no => enfermedad_cardiovascular = no,no,gaussiana,"alcohol, colesterol, edad_anios, presion_diastolica",4,0.043882176549152586,0.013613270689151951,0.6663204478350838,1.3260108414628535,0.32928733233182683,1,1,1,50,55,0.5,exploratoria,False,2
RD_0947,947,presion_sistolica cercana a 102.00 con radio ±17.15 Y presion_diastolica cercana a 83.50 con radio ±13.25 Y fumador = no Y alcohol = no => enfermedad_cardiovascular = no,no,gaussiana,"alcohol, fumador, presion_diastolica, presion_sistolica",4,0.04382024844262361,0.01074798049485425,0.6661348400472428,1.3256414727308314,0.3289142513512418,1,1,1,500,55,0.5,exploratoria,False,2
RD_0949,949,presion_sistolica cercana a 118.44 con radio ±28.00 Y colesterol = normal Y glucosa = normal Y fumador = no => enfermedad_cardiovascular = no,no,triangular,"colesterol, fumador, glucosa, presion_sistolica",4,0.04352181389056314,0.26833006000281395,0.6652392203340273,1.323859144943338,0.3271140107216629,1,1,1,500,55,0.5,exploratoria,False,2
RD_0950,950,edad_anios cercana a 52.12 con radio ±2.79 Y sexo = mujer Y colesterol = normal Y glucosa = normal => enfermedad_cardiovascular = no,no,gaussiana,"colesterol, edad_anios, glucosa, sexo",4,0.04340936654064291,0.03151967460962909,0.664901256216936,1.323186579536191,0.32643468586318797,1,1,1,500,55,0.5,exploratoria,False,2
RD_0951,951,peso_kg cercana a 85.18 con radio ±8.17 Y presion_sistolica cercana a 117.24 con radio ±14.14 Y sexo = mujer => enfermedad_cardiovascular = no,no,triangular,"peso_kg, presion_sistolica, sexo",3,0.04329072902388728,0.020844000671036426,0.6376113765084906,1.268878361210927,0.2715806562984737,1,1,1,100,13,0.5,exploratoria,False,2
RD_0952,952,presion_sistolica cercana a 103.87 con radio ±28.00 Y presion_diastolica cercana a 84.39 con radio ±7.67 Y colesterol = normal Y alcohol = no => enfermedad_cardiovascular = no,no,gaussiana,"alcohol, colesterol, presion_diastolica, presion_sistolica",4,0.04326885238092393,0.04570235521632363,0.6644785478975869,1.3223453689504219,0.3255850208996722,1,1,1,500,55,0.5,exploratoria,False,2
RD_0955,955,presion_sistolica cercana a 109.55 con radio ±12.61 Y alcohol = no Y actividad_fisica = no => enfermedad_cardiovascular = no,no,triangular,"actividad_fisica, alcohol, presion_sistolica",3,0.04307848927892925,0.021932031687720448,0.637064406373154,1.2677898634291622,0.2704812188405106,1,1,1,500,13,0.5,exploratoria,False,2
RD_0957,957,altura_cm cercana a 159.20 con radio ±6.82 Y colesterol = normal Y glucosa = normal Y actividad_fisica = no => enfermedad_cardiovascular = no,no,gaussiana,"actividad_fisica, altura_cm, colesterol, glucosa",4,0.04289777748891288,0.017665563968238557,0.6633601600345116,1.3201197214617149,0.32333700509449576,1,1,1,500,13,0.5,exploratoria,False,2
RD_0958,958,altura_cm cercana a 159.10 con radio ±6.38 Y presion_sistolica cercana a 122.01 con radio ±27.33 Y colesterol = normal Y glucosa = normal => enfermedad_cardiovascular = no,no,gaussiana,"altura_cm, colesterol, glucosa, presion_sistolica",4,0.04272357182877666,0.06447548463592817,0.6628340709066398,1.3190727779236615,0.3222795395108339,1,1,1,500,55,0.5,exploratoria,False,2
RD_0960,960,presion_sistolica cercana a 103.87 con radio ±28.00 Y presion_diastolica cercana a 84.39 con radio ±7.67 Y colesterol = normal Y alcohol = no => enfermedad_cardiovascular = no,no,triangular,"alcohol, colesterol, presion_diastolica, presion_sistolica",4,0.042470080895574656,0.0884838614070612,0.6620673422918535,1.3175469498345345,0.32073837646603726,1,1,1,500,55,0.5,exploratoria,False,2
RD_0961,961,edad_anios cercana a 51.94 con radio ±2.42 Y colesterol = normal Y glucosa = normal => enfermedad_cardiovascular = no,no,gaussiana,"colesterol, edad_anios, glucosa",3,0.04242565716275675,0.037534787179047215,0.6353770886749409,1.2644320172635641,0.2670896254772682,1,1,1,500,13,0.5,exploratoria,False,2
RD_0962,962,edad_anios cercana a 46.80 con radio ±3.35 Y presion_diastolica cercana a 83.03 con radio ±6.96 Y colesterol = normal Y alcohol = no => enfermedad_cardiovascular = no,no,triangular,"alcohol, colesterol, edad_anios, presion_diastolica",4,0.042367676847540246,0.020212111251958594,0.661757196841001,1.316929744957216,0.3201149685246252,1,1,1,50,55,0.5,exploratoria,False,2
RD_0967,967,altura_cm cercana a 159.14 con radio ±6.05 Y presion_sistolica cercana a 125.52 con radio ±28.00 Y colesterol = normal => enfermedad_cardiovascular = no,no,gaussiana,"altura_cm, colesterol, presion_sistolica",3,0.0419588667935345,0.06266853512682054,0.6341660579280185,1.2620220058269027,0.2646553928201378,1,1,1,500,55,0.5,exploratoria,False,2
RD_0968,968,edad_anios cercana a 49.30 con radio ±4.48 Y presion_diastolica cercana a 83.48 con radio ±7.93 Y sexo = mujer Y alcohol = no => enfermedad_cardiovascular = no,no,gaussiana,"alcohol, edad_anios, presion_diastolica, sexo",4,0.04191422021282038,0.018666519866799333,0.6603810123657099,1.3141910693844974,0.31734876857429134,1,1,1,100,55,0.5,exploratoria,False,2
RD_0969,969,presion_sistolica cercana a 102.00 con radio ±28.00 Y presion_diastolica cercana a 83.92 con radio ±7.44 Y glucosa = normal Y fumador = no => enfermedad_cardiovascular = no,no,gaussiana,"fumador, glucosa, presion_diastolica, presion_sistolica",4,0.04184964833000677,0.033946827633771846,0.6601846680349953,1.3138003343980007,0.3169541066030057,2,1,1,500,55,0.5,exploratoria,False,2
RD_0970,970,edad_anios cercana a 52.42 con radio ±2.83 Y colesterol = normal Y alcohol = no => enfermedad_cardiovascular = no,no,gaussiana,"alcohol, colesterol, edad_anios",3,0.04182504085093184,0.046275995371959366,0.6338181557492133,1.2613296631825142,0.2639560919582178,1,1,1,500,13,0.5,exploratoria,False,2
RD_0972,972,altura_cm cercana a 160.05 con radio ±5.50 Y presion_sistolica cercana a 123.72 con radio ±19.30 Y colesterol = normal Y glucosa = normal => enfermedad_cardiovascular = no,no,triangular,"altura_cm, colesterol, glucosa, presion_sistolica",4,0.041810166536973725,0.06836532819463578,0.6600645689193599,1.313561331182806,0.3167127013454472,1,1,1,500,55,0.5,exploratoria,False,2
RD_0973,973,presion_sistolica cercana a 109.64 con radio ±28.00 Y sexo = mujer Y glucosa = arriba_de_lo_normal => enfermedad_cardiovascular = no,no,triangular,"glucosa, presion_sistolica, sexo",3,0.04176299908231677,0.011840426111463938,0.6336567607585022,1.2610084791213976,0.2636316799165874,1,1,1,500,55,0.5,exploratoria,False,2
RD_0974,974,edad_anios cercana a 51.98 con radio ±2.47 Y altura_cm cercana a 159.90 con radio ±6.57 Y colesterol = normal => enfermedad_cardiovascular = no,no,gaussiana,"altura_cm, colesterol, edad_anios",3,0.04175688307824019,0.012849207887675204,0.6336408469428864,1.2609768098365899,0.26359969234751035,1,1,1,500,13,0.5,exploratoria,False,2
RD_0975,975,altura_cm cercana a 160.05 con radio ±5.50 Y presion_sistolica cercana a 123.72 con radio ±19.30 Y colesterol = normal Y glucosa = normal => enfermedad_cardiovascular = no,no,gaussiana,"altura_cm, colesterol, glucosa, presion_sistolica",4,0.04173597145035046,0.05047824477059272,0.6598387804171166,1.313112000830083,0.31625885510978224,1,1,1,500,55,0.5,exploratoria,False,2
RD_0978,978,edad_anios cercana a 52.25 con radio ±2.47 Y sexo = mujer Y colesterol = normal Y alcohol = no => enfermedad_cardiovascular = no,no,gaussiana,"alcohol, colesterol, edad_anios, sexo",4,0.041410801319243476,0.02992321382491933,0.6588477561047388,1.3111398131437588,0.31426684644168607,1,1,1,500,55,0.5,exploratoria,False,2
RD_0980,980,altura_cm cercana a 158.52 con radio ±5.73 Y colesterol = normal Y fumador = no Y actividad_fisica = no => enfermedad_cardiovascular = no,no,triangular,"actividad_fisica, altura_cm, colesterol, fumador",4,0.04124121396416111,0.017505483950297045,0.6583299457549472,1.3101093447859646,0.31322602161798435,1,1,1,500,13,0.5,exploratoria,False,2
RD_0981,981,edad_anios cercana a 51.56 con radio ±2.42 Y colesterol = normal Y actividad_fisica = si => enfermedad_cardiovascular = no,no,triangular,"actividad_fisica, colesterol, edad_anios",3,0.041172607088687745,0.038255092838155876,0.6321174974403678,1.2579452685380457,0.2605376832972218,1,1,1,500,55,0.5,exploratoria,False,2
RD_0982,982,edad_anios cercana a 48.91 con radio ±7.71 Y peso_kg cercana a 63.65 con radio ±21.24 Y colesterol = normal => enfermedad_cardiovascular = no,no,triangular,"colesterol, edad_anios, peso_kg",3,0.041157082448914195,0.09217687182247768,0.6320769378252269,1.2578645528860237,0.26045615643261694,1,1,1,500,13,0.5,exploratoria,False,2
RD_0984,984,presion_diastolica cercana a 75.37 con radio ±13.70 Y sexo = mujer => enfermedad_cardiovascular = no,no,triangular,"presion_diastolica, sexo",2,0.041094323358636456,0.17722251108612258,0.6040386621091512,1.2020669892719429,0.2040978132847262,1,1,1,500,55,0.5,exploratoria,False,2
RD_0985,985,edad_anios cercana a 52.12 con radio ±2.79 Y sexo = mujer Y colesterol = normal Y glucosa = normal => enfermedad_cardiovascular = no,no,triangular,"colesterol, edad_anios, glucosa, sexo",4,0.04099968368545356,0.03953464718565125,0.6575913290173246,1.3086394607309944,0.3117413648589441,1,1,1,500,55,0.5,exploratoria,False,2
RD_0986,986,presion_sistolica cercana a 102.00 con radio ±28.00 Y presion_diastolica cercana a 83.92 con radio ±7.44 Y glucosa = normal Y fumador = no => enfermedad_cardiovascular = no,no,triangular,"fumador, glucosa, presion_diastolica, presion_sistolica",4,0.040937421162344875,0.07468475660157214,0.6574007080399256,1.3082601155023397,0.31135820711542833,2,1,1,500,55,0.5,exploratoria,False,2
RD_0988,988,edad_anios cercana a 44.66 con radio ±3.83 Y sexo = hombre Y glucosa = normal => enfermedad_cardiovascular = no,no,triangular,"edad_anios, glucosa, sexo",3,0.04048288959273835,0.020925686604064814,0.6303113575525067,1.254350960303496,0.2569072513618225,1,1,1,500,55,0.5,exploratoria,False,2
RD_0992,992,edad_anios cercana a 51.44 con radio ±2.86 Y sexo = mujer Y colesterol = normal Y fumador = no => enfermedad_cardiovascular = no,no,triangular,"colesterol, edad_anios, fumador, sexo",4,0.04004165556396723,0.04004240014846919,0.6546482904219705,1.3027826675064091,0.30582570939089554,1,1,1,500,55,0.5,exploratoria,False,2
RD_0993,993,presion_sistolica cercana a 102.00 con radio ±27.02 Y presion_diastolica cercana a 84.11 con radio ±7.20 Y sexo = mujer Y fumador = no => enfermedad_cardiovascular = no,no,gaussiana,"fumador, presion_diastolica, presion_sistolica, sexo",4,0.03999843018475136,0.02340898817088976,0.6545149967261837,1.3025174064202663,0.3055577823641885,1,1,1,500,55,0.5,exploratoria,False,2
RD_0994,994,presion_sistolica cercana a 109.55 con radio ±12.61 Y alcohol = no Y actividad_fisica = no => enfermedad_cardiovascular = no,no,gaussiana,"actividad_fisica, alcohol, presion_sistolica",3,0.03993280504460726,0.015013108536261591,0.6288646773349368,1.2514719946963917,0.2539993514270087,1,1,1,500,13,0.5,exploratoria,False,2
RD_0995,995,altura_cm cercana a 161.48 con radio ±6.42 Y presion_sistolica cercana a 114.98 con radio ±23.18 Y sexo = mujer Y fumador = no => enfermedad_cardiovascular = no,no,triangular,"altura_cm, fumador, presion_sistolica, sexo",4,0.03986784055858661,0.0953241520117675,0.6541120308362208,1.3017154842511858,0.30474780067582086,1,1,1,500,55,0.5,exploratoria,False,2
RD_0998,998,edad_anios cercana a 51.98 con radio ±2.47 Y altura_cm cercana a 159.90 con radio ±6.57 Y colesterol = normal => enfermedad_cardiovascular = no,no,triangular,"altura_cm, colesterol, edad_anios",3,0.03972904784251427,0.020711751251930758,0.6283274028055823,1.2504027916529001,0.25291940262428614,1,1,1,500,13,0.5,exploratoria,False,2
RD_0999,999,edad_anios cercana a 52.89 con radio ±2.55 Y sexo = mujer Y colesterol = normal Y alcohol = no => enfermedad_cardiovascular = no,no,gaussiana,"alcohol, colesterol, edad_anios, sexo",4,0.03968882159038658,0.03122899156822874,0.6535589685876846,1.300614862861064,0.3036361177641902,1,1,1,500,13,0.5,exploratoria,False,2
RD_1000,1000,edad_anios cercana a 51.94 con radio ±2.42 Y colesterol = normal Y glucosa = normal => enfermedad_cardiovascular = no,no,triangular,"colesterol, edad_anios, glucosa",3,0.039627989988695426,0.04672103177792781,0.6280606455204044,1.2498719313838895,0.2523832070761899,1,1,1,500,13,0.5,exploratoria,False,2
RD_1001,1001,presion_diastolica cercana a 75.37 con radio ±13.70 Y sexo = mujer => enfermedad_cardiovascular = no,no,gaussiana,"presion_diastolica, sexo",2,0.03962270136071483,0.15628889381774957,0.6009118999560388,1.195844577026943,0.19781286423324385,1,1,1,500,55,0.5,exploratoria,False,2
RD_1002,1002,peso_kg cercana a 87.32 con radio ±8.07 Y presion_sistolica cercana a 118.97 con radio ±18.32 Y colesterol = normal Y alcohol = no => enfermedad_cardiovascular = no,no,gaussiana,"alcohol, colesterol, peso_kg, presion_sistolica",4,0.039572730134301556,0.017420513364335883,0.6531999082088153,1.2999003148434138,0.3029143883594279,1,1,1,500,55,0.5,exploratoria,False,2
RD_1003,1003,altura_cm cercana a 160.86 con radio ±12.45 Y presion_diastolica cercana a 73.68 con radio ±11.67 Y fumador = no => enfermedad_cardiovascular = no,no,gaussiana,"altura_cm, fumador, presion_diastolica",3,0.03946353531013618,0.09006130093034781,0.6276261386793416,1.2490072411529187,0.25150982649113895,1,1,1,500,55,0.5,exploratoria,False,2
RD_1004,1004,edad_anios cercana a 51.35 con radio ±3.80 Y sexo = mujer => enfermedad_cardiovascular = no,no,gaussiana,"edad_anios, sexo",2,0.03945722651225646,0.057024442983174696,0.6005585642659549,1.195141421424786,0.19710264174061293,1,1,1,500,13,0.5,exploratoria,False,2
RD_1005,1005,edad_anios cercana a 52.31 con radio ±2.55 Y presion_diastolica cercana a 83.33 con radio ±6.53 Y sexo = mujer Y fumador = no => enfermedad_cardiovascular = no,no,gaussiana,"edad_anios, fumador, presion_diastolica, sexo",4,0.039433320369464606,0.010801853399382678,0.6527683020972309,1.2990413972084198,0.30204683838639385,1,1,1,100,13,0.5,exploratoria,False,2
RD_1006,1006,presion_sistolica cercana a 102.00 con radio ±27.02 Y presion_diastolica cercana a 84.11 con radio ±7.20 Y sexo = mujer Y fumador = no => enfermedad_cardiovascular = no,no,triangular,"fumador, presion_diastolica, presion_sistolica, sexo",4,0.03933898725578225,0.055612811015256725,0.6524759878157923,1.298459677245358,0.3014592719915424,1,1,1,500,55,0.5,exploratoria,False,2
RD_1007,1007,edad_anios cercana a 48.91 con radio ±7.71 Y peso_kg cercana a 63.65 con radio ±21.24 Y colesterol = normal => enfermedad_cardiovascular = no,no,gaussiana,"colesterol, edad_anios, peso_kg",3,0.039316027418359704,0.06563113248659397,0.6272359798749626,1.2482308057213187,0.2507255876883671,1,1,1,500,13,0.5,exploratoria,False,2
RD_1009,1009,presion_sistolica cercana a 116.05 con radio ±28.00 Y presion_diastolica cercana a 82.75 con radio ±6.08 Y colesterol = normal Y fumador = no => enfermedad_cardiovascular = no,no,gaussiana,"colesterol, fumador, presion_diastolica, presion_sistolica",4,0.03898801208737403,0.08481379071672385,0.6513865299086586,1.296291601808276,0.2992694068515752,1,1,1,50,13,0.5,exploratoria,False,2
RD_1010,1010,altura_cm cercana a 159.10 con radio ±6.38 Y presion_sistolica cercana a 122.01 con radio ±27.33 Y colesterol = normal Y glucosa = normal => enfermedad_cardiovascular = no,no,triangular,"altura_cm, colesterol, glucosa, presion_sistolica",4,0.038927929193223486,0.08225664722628298,0.6511997298013131,1.2959198603011208,0.2988939292488707,1,1,1,500,55,0.5,exploratoria,False,2
RD_1011,1011,edad_anios cercana a 52.41 con radio ±2.46 Y altura_cm cercana a 160.58 con radio ±6.02 Y sexo = mujer Y colesterol = normal => enfermedad_cardiovascular = no,no,gaussiana,"altura_cm, colesterol, edad_anios, sexo",4,0.03884561584129905,0.012998708451663734,0.6509436725859334,1.2954102937033503,0.29837924137876076,1,1,1,500,13,0.5,exploratoria,False,2
RD_1013,1013,altura_cm cercana a 162.03 con radio ±6.46 Y presion_sistolica cercana a 121.54 con radio ±11.46 Y glucosa = normal Y alcohol = no => enfermedad_cardiovascular = no,no,triangular,"alcohol, altura_cm, glucosa, presion_sistolica",4,0.03851763168410699,0.07524355248685644,0.6499217588621197,1.293376634551482,0.29632514344144667,1,1,1,500,13,0.5,exploratoria,False,2
RD_1014,1014,altura_cm cercana a 159.33 con radio ±5.67 Y presion_sistolica cercana a 104.04 con radio ±21.78 Y presion_diastolica cercana a 84.79 con radio ±6.69 Y fumador = no => enfermedad_cardiovascular = no,no,triangular,"altura_cm, fumador, presion_diastolica, presion_sistolica",4,0.03851333390607831,0.023867126263108142,0.6499083507106929,1.2933499516630704,0.2962981923833023,1,1,1,500,55,0.5,exploratoria,False,2
RD_1015,1015,edad_anios cercana a 51.40 con radio ±2.79 Y presion_diastolica cercana a 83.59 con radio ±7.75 Y sexo = mujer Y alcohol = no => enfermedad_cardiovascular = no,no,triangular,"alcohol, edad_anios, presion_diastolica, sexo",4,0.03845061570308277,0.024551558417167153,0.6497126319511258,1.2929604615942805,0.295904787841459,1,1,1,500,55,0.5,exploratoria,False,2
RD_1016,1016,edad_anios cercana a 46.80 con radio ±2.96 Y colesterol = normal Y actividad_fisica = si => enfermedad_cardiovascular = no,no,gaussiana,"actividad_fisica, colesterol, edad_anios",3,0.03826111792296832,0.024897082715133936,0.62443385169606,1.2426544312359404,0.2450931692383117,1,1,1,50,55,0.5,exploratoria,False,2
RD_1019,1019,presion_sistolica cercana a 123.86 con radio ±8.54 Y presion_diastolica cercana a 84.10 con radio ±6.77 Y colesterol = normal Y alcohol = no => enfermedad_cardiovascular = no,no,gaussiana,"alcohol, colesterol, presion_diastolica, presion_sistolica",4,0.038004233531822425,0.036989600090630514,0.6483168626445781,1.2901828112329914,0.293099221396137,1,1,1,500,13,0.5,exploratoria,False,2
RD_1020,1020,edad_anios cercana a 51.56 con radio ±2.42 Y colesterol = normal Y actividad_fisica = si => enfermedad_cardiovascular = no,no,gaussiana,"actividad_fisica, colesterol, edad_anios",3,0.037879501452601674,0.03244462205464248,0.6234149773832531,1.2406268206631905,0.24304518066985561,1,1,1,500,55,0.5,exploratoria,False,2
RD_1021,1021,edad_anios cercana a 52.25 con radio ±2.47 Y sexo = mujer Y colesterol = normal Y alcohol = no => enfermedad_cardiovascular = no,no,triangular,"alcohol, colesterol, edad_anios, sexo",4,0.037777842423895036,0.03562405918822346,0.6476070934516486,1.2887703352271616,0.291672549651555,1,1,1,500,55,0.5,exploratoria,False,2
RD_1022,1022,altura_cm cercana a 159.14 con radio ±6.05 Y presion_sistolica cercana a 125.52 con radio ±28.00 Y colesterol = normal => enfermedad_cardiovascular = no,no,triangular,"altura_cm, colesterol, presion_sistolica",3,0.0377160141281419,0.08110020777523874,0.6229776296093719,1.239756476834571,0.2421660896670792,1,1,1,500,55,0.5,exploratoria,False,2
RD_1023,1023,peso_kg cercana a 89.39 con radio ±9.03 Y presion_sistolica cercana a 102.00 con radio ±28.00 Y colesterol = normal Y glucosa = normal => enfermedad_cardiovascular = no,no,triangular,"colesterol, glucosa, peso_kg, presion_sistolica",4,0.03765395602096473,0.012703259561837698,0.6472181528887768,1.28799632415677,0.29089075957543087,1,1,1,500,55,0.5,exploratoria,False,2
RD_1024,1024,altura_cm cercana a 159.20 con radio ±6.82 Y colesterol = normal Y glucosa = normal Y actividad_fisica = no => enfermedad_cardiovascular = no,no,triangular,"actividad_fisica, altura_cm, colesterol, glucosa",4,0.03764296165719344,0.020903820328585312,0.6471836176965384,1.2879275974060467,0.2908213421035949,1,1,1,500,13,0.5,exploratoria,False,2
RD_1025,1025,edad_anios cercana a 51.61 con radio ±2.41 Y altura_cm cercana a 158.66 con radio ±6.29 Y sexo = mujer Y colesterol = normal => enfermedad_cardiovascular = no,no,triangular,"altura_cm, colesterol, edad_anios, sexo",4,0.03760450299347113,0.013509133533835822,0.6470627886972065,1.2876871416859832,0.2905784697431286,1,1,1,500,55,0.5,exploratoria,False,2
RD_1026,1026,presion_sistolica cercana a 119.84 con radio ±26.48 Y colesterol = normal Y fumador = no Y actividad_fisica = no => enfermedad_cardiovascular = no,no,gaussiana,"actividad_fisica, colesterol, fumador, presion_sistolica",4,0.03753637300526094,0.054252169918428426,0.6468486480646598,1.2872609911734525,0.29014803631087405,1,1,1,500,55,0.5,exploratoria,False,2
RD_1027,1027,edad_anios cercana a 52.58 con radio ±2.26 Y sexo = mujer Y colesterol = normal Y alcohol = no => enfermedad_cardiovascular = no,no,triangular,"alcohol, colesterol, edad_anios, sexo",4,0.037483515021460044,0.03250659737125745,0.6466824292668494,1.286930207496218,0.2898139281745717,1,1,1,500,55,0.5,exploratoria,False,2
RD_1028,1028,edad_anios cercana a 51.44 con radio ±2.86 Y sexo = mujer Y colesterol = normal Y fumador = no => enfermedad_cardiovascular = no,no,gaussiana,"colesterol, edad_anios, fumador, sexo",4,0.037452262230039224,0.0327108763891056,0.6465841179271308,1.2867345630390663,0.289616317441469,1,1,1,500,55,0.5,exploratoria,False,2
RD_1030,1030,edad_anios cercana a 52.42 con radio ±2.83 Y colesterol = normal Y alcohol = no => enfermedad_cardiovascular = no,no,triangular,"alcohol, colesterol, edad_anios",3,0.03708395566370793,0.05615421284549813,0.6212819368254296,1.2363819638317008,0.2387576619606627,1,1,1,500,13,0.5,exploratoria,False,2
RD_1031,1031,edad_anios cercana a 52.17 con radio ±2.71 Y altura_cm cercana a 160.17 con radio ±6.66 Y sexo = mujer Y colesterol = normal => enfermedad_cardiovascular = no,no,gaussiana,"altura_cm, colesterol, edad_anios, sexo",4,0.036927703342836765,0.014076515040256228,0.6449303583686979,1.28344349924119,0.28629217762552356,1,1,1,500,13,0.5,exploratoria,False,2
RD_1032,1032,presion_sistolica cercana a 119.73 con radio ±28.00 Y colesterol = normal Y alcohol = no Y actividad_fisica = no => enfermedad_cardiovascular = no,no,gaussiana,"actividad_fisica, alcohol, colesterol, presion_sistolica",4,0.03681671816460158,0.05674562643652598,0.6445795678364982,1.2827454086298473,0.2855870710281371,1,1,1,500,55,0.5,exploratoria,False,2
RD_1033,1033,presion_sistolica cercana a 116.05 con radio ±28.00 Y presion_diastolica cercana a 82.75 con radio ±6.08 Y colesterol = normal Y fumador = no => enfermedad_cardiovascular = no,no,triangular,"colesterol, fumador, presion_diastolica, presion_sistolica",4,0.03677191379994852,0.1184897120772166,0.6444378661370057,1.2824634151980214,0.2853022434914688,1,1,1,50,13,0.5,exploratoria,False,2
RD_1034,1034,altura_cm cercana a 161.17 con radio ±6.45 Y presion_sistolica cercana a 125.69 con radio ±11.21 Y colesterol = normal Y alcohol = no => enfermedad_cardiovascular = no,no,triangular,"alcohol, altura_cm, colesterol, presion_sistolica",4,0.036631813201336204,0.059055785748325595,0.6439944434213217,1.2815809819329786,0.28441094155039554,1,1,1,500,13,0.5,exploratoria,False,2
RD_1037,1037,edad_anios cercana a 52.27 con radio ±2.26 Y colesterol = normal Y glucosa = normal Y alcohol = no => enfermedad_cardiovascular = no,no,gaussiana,"alcohol, colesterol, edad_anios, glucosa",4,0.0361675582590963,0.0339071727790334,0.6425214705540158,1.2786496926448077,0.28145019206837346,2,2,2,"100, 500","13, 55",1.0,alta,True,0
RD_1038,1038,edad_anios cercana a 52.31 con radio ±2.55 Y presion_diastolica cercana a 83.33 con radio ±6.53 Y sexo = mujer Y fumador = no => enfermedad_cardiovascular = no,no,triangular,"edad_anios, fumador, presion_diastolica, sexo",4,0.03616206652286386,0.019750958699444512,0.6425040133667945,1.2786149519737207,0.2814151022448132,1,1,1,100,13,0.5,exploratoria,False,2
RD_1039,1039,edad_anios cercana a 46.80 con radio ±2.96 Y colesterol = normal Y actividad_fisica = si => enfermedad_cardiovascular = no,no,triangular,"actividad_fisica, colesterol, edad_anios",3,0.03615347389139082,0.029096499565910292,0.6187713946750144,1.23138586004978,0.23371134608043106,1,1,1,50,55,0.5,exploratoria,False,2
RD_1043,1043,edad_anios cercana a 52.06 con radio ±2.92 Y presion_sistolica cercana a 119.80 con radio ±13.17 Y presion_diastolica cercana a 83.86 con radio ±7.82 Y alcohol = no => enfermedad_cardiovascular = no,no,gaussiana,"alcohol, edad_anios, presion_diastolica, presion_sistolica",4,0.036058767582616016,0.013404268208748212,0.6421755003984229,1.2779611948227323,0.28075477467019677,1,1,1,500,13,0.5,exploratoria,False,2
RD_1046,1046,altura_cm cercana a 161.46 con radio ±6.81 Y colesterol = normal Y actividad_fisica = no => enfermedad_cardiovascular = no,no,triangular,"actividad_fisica, altura_cm, colesterol",3,0.03586343233647012,0.024120155459292046,0.6179853171560867,1.2298215266787798,0.23213129076600356,1,1,1,500,55,0.5,exploratoria,False,2
RD_1047,1047,edad_anios cercana a 52.89 con radio ±2.55 Y sexo = mujer Y colesterol = normal Y alcohol = no => enfermedad_cardiovascular = no,no,triangular,"alcohol, colesterol, edad_anios, sexo",4,0.035542937109549956,0.037110741232010226,0.6405308993002424,1.274688356816403,0.27744904381958285,1,1,1,500,13,0.5,exploratoria,False,2
RD_1048,1048,presion_sistolica cercana a 122.67 con radio ±23.28 Y sexo = mujer Y colesterol = normal Y actividad_fisica = no => enfermedad_cardiovascular = no,no,gaussiana,"actividad_fisica, colesterol, presion_sistolica, sexo",4,0.03549279670883034,0.03375366755644615,0.6403706680622547,1.2743694886811041,0.2771269709794066,1,1,1,50,13,0.5,exploratoria,False,2
RD_1049,1049,presion_sistolica cercana a 126.55 con radio ±12.22 Y presion_diastolica cercana a 84.58 con radio ±7.47 Y sexo = mujer Y colesterol = normal => enfermedad_cardiovascular = no,no,gaussiana,"colesterol, presion_diastolica, presion_sistolica, sexo",4,0.03543728152355906,0.027699453194816204,0.6401931838840387,1.2740162863363955,0.2767702188623894,1,1,1,100,55,0.5,exploratoria,False,2
RD_1051,1051,edad_anios cercana a 46.80 con radio ±4.68 Y altura_cm cercana a 160.50 con radio ±6.18 Y presion_diastolica cercana a 82.99 con radio ±7.78 Y fumador = no => enfermedad_cardiovascular = no,no,triangular,"altura_cm, edad_anios, fumador, presion_diastolica",4,0.0352396973148803,0.015028183747334983,0.6395608414283134,1.2727578933896786,0.2754991787503787,1,1,1,50,55,0.5,exploratoria,False,2
RD_1054,1054,presion_sistolica cercana a 123.86 con radio ±8.54 Y presion_diastolica cercana a 84.10 con radio ±6.77 Y colesterol = normal Y alcohol = no => enfermedad_cardiovascular = no,no,triangular,"alcohol, colesterol, presion_diastolica, presion_sistolica",4,0.03503233816567455,0.07811605883438742,0.6388961062452652,1.2714350373040104,0.2741630276286738,1,1,1,500,13,0.5,exploratoria,False,2
RD_1055,1055,altura_cm cercana a 161.46 con radio ±6.81 Y colesterol = normal Y actividad_fisica = no => enfermedad_cardiovascular = no,no,gaussiana,"actividad_fisica, altura_cm, colesterol",3,0.03502830427464093,0.019841264711838016,0.6157124644686136,1.22529843675346,0.22756274265047968,1,1,1,500,55,0.5,exploratoria,False,2
RD_1057,1057,edad_anios cercana a 51.54 con radio ±2.88 Y altura_cm cercana a 162.05 con radio ±6.44 Y sexo = mujer Y glucosa = normal => enfermedad_cardiovascular = no,no,gaussiana,"altura_cm, edad_anios, glucosa, sexo",4,0.034668345885006606,0.016516742110360583,0.6377264842638604,1.2691074313708666,0.2718120286710762,1,1,1,500,55,0.5,exploratoria,False,2
RD_1058,1058,edad_anios cercana a 50.02 con radio ±5.20 Y presion_sistolica cercana a 124.38 con radio ±27.71 Y sexo = mujer Y alcohol = no => enfermedad_cardiovascular = no,no,gaussiana,"alcohol, edad_anios, presion_sistolica, sexo",4,0.03460698327929109,0.04398872288460562,0.6375289580176955,1.268714344313822,0.2714149909903428,1,1,1,50,55,0.5,exploratoria,False,2
RD_1059,1059,edad_anios cercana a 51.80 con radio ±2.30 Y presion_sistolica cercana a 128.06 con radio ±10.77 Y colesterol = normal Y actividad_fisica = si => enfermedad_cardiovascular = no,no,triangular,"actividad_fisica, colesterol, edad_anios, presion_sistolica",4,0.03448392644929039,0.01162113018020825,0.6371325333474033,1.26792543949732,0.27061815748221774,1,1,1,500,13,0.5,exploratoria,False,2
RD_1063,1063,altura_cm cercana a 159.48 con radio ±6.25 Y sexo = hombre Y colesterol = normal Y alcohol = no => enfermedad_cardiovascular = no,no,gaussiana,"alcohol, altura_cm, colesterol, sexo",4,0.03402832129349695,0.014005868895057134,0.6356612533701032,1.264997519144484,0.26766081079417725,1,1,1,500,13,0.5,exploratoria,False,2
RD_1064,1064,altura_cm cercana a 158.15 con radio ±5.45 Y glucosa = normal Y alcohol = no Y actividad_fisica = no => enfermedad_cardiovascular = no,no,gaussiana,"actividad_fisica, alcohol, altura_cm, glucosa",4,0.033769429203930106,0.01639765405526848,0.6348227019024896,1.2633287600049545,0.26597528020600925,1,1,1,500,13,0.5,exploratoria,False,2
RD_1065,1065,altura_cm cercana a 158.87 con radio ±6.26 Y presion_sistolica cercana a 102.00 con radio ±26.03 Y presion_diastolica cercana a 82.69 con radio ±6.41 Y sexo = mujer => enfermedad_cardiovascular = no,no,triangular,"altura_cm, presion_diastolica, presion_sistolica, sexo",4,0.03368566756340932,0.02589339803414212,0.6345510051695412,1.262788069989137,0.26542915611968093,1,1,1,500,55,0.5,exploratoria,False,2
RD_1066,1066,edad_anios cercana a 52.41 con radio ±2.46 Y altura_cm cercana a 160.58 con radio ±6.02 Y sexo = mujer Y colesterol = normal => enfermedad_cardiovascular = no,no,triangular,"altura_cm, colesterol, edad_anios, sexo",4,0.03367716049754326,0.017898646523474455,0.6345234001175125,1.2627331345622141,0.26537366857791467,1,1,1,500,13,0.5,exploratoria,False,2
RD_1067,1067,edad_anios cercana a 52.21 con radio ±2.40 Y altura_cm cercana a 158.13 con radio ±6.01 Y presion_sistolica cercana a 119.91 con radio ±28.00 Y glucosa = normal => enfermedad_cardiovascular = no,no,triangular,"altura_cm, edad_anios, glucosa, presion_sistolica",4,0.033664974980110396,0.012314615898996439,0.6344838551890015,1.262654438187068,0.2652941812844252,1,1,1,50,13,0.5,exploratoria,False,2
RD_1068,1068,edad_anios cercana a 51.14 con radio ±2.96 Y altura_cm cercana a 161.60 con radio ±5.42 Y fumador = no => enfermedad_cardiovascular = no,no,gaussiana,"altura_cm, edad_anios, fumador",3,0.03361441979239263,0.020011520643070387,0.611831832441488,1.2175757859532101,0.21976247726932266,1,1,1,500,55,0.5,exploratoria,False,2
RD_1069,1069,altura_cm cercana a 160.86 con radio ±12.45 Y presion_diastolica cercana a 73.68 con radio ±11.67 Y fumador = no => enfermedad_cardiovascular = no,no,triangular,"altura_cm, fumador, presion_diastolica",3,0.033549493989694035,0.1415344347562086,0.6116526297621746,1.2172191637058203,0.219402270878743,1,1,1,500,55,0.5,exploratoria,False,2
RD_1070,1070,presion_sistolica cercana a 122.67 con radio ±23.28 Y sexo = mujer Y colesterol = normal Y actividad_fisica = no => enfermedad_cardiovascular = no,no,triangular,"actividad_fisica, colesterol, presion_sistolica, sexo",4,0.03350116997178076,0.03444368501693909,0.6339518719640715,1.2615957651026302,0.2642248682694906,1,1,1,50,13,0.5,exploratoria,False,2
RD_1071,1071,altura_cm cercana a 161.17 con radio ±6.45 Y presion_sistolica cercana a 125.69 con radio ±11.21 Y colesterol = normal Y alcohol = no => enfermedad_cardiovascular = no,no,gaussiana,"alcohol, altura_cm, colesterol, presion_sistolica",4,0.03342161475516902,0.03574416618287869,0.6336932365769892,1.261081067814904,0.26370499814470194,1,1,1,500,13,0.5,exploratoria,False,2
RD_1072,1072,presion_sistolica cercana a 126.55 con radio ±12.22 Y presion_diastolica cercana a 84.58 con radio ±7.47 Y sexo = mujer Y colesterol = normal => enfermedad_cardiovascular = no,no,triangular,"colesterol, presion_diastolica, presion_sistolica, sexo",4,0.033376490452192174,0.05812005872217031,0.6335464589161506,1.260788972967464,0.2634099676706545,1,1,1,100,55,0.5,exploratoria,False,2
RD_1073,1073,edad_anios cercana a 51.24 con radio ±2.66 Y colesterol = normal Y glucosa = normal Y alcohol = no => enfermedad_cardiovascular = no,no,triangular,"alcohol, colesterol, edad_anios, glucosa",4,0.033293889664281845,0.042285171902435616,0.6332776338694638,1.2602539977501768,0.2628696158180177,1,1,1,500,55,0.5,exploratoria,False,2
RD_1074,1074,edad_anios cercana a 52.17 con radio ±2.71 Y altura_cm cercana a 160.17 con radio ±6.66 Y sexo = mujer Y colesterol = normal => enfermedad_cardiovascular = no,no,triangular,"altura_cm, colesterol, edad_anios, sexo",4,0.03329012283929038,0.02115684602189429,0.6332653701917434,1.2602295924213802,0.26284496520953465,1,1,1,500,13,0.5,exploratoria,False,2
RD_1075,1075,edad_anios cercana a 46.80 con radio ±3.61 Y presion_sistolica cercana a 129.25 con radio ±15.87 Y presion_diastolica cercana a 83.07 con radio ±6.12 Y alcohol = no => enfermedad_cardiovascular = no,no,triangular,"alcohol, edad_anios, presion_diastolica, presion_sistolica",4,0.033278012527747626,0.017532043103215086,0.6332259399003715,1.2601511241798438,0.2627657083424553,1,1,1,100,55,0.5,exploratoria,False,2
RD_1077,1077,edad_anios cercana a 51.15 con radio ±2.78 Y glucosa = normal Y fumador = no => enfermedad_cardiovascular = no,no,triangular,"edad_anios, fumador, glucosa",3,0.033122947239747035,0.05027973432271882,0.6104730887722789,1.2148718184522964,0.21703133421563608,1,1,1,500,13,0.5,exploratoria,False,2
RD_1078,1078,peso_kg cercana a 88.15 con radio ±10.12 Y presion_sistolica cercana a 112.53 con radio ±23.48 Y colesterol = normal Y alcohol = no => enfermedad_cardiovascular = no,no,gaussiana,"alcohol, colesterol, peso_kg, presion_sistolica",4,0.0330010372133925,0.017493346385747812,0.6323230147469299,1.2583542582028457,0.2609507834109144,1,1,1,500,55,0.5,exploratoria,False,2
RD_1079,1079,altura_cm cercana a 155.72 con radio ±7.53 Y peso_kg cercana a 60.03 con radio ±21.84 Y sexo = mujer Y colesterol = normal => enfermedad_cardiovascular = no,no,gaussiana,"altura_cm, colesterol, peso_kg, sexo",4,0.03298567953377955,0.04176798581902095,0.63227288689825,1.25825450129005,0.2608500239160805,1,1,1,500,13,0.5,exploratoria,False,2
RD_1081,1081,edad_anios cercana a 52.65 con radio ±2.68 Y presion_sistolica cercana a 102.00 con radio ±28.00 Y presion_diastolica cercana a 83.03 con radio ±7.35 Y fumador = no => enfermedad_cardiovascular = no,no,triangular,"edad_anios, fumador, presion_diastolica, presion_sistolica",4,0.03294319043136618,0.0179351828440155,0.6321341670351018,1.2579784418608992,0.26057119002030527,1,1,1,500,55,0.5,exploratoria,False,2
RD_1082,1082,altura_cm cercana a 161.04 con radio ±6.11 Y presion_sistolica cercana a 105.10 con radio ±18.47 Y presion_diastolica cercana a 82.80 con radio ±6.55 Y alcohol = no => enfermedad_cardiovascular = no,no,triangular,"alcohol, altura_cm, presion_diastolica, presion_sistolica",4,0.03294026615079518,0.02626394856088168,0.6321246178863892,1.2579594385798791,0.26055199575153615,1,1,1,500,55,0.5,exploratoria,False,2
RD_1083,1083,edad_anios cercana a 49.30 con radio ±4.48 Y presion_diastolica cercana a 83.48 con radio ±7.93 Y sexo = mujer Y alcohol = no => enfermedad_cardiovascular = no,no,triangular,"alcohol, edad_anios, presion_diastolica, sexo",4,0.03285992918150106,0.030076628254938363,0.6318621862723051,1.2574371866115526,0.26002449501970876,1,1,1,100,55,0.5,exploratoria,False,2
RD_1085,1085,edad_anios cercana a 52.07 con radio ±3.10 Y colesterol = normal Y glucosa = normal Y fumador = no => enfermedad_cardiovascular = no,no,gaussiana,"colesterol, edad_anios, fumador, glucosa",4,0.03278456665572235,0.04395122634787421,0.6316158397597099,1.2569469447954427,0.25952932615017077,1,1,1,100,13,0.5,exploratoria,False,2
RD_1086,1086,edad_anios cercana a 50.84 con radio ±4.03 Y altura_cm cercana a 160.87 con radio ±6.13 Y sexo = mujer Y glucosa = normal => enfermedad_cardiovascular = no,no,gaussiana,"altura_cm, edad_anios, glucosa, sexo",4,0.03276172256505393,0.018683410513596337,0.6315411350275886,1.2567982786618679,0.25937916588460025,1,1,1,100,55,0.5,exploratoria,False,2
RD_1089,1089,edad_anios cercana a 52.06 con radio ±2.92 Y presion_sistolica cercana a 119.80 con radio ±13.17 Y presion_diastolica cercana a 83.86 con radio ±7.82 Y alcohol = no => enfermedad_cardiovascular = no,no,triangular,"alcohol, edad_anios, presion_diastolica, presion_sistolica",4,0.03271192066987505,0.02769991359128295,0.6313782220071461,1.256474073646062,0.25905170252692694,1,1,1,500,13,0.5,exploratoria,False,2
RD_1090,1090,edad_anios cercana a 52.33 con radio ±2.86 Y colesterol = normal Y fumador = no Y alcohol = no => enfermedad_cardiovascular = no,no,gaussiana,"alcohol, colesterol, edad_anios, fumador",4,0.032601826677081155,0.04398976899753474,0.6310178321807145,1.255756879961621,0.2583273008657579,1,1,1,500,13,0.5,exploratoria,False,2
RD_1091,1091,altura_cm cercana a 158.87 con radio ±6.26 Y presion_sistolica cercana a 102.00 con radio ±26.03 Y presion_diastolica cercana a 82.69 con radio ±6.41 Y sexo = mujer => enfermedad_cardiovascular = no,no,gaussiana,"altura_cm, presion_diastolica, presion_sistolica, sexo",4,0.032569212944837146,0.01099419531115645,0.6309110062941444,1.2555442911326258,0.258112575465617,1,1,1,500,55,0.5,exploratoria,False,2
RD_1092,1092,presion_sistolica cercana a 119.73 con radio ±28.00 Y colesterol = normal Y alcohol = no Y actividad_fisica = no => enfermedad_cardiovascular = no,no,triangular,"actividad_fisica, alcohol, colesterol, presion_sistolica",4,0.03254628040728048,0.059600537459765277,0.6308358730420696,1.255394772223024,0.25796155385340624,1,1,1,500,55,0.5,exploratoria,False,2
RD_1093,1093,presion_sistolica cercana a 104.47 con radio ±25.77 Y presion_diastolica cercana a 83.77 con radio ±7.04 Y fumador = no Y alcohol = no => enfermedad_cardiovascular = no,no,triangular,"alcohol, fumador, presion_diastolica, presion_sistolica",4,0.03253278823929583,0.08733877971895694,0.6307916620678794,1.2553067901848347,0.257872687573627,1,1,1,500,55,0.5,exploratoria,False,2
RD_1094,1094,edad_anios cercana a 51.62 con radio ±2.46 Y sexo = mujer Y glucosa = normal Y alcohol = no => enfermedad_cardiovascular = no,no,triangular,"alcohol, edad_anios, glucosa, sexo",4,0.03241886488845379,0.03522112365785338,0.630418153871114,1.2545634902907743,0.2571219173288724,1,1,1,500,13,0.5,exploratoria,False,2
RD_1096,1096,edad_anios cercana a 51.22 con radio ±2.45 Y sexo = mujer Y glucosa = normal Y fumador = no => enfermedad_cardiovascular = no,no,triangular,"edad_anios, fumador, glucosa, sexo",4,0.03225619021891966,0.03541595514813392,0.6298841712914494,1.253500838390944,0.25604858551045107,1,1,1,50,13,0.5,exploratoria,False,2
RD_1097,1097,presion_sistolica cercana a 104.47 con radio ±25.77 Y presion_diastolica cercana a 83.77 con radio ±7.04 Y fumador = no Y alcohol = no => enfermedad_cardiovascular = no,no,gaussiana,"alcohol, fumador, presion_diastolica, presion_sistolica",4,0.03215023484705239,0.043860485739717785,0.6295359654838424,1.2528078915101342,0.25534867433938174,1,1,1,500,55,0.5,exploratoria,False,2
RD_1098,1098,peso_kg cercana a 88.15 con radio ±10.12 Y presion_sistolica cercana a 112.53 con radio ±23.48 Y colesterol = normal Y alcohol = no => enfermedad_cardiovascular = no,no,triangular,"alcohol, colesterol, peso_kg, presion_sistolica",4,0.03197232434044896,0.02521003892632564,0.6289505683036057,1.2516429219972254,0.2541719965901624,1,1,1,500,55,0.5,exploratoria,False,2
RD_1100,1100,edad_anios cercana a 51.24 con radio ±2.66 Y colesterol = normal Y glucosa = normal Y alcohol = no => enfermedad_cardiovascular = no,no,gaussiana,"alcohol, colesterol, edad_anios, glucosa",4,0.03182700057944428,0.035214123756095575,0.6284717205323251,1.250689991109105,0.2532094885071863,1,1,1,500,55,0.5,exploratoria,False,2
RD_1101,1101,presion_diastolica cercana a 82.67 con radio ±7.32 Y colesterol = normal Y alcohol = no => enfermedad_cardiovascular = no,no,gaussiana,"alcohol, colesterol, presion_diastolica",3,0.03180406478163486,0.12634427802871237,0.6068011938040053,1.2075645647840902,0.20965064081207108,1,1,1,500,55,0.5,exploratoria,False,2
RD_1104,1104,altura_cm cercana a 162.07 con radio ±5.72 Y colesterol = normal Y fumador = no Y actividad_fisica = no => enfermedad_cardiovascular = no,no,triangular,"actividad_fisica, altura_cm, colesterol, fumador",4,0.03162978382631716,0.020055253444929408,0.6278209093490413,1.2493948444757044,0.25190132532470627,1,1,1,500,55,0.5,exploratoria,False,2
RD_1105,1105,edad_anios cercana a 52.27 con radio ±2.26 Y colesterol = normal Y glucosa = normal Y alcohol = no => enfermedad_cardiovascular = no,no,triangular,"alcohol, colesterol, edad_anios, glucosa",4,0.03162183618043363,0.039139959154178575,0.6277946587044206,1.249342604386907,0.2518485602098908,2,2,2,"100, 500","13, 55",1.0,alta,True,0
RD_1106,1106,presion_diastolica cercana a 82.67 con radio ±7.32 Y colesterol = normal Y alcohol = no => enfermedad_cardiovascular = no,no,triangular,"alcohol, colesterol, presion_diastolica",3,0.03154448990635123,0.14632570943102757,0.6060740372545791,1.2061174870737894,0.20818901960719424,1,1,1,500,55,0.5,exploratoria,False,2
RD_1107,1107,presion_diastolica cercana a 83.47 con radio ±6.20 Y sexo = mujer Y colesterol = normal Y fumador = no => enfermedad_cardiovascular = no,no,gaussiana,"colesterol, fumador, presion_diastolica, sexo",4,0.03141171865313544,0.040165721128348014,0.6270999868959348,1.2479601729272336,0.25045223496670327,1,1,1,500,55,0.5,exploratoria,False,2
RD_1109,1109,edad_anios cercana a 51.54 con radio ±2.88 Y altura_cm cercana a 162.05 con radio ±6.44 Y sexo = mujer Y glucosa = normal => enfermedad_cardiovascular = no,no,triangular,"altura_cm, edad_anios, glucosa, sexo",4,0.03130352136048616,0.023052090722648893,0.6267417733908551,1.2472473102305577,0.2497322078208144,1,1,1,500,55,0.5,exploratoria,False,2
RD_1110,1110,edad_anios cercana a 51.15 con radio ±2.78 Y glucosa = normal Y fumador = no => enfermedad_cardiovascular = no,no,gaussiana,"edad_anios, fumador, glucosa",3,0.031175506244702594,0.04227699501302533,0.6050378176632968,1.204055358533924,0.20610616615738056,1,1,1,500,13,0.5,exploratoria,False,2
RD_1111,1111,edad_anios cercana a 52.13 con radio ±2.32 Y fumador = no Y alcohol = no Y actividad_fisica = no => enfermedad_cardiovascular = no,no,gaussiana,"actividad_fisica, alcohol, edad_anios, fumador",4,0.03116645061759762,0.010105389523280418,0.6262874760090971,1.2463432358389992,0.24881904725446655,1,1,1,500,13,0.5,exploratoria,False,2
RD_1112,1112,edad_anios cercana a 46.80 con radio ±4.12 Y altura_cm cercana a 156.64 con radio ±6.30 Y sexo = mujer Y colesterol = normal => enfermedad_cardiovascular = no,no,triangular,"altura_cm, colesterol, edad_anios, sexo",4,0.031158821987958465,0.01371354934200035,0.6262621760623869,1.2462928876863422,0.24876819309022496,1,1,1,100,55,0.5,exploratoria,False,2
RD_1113,1113,presion_diastolica cercana a 83.47 con radio ±6.20 Y sexo = mujer Y colesterol = normal Y fumador = no => enfermedad_cardiovascular = no,no,triangular,"colesterol, fumador, presion_diastolica, sexo",4,0.030682409775787844,0.07136586530667802,0.6246787841306187,1.2431418589664056,0.2455854957399372,1,1,1,500,55,0.5,exploratoria,False,2
RD_1115,1115,peso_kg cercana a 87.32 con radio ±8.07 Y presion_sistolica cercana a 118.97 con radio ±18.32 Y colesterol = normal Y alcohol = no => enfermedad_cardiovascular = no,no,triangular,"alcohol, colesterol, peso_kg, presion_sistolica",4,0.03037654384169999,0.022334161308984378,0.6236586670664751,1.241111775256667,0.24353500917884452,1,1,1,500,55,0.5,exploratoria,False,2
RD_1118,1118,presion_diastolica cercana a 83.83 con radio ±6.52 Y colesterol = normal Y alcohol = no => enfermedad_cardiovascular = no,no,gaussiana,"alcohol, colesterol, presion_diastolica",3,0.030048006427590347,0.050463501152126486,0.6018524747358535,1.1977163676335394,0.1997034668057357,1,1,1,500,55,0.5,exploratoria,False,2
RD_1119,1119,altura_cm cercana a 159.77 con radio ±5.83 Y sexo = mujer Y colesterol = normal Y actividad_fisica = no => enfermedad_cardiovascular = no,no,gaussiana,"actividad_fisica, altura_cm, colesterol, sexo",4,0.029983799866576722,0.013385447679834453,0.6223446842358559,1.2384968840514545,0.24089383766001188,2,2,1,500,"13, 55",1.0,alta,True,0
RD_1120,1120,edad_anios cercana a 52.70 con radio ±2.68 Y colesterol = normal Y glucosa = normal Y fumador = no => enfermedad_cardiovascular = no,no,gaussiana,"colesterol, edad_anios, fumador, glucosa",4,0.029840109754389513,0.038315215515367984,0.6218627837973805,1.2375378782037423,0.23992519356257389,1,1,1,500,13,0.5,exploratoria,False,2
RD_1121,1121,sexo = mujer Y colesterol = normal Y actividad_fisica = no => enfermedad_cardiovascular = no,no,triangular,"actividad_fisica, colesterol, sexo",3,0.029780647991967973,0.055,0.6010928961748634,1.196204768507191,0.1981766757283687,1,1,1,500,13,0.5,exploratoria,False,2
RD_1122,1122,sexo = mujer Y colesterol = normal Y actividad_fisica = no => enfermedad_cardiovascular = no,no,gaussiana,"actividad_fisica, colesterol, sexo",3,0.029780647991967973,0.055,0.6010928961748634,1.196204768507191,0.1981766757283687,1,1,1,500,13,0.5,exploratoria,False,2
RD_1126,1126,edad_anios cercana a 51.87 con radio ±2.66 Y glucosa = normal Y fumador = no Y actividad_fisica = no => enfermedad_cardiovascular = no,no,triangular,"actividad_fisica, edad_anios, fumador, glucosa",4,0.029394297105784385,0.010840141121626103,0.6203636363650612,1.2345545002289777,0.23691183188957032,1,1,1,500,55,0.5,exploratoria,False,2
RD_1127,1127,altura_cm cercana a 158.15 con radio ±5.45 Y glucosa = normal Y alcohol = no Y actividad_fisica = no => enfermedad_cardiovascular = no,no,triangular,"actividad_fisica, alcohol, altura_cm, glucosa",4,0.029388867877015418,0.018908085503321206,0.6203453418076091,1.234518093149471,0.2368750589097672,1,1,1,500,13,0.5,exploratoria,False,2
RD_1128,1128,presion_diastolica cercana a 83.71 con radio ±6.77 Y sexo = mujer Y colesterol = normal Y glucosa = normal => enfermedad_cardiovascular = no,no,gaussiana,"colesterol, glucosa, presion_diastolica, sexo",4,0.02937738222132651,0.040651672577315626,0.6203066362708435,1.2344410672056587,0.2367972588358664,1,1,1,500,13,0.5,exploratoria,False,2
RD_1129,1129,edad_anios cercana a 52.07 con radio ±3.10 Y colesterol = normal Y glucosa = normal Y fumador = no => enfermedad_cardiovascular = no,no,triangular,"colesterol, edad_anios, fumador, glucosa",4,0.029345729017208902,0.05553223276937975,0.6201999470528585,1.2342287503539475,0.23658280814644939,1,1,1,100,13,0.5,exploratoria,False,2
RD_1130,1130,peso_kg cercana a 85.06 con radio ±8.64 Y presion_sistolica cercana a 118.70 con radio ±9.80 Y glucosa = normal Y alcohol = no => enfermedad_cardiovascular = no,no,triangular,"alcohol, glucosa, peso_kg, presion_sistolica",4,0.029244415521195916,0.02428199250281432,0.6198582556169555,1.2335487673969265,0.2358959911898604,1,1,1,500,13,0.5,exploratoria,False,2
RD_1131,1131,edad_anios cercana a 46.80 con radio ±4.18 Y presion_sistolica cercana a 127.38 con radio ±14.51 Y glucosa = normal Y fumador = no => enfermedad_cardiovascular = no,no,triangular,"edad_anios, fumador, glucosa, presion_sistolica",4,0.029161402827415073,0.025461712066658662,0.6195780494792583,1.2329911432423053,0.2353327627723786,1,1,1,50,55,0.5,exploratoria,False,2
RD_1134,1134,peso_kg cercana a 88.07 con radio ±8.05 Y presion_sistolica cercana a 119.56 con radio ±28.00 Y colesterol = normal Y glucosa = normal => enfermedad_cardiovascular = no,no,gaussiana,"colesterol, glucosa, peso_kg, presion_sistolica",4,0.028668385548835447,0.018893142323033966,0.6179094762892787,1.2296705995806543,0.23197884681262063,1,1,1,500,55,0.5,exploratoria,False,2
RD_1137,1137,altura_cm cercana a 155.72 con radio ±7.53 Y peso_kg cercana a 60.03 con radio ±21.84 Y sexo = mujer Y colesterol = normal => enfermedad_cardiovascular = no,no,triangular,"altura_cm, colesterol, peso_kg, sexo",4,0.02847901624102423,0.05469557015322709,0.6172665507180621,1.2283911457075865,0.23068653410665763,1,1,1,500,13,0.5,exploratoria,False,2
RD_1138,1138,edad_anios cercana a 52.33 con radio ±2.86 Y colesterol = normal Y fumador = no Y alcohol = no => enfermedad_cardiovascular = no,no,triangular,"alcohol, colesterol, edad_anios, fumador",4,0.028418348212779165,0.053556191313594494,0.6170603383985862,1.22798077293251,0.2302720369820829,1,1,1,500,13,0.5,exploratoria,False,2
RD_1139,1139,altura_cm cercana a 159.77 con radio ±5.83 Y sexo = mujer Y colesterol = normal Y actividad_fisica = no => enfermedad_cardiovascular = no,no,triangular,"actividad_fisica, altura_cm, colesterol, sexo",4,0.028403773736703736,0.015953994678573072,0.6170107820284325,1.2278821532904132,0.23017242618780412,2,2,1,500,"13, 55",1.0,alta,True,0
RD_1140,1140,edad_anios cercana a 51.50 con radio ±2.81 Y presion_sistolica cercana a 122.33 con radio ±24.85 Y presion_diastolica cercana a 84.32 con radio ±6.86 Y fumador = no => enfermedad_cardiovascular = no,no,triangular,"edad_anios, fumador, presion_diastolica, presion_sistolica",4,0.028336663825509808,0.023762057419253475,0.6167825071261865,1.2274278748779832,0.2297135821631891,1,1,1,500,55,0.5,exploratoria,False,2
RD_1141,1141,peso_kg cercana a 85.06 con radio ±8.64 Y presion_sistolica cercana a 118.70 con radio ±9.80 Y glucosa = normal Y alcohol = no => enfermedad_cardiovascular = no,no,gaussiana,"alcohol, glucosa, peso_kg, presion_sistolica",4,0.028324826796035305,0.019167827001788987,0.6167422285837796,1.227347718574686,0.22963262026890377,1,1,1,500,13,0.5,exploratoria,False,2
RD_1142,1142,altura_cm cercana a 159.91 con radio ±5.72 Y presion_diastolica cercana a 82.59 con radio ±7.79 Y colesterol = normal Y alcohol = no => enfermedad_cardiovascular = no,no,gaussiana,"alcohol, altura_cm, colesterol, presion_diastolica",4,0.028236538411372726,0.03849808934634145,0.6164416644698912,1.2267495810346096,0.22902847129626389,1,1,1,500,55,0.5,exploratoria,False,2
RD_1143,1143,edad_anios cercana a 51.62 con radio ±2.46 Y sexo = mujer Y glucosa = normal Y alcohol = no => enfermedad_cardiovascular = no,no,gaussiana,"alcohol, edad_anios, glucosa, sexo",4,0.02822349423209991,0.029338250041065828,0.6163972366078491,1.2266611673788042,0.22893916906100323,1,1,1,500,13,0.5,exploratoria,False,2
RD_1145,1145,altura_cm cercana a 162.07 con radio ±5.72 Y colesterol = normal Y fumador = no Y actividad_fisica = no => enfermedad_cardiovascular = no,no,gaussiana,"actividad_fisica, altura_cm, colesterol, fumador",4,0.02796870928663793,0.015912075794362206,0.6155283645105921,1.2249320686777954,0.22719269248360233,1,1,1,500,55,0.5,exploratoria,False,2
RD_1146,1146,edad_anios cercana a 51.22 con radio ±2.45 Y sexo = mujer Y glucosa = normal Y fumador = no => enfermedad_cardiovascular = no,no,gaussiana,"edad_anios, fumador, glucosa, sexo",4,0.027860427800858026,0.027759232256315155,0.615158472908552,1.2241959659871682,0.22644919177598394,1,1,1,50,13,0.5,exploratoria,False,2
RD_1149,1149,edad_anios cercana a 51.55 con radio ±2.34 Y altura_cm cercana a 162.06 con radio ±6.52 Y sexo = mujer Y alcohol = no => enfermedad_cardiovascular = no,no,gaussiana,"alcohol, altura_cm, edad_anios, sexo",4,0.027650604097056997,0.016278298595561028,0.6144406389094152,1.2227674406157518,0.22500630936565888,1,1,1,100,13,0.5,exploratoria,False,2
RD_1150,1150,altura_cm cercana a 161.45 con radio ±6.46 Y colesterol = normal Y glucosa = normal Y actividad_fisica = no => enfermedad_cardiovascular = no,no,triangular,"actividad_fisica, altura_cm, colesterol, glucosa",4,0.02754765094950285,0.021335805903345818,0.6140879035284053,1.222065479658518,0.22429729352443276,1,1,1,500,55,0.5,exploratoria,False,2
RD_1151,1151,edad_anios cercana a 50.84 con radio ±4.03 Y altura_cm cercana a 160.87 con radio ±6.13 Y sexo = mujer Y glucosa = normal => enfermedad_cardiovascular = no,no,triangular,"altura_cm, edad_anios, glucosa, sexo",4,0.027439443116319184,0.026659777566416538,0.6137167946886224,1.2213269546042238,0.2235513461077838,1,1,1,100,55,0.5,exploratoria,False,2
RD_1154,1154,edad_anios cercana a 52.19 con radio ±2.93 Y sexo = mujer Y glucosa = normal Y fumador = no => enfermedad_cardiovascular = no,no,gaussiana,"edad_anios, fumador, glucosa, sexo",4,0.027375878000231918,0.037860906837217656,0.6134986149394872,1.220892766048731,0.22311279384821558,1,1,1,500,55,0.5,exploratoria,False,2
RD_1155,1155,edad_anios cercana a 50.02 con radio ±5.20 Y presion_sistolica cercana a 124.38 con radio ±27.71 Y sexo = mujer Y alcohol = no => enfermedad_cardiovascular = no,no,triangular,"alcohol, edad_anios, presion_sistolica, sexo",4,0.02732039300063754,0.0580875382144722,0.6133080617650791,1.2205135557514013,0.22272977239211894,1,1,1,50,55,0.5,exploratoria,False,2
RD_1156,1156,altura_cm cercana a 159.48 con radio ±6.25 Y sexo = hombre Y colesterol = normal Y alcohol = no => enfermedad_cardiovascular = no,no,triangular,"alcohol, altura_cm, colesterol, sexo",4,0.027257604243747714,0.016308327613590048,0.6130923041275335,1.2200841873184747,0.2222960886985598,1,1,1,500,13,0.5,exploratoria,False,2
RD_1157,1157,presion_diastolica cercana a 83.71 con radio ±6.77 Y sexo = mujer Y colesterol = normal Y glucosa = normal => enfermedad_cardiovascular = no,no,triangular,"colesterol, glucosa, presion_diastolica, sexo",4,0.027051292463894233,0.0709103500664894,0.612382458391567,1.2186715589881931,0.22086926309862726,1,1,1,500,13,0.5,exploratoria,False,2
RD_1159,1159,presion_sistolica cercana a 102.00 con radio ±27.18 Y presion_diastolica cercana a 84.89 con radio ±7.85 Y fumador = no Y actividad_fisica = no => enfermedad_cardiovascular = no,no,triangular,"actividad_fisica, fumador, presion_diastolica, presion_sistolica",4,0.026766766522720694,0.014724426939939105,0.6114012102232446,1.2167188263149147,0.21889690497134592,1,1,1,500,55,0.5,exploratoria,False,2
RD_1160,1160,altura_cm cercana a 159.16 con radio ±6.72 Y presion_sistolica cercana a 127.14 con radio ±11.10 Y sexo = mujer Y colesterol = normal => enfermedad_cardiovascular = no,no,triangular,"altura_cm, colesterol, presion_sistolica, sexo",4,0.02674646377849181,0.03718329264707013,0.6113310896853629,1.216579282955946,0.21875595916655863,1,1,1,500,13,0.5,exploratoria,False,2
RD_1162,1162,altura_cm cercana a 159.91 con radio ±5.72 Y presion_diastolica cercana a 82.59 con radio ±7.79 Y colesterol = normal Y alcohol = no => enfermedad_cardiovascular = no,no,triangular,"alcohol, altura_cm, colesterol, presion_diastolica",4,0.0266283668996201,0.05126579328517643,0.610922941938652,1.2157670486341337,0.21793556168573283,1,1,1,500,55,0.5,exploratoria,False,2
RD_1164,1164,altura_cm cercana a 160.66 con radio ±5.62 Y presion_sistolica cercana a 127.69 con radio ±37.59 Y colesterol = normal Y alcohol = no => enfermedad_cardiovascular = no,no,gaussiana,"alcohol, altura_cm, colesterol, presion_sistolica",4,0.02647327009723266,0.06746296685015707,0.6103862163119534,1.214698937934236,0.21685671620493163,1,1,1,500,13,0.5,exploratoria,False,2
RD_1165,1165,edad_anios cercana a 51.55 con radio ±2.34 Y altura_cm cercana a 162.06 con radio ±6.52 Y sexo = mujer Y alcohol = no => enfermedad_cardiovascular = no,no,triangular,"alcohol, altura_cm, edad_anios, sexo",4,0.026453719353405576,0.02185169362892507,0.6103185023663261,1.2145641838135846,0.21672060777150987,1,1,1,100,13,0.5,exploratoria,False,2
RD_1168,1168,presion_sistolica cercana a 119.41 con radio ±26.27 Y sexo = mujer Y glucosa = normal Y actividad_fisica = no => enfermedad_cardiovascular = no,no,gaussiana,"actividad_fisica, glucosa, presion_sistolica, sexo",4,0.026185458486486325,0.036846086294717625,0.609388088570784,1.2127126140712121,0.21485042928800807,1,1,1,500,55,0.5,exploratoria,False,2
RD_1170,1170,altura_cm cercana a 159.41 con radio ±6.21 Y glucosa = normal Y alcohol = no Y actividad_fisica = no => enfermedad_cardiovascular = no,no,gaussiana,"actividad_fisica, alcohol, altura_cm, glucosa",4,0.025860873584956114,0.019132964535969823,0.6082590832774123,1.2104658373679849,0.21258107191439665,1,1,1,500,55,0.5,exploratoria,False,2
RD_1171,1171,edad_anios cercana a 52.67 con radio ±2.84 Y altura_cm cercana a 159.90 con radio ±6.38 Y sexo = mujer Y glucosa = normal => enfermedad_cardiovascular = no,no,gaussiana,"altura_cm, edad_anios, glucosa, sexo",4,0.025848202000160976,0.014403465420863817,0.6082149352182934,1.2103779805339174,0.21249233209707225,1,1,1,500,55,0.5,exploratoria,False,2
RD_1174,1174,altura_cm cercana a 160.66 con radio ±5.62 Y presion_sistolica cercana a 127.69 con radio ±37.59 Y colesterol = normal Y alcohol = no => enfermedad_cardiovascular = no,no,triangular,"alcohol, altura_cm, colesterol, presion_sistolica",4,0.02562839247535764,0.08892097312337047,0.6074482436543618,1.2088522261778345,0.21095124352635544,1,1,1,500,13,0.5,exploratoria,False,2
RD_1175,1175,altura_cm cercana a 158.48 con radio ±5.90 Y presion_sistolica cercana a 125.69 con radio ±15.08 Y presion_diastolica cercana a 85.86 con radio ±7.42 Y colesterol = normal => enfermedad_cardiovascular = no,no,triangular,"altura_cm, colesterol, presion_diastolica, presion_sistolica",4,0.02560359961049702,0.01987966593396691,0.6073616630091063,1.2086799263862813,0.21077721207860575,1,1,1,50,55,0.5,exploratoria,False,2
RD_1176,1176,edad_anios cercana a 46.80 con radio ±4.18 Y presion_sistolica cercana a 127.38 con radio ±14.51 Y glucosa = normal Y fumador = no => enfermedad_cardiovascular = no,no,gaussiana,"edad_anios, fumador, glucosa, presion_sistolica",4,0.025573064318657336,0.014065331408748544,0.6072549999545794,1.2084676616011532,0.21056281397905421,1,1,1,50,55,0.5,exploratoria,False,2
RD_1177,1177,edad_anios cercana a 52.13 con radio ±2.32 Y fumador = no Y alcohol = no Y actividad_fisica = no => enfermedad_cardiovascular = no,no,triangular,"actividad_fisica, alcohol, edad_anios, fumador",4,0.02534349076323978,0.011896180373435641,0.6064520492248868,1.2068697497012675,0.2089488426630892,1,1,1,500,13,0.5,exploratoria,False,2
RD_1180,1180,sexo = mujer Y colesterol = normal Y alcohol = no Y actividad_fisica = no => enfermedad_cardiovascular = no,no,triangular,"actividad_fisica, alcohol, colesterol, sexo",4,0.02508778460202249,0.0545,0.6055555555555556,1.2050856826976233,0.20714684533780034,5,2,1,500,"13, 55",1.0,alta,True,0
RD_1181,1181,sexo = mujer Y colesterol = normal Y alcohol = no Y actividad_fisica = no => enfermedad_cardiovascular = no,no,gaussiana,"actividad_fisica, alcohol, colesterol, sexo",4,0.02508778460202249,0.0545,0.6055555555555556,1.2050856826976233,0.20714684533780034,5,2,1,500,"13, 55",1.0,alta,True,0
RD_1182,1182,peso_kg cercana a 86.23 con radio ±8.51 Y presion_diastolica cercana a 84.14 con radio ±6.59 Y sexo = mujer Y colesterol = normal => enfermedad_cardiovascular = no,no,triangular,"colesterol, peso_kg, presion_diastolica, sexo",4,0.025073418774536466,0.010225638398313844,0.6055051223365153,1.2049853180826178,0.2070454720331967,1,1,1,500,55,0.5,exploratoria,False,2
RD_1183,1183,edad_anios cercana a 51.81 con radio ±2.69 Y altura_cm cercana a 158.36 con radio ±5.57 Y sexo = mujer Y glucosa = normal => enfermedad_cardiovascular = no,no,triangular,"altura_cm, edad_anios, glucosa, sexo",4,0.0250091364327312,0.014593060649860025,0.6052793623082962,1.2045360443946194,0.20659168303175116,1,1,1,500,13,0.5,exploratoria,False,2
RD_1184,1184,edad_anios cercana a 52.19 con radio ±2.93 Y sexo = mujer Y glucosa = normal Y fumador = no => enfermedad_cardiovascular = no,no,triangular,"edad_anios, fumador, glucosa, sexo",4,0.024822214581800117,0.04672801858473582,0.6046220720037561,1.2032280039875745,0.205270496489962,1,1,1,500,55,0.5,exploratoria,False,2
RD_1185,1185,edad_anios cercana a 52.70 con radio ±2.68 Y colesterol = normal Y glucosa = normal Y fumador = no => enfermedad_cardiovascular = no,no,triangular,"colesterol, edad_anios, fumador, glucosa",4,0.024782241112909626,0.0442525319472347,0.604481350913764,1.2029479620174408,0.20498764002766637,1,1,1,500,13,0.5,exploratoria,False,2
RD_1186,1186,edad_anios cercana a 51.51 con radio ±2.76 Y glucosa = normal Y fumador = no Y alcohol = no => enfermedad_cardiovascular = no,no,gaussiana,"alcohol, edad_anios, fumador, glucosa",4,0.024628693507874146,0.04172865645499317,0.6039402856627,1.2018712152491542,0.20390007168381913,1,1,1,500,13,0.5,exploratoria,False,2
RD_1187,1187,presion_sistolica cercana a 127.76 con radio ±26.31 Y presion_diastolica cercana a 83.53 con radio ±7.61 Y colesterol = normal Y actividad_fisica = no => enfermedad_cardiovascular = no,no,gaussiana,"actividad_fisica, colesterol, presion_diastolica, presion_sistolica",4,0.024612647258092743,0.017459545192976985,0.6038836945819354,1.201758596182956,0.20378632076770936,1,1,1,500,55,0.5,exploratoria,False,2
RD_1188,1188,peso_kg cercana a 85.98 con radio ±8.03 Y presion_sistolica cercana a 126.31 con radio ±12.75 Y colesterol = normal Y alcohol = no => enfermedad_cardiovascular = no,no,triangular,"alcohol, colesterol, peso_kg, presion_sistolica",4,0.024420537345632053,0.019592236210183855,0.6032054647214043,1.2004088850177201,0.20242304466613947,1,1,1,100,13,0.5,exploratoria,False,2
RD_1189,1189,presion_sistolica cercana a 113.74 con radio ±10.27 Y presion_diastolica cercana a 83.49 con radio ±7.70 Y alcohol = no Y actividad_fisica = no => enfermedad_cardiovascular = no,no,triangular,"actividad_fisica, alcohol, presion_diastolica, presion_sistolica",4,0.024393132203391177,0.016563290177098542,0.6031086063405804,1.2002161320210556,0.20222835445342802,1,1,1,500,13,0.5,exploratoria,False,2
RD_1190,1190,altura_cm cercana a 161.45 con radio ±6.46 Y colesterol = normal Y glucosa = normal Y actividad_fisica = no => enfermedad_cardiovascular = no,no,gaussiana,"actividad_fisica, altura_cm, colesterol, glucosa",4,0.024344551945445485,0.017263870256092346,0.6029368428933554,1.1998743142156327,0.2018831012931767,1,1,1,500,55,0.5,exploratoria,False,2
RD_1191,1191,presion_sistolica cercana a 117.38 con radio ±24.38 Y sexo = mujer Y alcohol = no Y actividad_fisica = no => enfermedad_cardiovascular = no,no,gaussiana,"actividad_fisica, alcohol, presion_sistolica, sexo",4,0.024221195160327964,0.03970326137631832,0.6025003173825125,1.1990056067313684,0.20100566308042728,1,1,1,500,55,0.5,exploratoria,False,2
RD_1192,1192,edad_anios cercana a 51.31 con radio ±2.60 Y altura_cm cercana a 161.87 con radio ±6.82 Y sexo = mujer Y fumador = no => enfermedad_cardiovascular = no,no,gaussiana,"altura_cm, edad_anios, fumador, sexo",4,0.024216715849273287,0.019001287049818964,0.6024844561330327,1.1989740420557866,0.2009737811719251,1,1,1,500,13,0.5,exploratoria,False,2
RD_1193,1193,edad_anios cercana a 51.73 con radio ±2.37 Y presion_diastolica cercana a 85.26 con radio ±6.34 Y colesterol = normal Y fumador = no => enfermedad_cardiovascular = no,no,triangular,"colesterol, edad_anios, fumador, presion_diastolica",4,0.02368377461368732,0.010269775355922505,0.6005921701592111,1.1952082988243007,0.1971701912747962,1,1,1,500,13,0.5,exploratoria,False,2
RD_1194,1194,edad_anios cercana a 51.10 con radio ±2.74 Y altura_cm cercana a 159.29 con radio ±6.27 Y glucosa = normal Y alcohol = no => enfermedad_cardiovascular = no,no,triangular,"alcohol, altura_cm, edad_anios, glucosa",4,0.023677927079111885,0.017787569856018783,0.6005713507778916,1.195166867219685,0.19712834327214399,1,1,1,100,13,0.5,exploratoria,False,2
RD_1195,1195,presion_sistolica cercana a 119.41 con radio ±26.27 Y sexo = mujer Y glucosa = normal Y actividad_fisica = no => enfermedad_cardiovascular = no,no,triangular,"actividad_fisica, glucosa, presion_sistolica, sexo",4,0.02366694629229632,0.039130105443135124,0.6005322517708094,1.195089058250367,0.1970497523031345,1,1,1,500,55,0.5,exploratoria,False,2
RD_1196,1196,edad_anios cercana a 46.80 con radio ±4.80 Y altura_cm cercana a 159.87 con radio ±6.19 Y colesterol = normal Y fumador = no => enfermedad_cardiovascular = no,no,triangular,"altura_cm, colesterol, edad_anios, fumador",4,0.02366680503679881,0.022597775796033722,0.6005317487774547,1.1950880572685667,0.19704874126121566,1,1,1,100,55,0.5,exploratoria,False,2
RD_1197,1197,presion_sistolica cercana a 117.38 con radio ±24.38 Y sexo = mujer Y alcohol = no Y actividad_fisica = no => enfermedad_cardiovascular = no,no,triangular,"actividad_fisica, alcohol, presion_sistolica, sexo",4,0.023645306345800532,0.041388925237006706,0.6004551861516074,1.1949356938340447,0.1968948465358944,1,1,1,500,55,0.5,exploratoria,False,2
RD_1198,1198,edad_anios cercana a 47.03 con radio ±4.47 Y presion_diastolica cercana a 84.70 con radio ±7.67 Y colesterol = normal Y fumador = no => enfermedad_cardiovascular = no,no,gaussiana,"colesterol, edad_anios, fumador, presion_diastolica",4,0.023579564830437112,0.010767126254341,0.6002209586995919,1.194469569551427,0.19642403758711952,1,1,1,100,55,0.5,exploratoria,False,2
RD_0002,2,presion_sistolica cercana a 163.39 con radio ±14.20 => enfermedad_cardiovascular = si,si,gaussiana,presion_sistolica,1,0.38472600329192874,0.03681958554325539,0.9184709835509026,1.8461728312580958,0.8377532010963237,1,1,1,500,55,0.5,exploratoria,False,2
RD_0003,3,presion_sistolica cercana a 163.39 con radio ±14.20 => enfermedad_cardiovascular = si,si,triangular,presion_sistolica,1,0.37979885379828254,0.040571459761106494,0.9147638216037817,1.8387212494548375,0.8303757643856352,1,1,1,500,55,0.5,exploratoria,False,2
RD_0006,6,presion_sistolica cercana a 158.00 con radio ±13.48 => enfermedad_cardiovascular = si,si,gaussiana,presion_sistolica,1,0.36515360290700966,0.048726058724141555,0.9036209288260891,1.816323475027315,0.808200853385252,2,1,1,500,55,0.5,exploratoria,False,2
RD_0007,7,presion_sistolica cercana a 158.00 con radio ±13.48 => enfermedad_cardiovascular = si,si,triangular,presion_sistolica,1,0.35518806905028305,0.06030785877441149,0.8959289334454069,1.8008621777797125,0.7928933998913571,2,1,1,500,55,0.5,exploratoria,False,2
RD_0008,8,presion_sistolica cercana a 158.00 con radio ±16.89 => enfermedad_cardiovascular = si,si,triangular,presion_sistolica,1,0.35264783643196473,0.07181073075232601,0.8939535633148072,1.7968915845523763,0.7889623150543429,1,1,1,500,13,0.5,exploratoria,False,2
RD_0010,10,presion_sistolica cercana a 176.89 con radio ±29.23 => enfermedad_cardiovascular = si,si,triangular,presion_sistolica,1,0.3456019471155746,0.03914395643670521,0.8884425193803289,1.7858141093071938,0.7779950634434407,1,1,1,500,13,0.5,exploratoria,False,2
RD_0011,11,presion_sistolica cercana a 156.50 con radio ±18.69 => enfermedad_cardiovascular = si,si,gaussiana,presion_sistolica,1,0.3430443064703396,0.07464906448791468,0.8864302415809128,1.7817693298108799,0.7739905305092792,1,1,1,500,13,0.5,exploratoria,False,2
RD_0013,13,presion_sistolica cercana a 176.89 con radio ±29.23 => enfermedad_cardiovascular = si,si,gaussiana,presion_sistolica,1,0.33697360443742147,0.027590343654174697,0.8816283729592982,1.7721173325815038,0.7644345730533298,1,1,1,500,13,0.5,exploratoria,False,2
RD_0014,14,presion_sistolica cercana a 194.80 con radio ±40.24 => enfermedad_cardiovascular = si,si,triangular,presion_sistolica,1,0.3314809180400931,0.01827936376313343,0.8772520963610969,1.7633207967057225,0.7557255648977054,1,1,1,500,13,0.5,exploratoria,False,2
RD_0015,15,presion_sistolica cercana a 182.54 con radio ±27.51 => enfermedad_cardiovascular = si,si,triangular,presion_sistolica,1,0.3313099566386248,0.02264844576323175,0.8771153944336988,1.7630460189622086,0.7554535212610922,1,1,1,500,55,0.5,exploratoria,False,2
RD_0016,16,presion_sistolica cercana a 156.50 con radio ±18.69 => enfermedad_cardiovascular = si,si,triangular,presion_sistolica,1,0.3296654537009275,0.08997481937935928,0.8757989163290469,1.7603998318171798,0.7528336643364119,1,1,1,500,13,0.5,exploratoria,False,2
RD_0017,17,presion_diastolica cercana a 99.85 con radio ±3.20 => enfermedad_cardiovascular = si,si,triangular,presion_diastolica,1,0.3277960558633647,0.04965821298355908,0.8742990377601755,1.7573850005229659,0.7498488313635334,2,2,1,500,"13, 55",1.0,alta,True,0
RD_0018,18,presion_diastolica cercana a 99.85 con radio ±3.20 => enfermedad_cardiovascular = si,si,gaussiana,presion_diastolica,1,0.3273486086526579,0.051457551134935296,0.8739395026277402,1.7566623168396789,0.7491333385626672,3,2,1,500,"13, 55",1.0,alta,True,0
RD_0019,19,presion_sistolica cercana a 194.80 con radio ±40.24 => enfermedad_cardiovascular = si,si,gaussiana,presion_sistolica,1,0.30991538089053233,0.01137052040326452,0.8597667921546714,1.7281744565923045,0.7209289396112866,1,1,1,500,13,0.5,exploratoria,False,2
RD_0020,20,presion_sistolica cercana a 150.05 con radio ±14.36 => enfermedad_cardiovascular = si,si,gaussiana,presion_sistolica,1,0.3081093805997567,0.08019387637378265,0.8582797285635504,1.7251853840473375,0.7179696090816924,1,1,1,500,13,0.5,exploratoria,False,2
RD_0021,21,presion_sistolica cercana a 182.54 con radio ±27.51 => enfermedad_cardiovascular = si,si,gaussiana,presion_sistolica,1,0.3072397850262919,0.015464850159763151,0.8575624066175256,1.7237435308894986,0.716542102721444,1,1,1,500,55,0.5,exploratoria,False,2
RD_0023,23,presion_diastolica cercana a 100.49 con radio ±14.49 => enfermedad_cardiovascular = si,si,gaussiana,presion_diastolica,1,0.28708311594331376,0.06884552904532,0.8406917995234247,1.6898327628611551,0.6829687552704969,3,1,3,"50, 100, 500",55,0.5,exploratoria,False,2
RD_0025,25,presion_diastolica cercana a 99.83 con radio ±10.92 => enfermedad_cardiovascular = si,si,triangular,presion_diastolica,1,0.2863842531507878,0.06845559021413214,0.8400982365886802,1.6886396715350356,0.6817875354998612,1,1,1,500,13,0.5,exploratoria,False,2
RD_0026,26,presion_sistolica cercana a 165.60 con radio ±19.01 Y sexo = hombre => enfermedad_cardiovascular = si,si,gaussiana,"presion_sistolica, sexo",2,0.28366171937008655,0.015793066498165174,0.9483903393533033,1.9063122399061374,0.8972942076682654,1,1,1,500,55,0.5,exploratoria,False,2
RD_0028,28,presion_sistolica cercana a 165.60 con radio ±19.01 Y sexo = hombre => enfermedad_cardiovascular = si,si,triangular,"presion_sistolica, sexo",2,0.27189139387003847,0.0198254253157162,0.9355926593908411,1.8805882600820927,0.87182618784247,1,1,1,500,55,0.5,exploratoria,False,2
RD_0031,31,presion_diastolica cercana a 116.61 con radio ±19.94 => enfermedad_cardiovascular = si,si,triangular,presion_diastolica,1,0.26256372588865123,0.024943304417074926,0.8194978488948464,1.6472318570750681,0.6407917390942218,1,1,1,500,13,0.5,exploratoria,False,2
RD_0032,32,presion_diastolica cercana a 100.49 con radio ±14.49 => enfermedad_cardiovascular = si,si,triangular,presion_diastolica,1,0.25536839164532626,0.09515489721255699,0.8131273525785322,1.6344268393538335,0.6281141344846413,3,1,3,"50, 100, 500",55,0.5,exploratoria,False,2
RD_0033,33,presion_sistolica cercana a 150.51 con radio ±20.75 Y fumador = si => enfermedad_cardiovascular = si,si,gaussiana,"fumador, presion_sistolica",2,0.24918370401030737,0.016122195690304715,0.9102036992832819,1.8295551744387577,0.8213008940960835,1,1,1,500,13,0.5,exploratoria,False,2
RD_0035,35,presion_diastolica cercana a 116.61 con radio ±19.94 => enfermedad_cardiovascular = si,si,gaussiana,presion_diastolica,1,0.24376812138617762,0.018809532765104563,0.8027026374096512,1.6134726380093491,0.6073684326560224,1,1,1,500,13,0.5,exploratoria,False,2
RD_0036,36,altura_cm cercana a 158.78 con radio ±5.48 Y presion_sistolica cercana a 158.00 con radio ±15.11 => enfermedad_cardiovascular = si,si,gaussiana,"altura_cm, presion_sistolica",2,0.23964113108131557,0.014132829615215026,0.8992387144332968,1.8075150038860237,0.7994800287229789,1,1,1,500,55,0.5,exploratoria,False,2
RD_0037,37,presion_sistolica cercana a 158.00 con radio ±14.97 Y fumador = no => enfermedad_cardiovascular = si,si,gaussiana,"fumador, presion_sistolica",2,0.2383213845339291,0.04719495899795404,0.8977076640158417,1.804437515609732,0.7964331622205806,1,1,1,500,55,0.5,exploratoria,False,2
RD_0038,38,presion_sistolica cercana a 150.51 con radio ±20.75 Y fumador = si => enfermedad_cardiovascular = si,si,triangular,"fumador, presion_sistolica",2,0.2363010592941446,0.018561189246634916,0.895356842977959,1.7997122471918774,0.7917549113989235,1,1,1,500,13,0.5,exploratoria,False,2
RD_0040,40,altura_cm cercana a 158.78 con radio ±5.48 Y presion_sistolica cercana a 158.00 con radio ±15.11 => enfermedad_cardiovascular = si,si,triangular,"altura_cm, presion_sistolica",2,0.23537040434914963,0.020448945949495603,0.8942710663149136,1.7975297815375149,0.7895941618207236,1,1,1,500,55,0.5,exploratoria,False,2
RD_0041,41,presion_sistolica cercana a 168.10 con radio ±17.76 Y sexo = mujer => enfermedad_cardiovascular = si,si,gaussiana,"presion_sistolica, sexo",2,0.2342773609828786,0.01783785636947793,0.8929934975858813,1.7949618041927262,0.7870517364893161,1,1,1,500,13,0.5,exploratoria,False,2
RD_0042,42,presion_sistolica cercana a 158.00 con radio ±14.97 Y fumador = no => enfermedad_cardiovascular = si,si,triangular,"fumador, presion_sistolica",2,0.2312452938885098,0.05700546994094159,0.8894362282248063,1.787811514019711,0.7799725934822016,1,1,1,500,55,0.5,exploratoria,False,2
RD_0043,43,presion_sistolica cercana a 168.10 con radio ±17.76 Y sexo = mujer => enfermedad_cardiovascular = si,si,triangular,"presion_sistolica, sexo",2,0.2295640649408357,0.02181762108231034,0.8874552453192394,1.783829638832642,0.7760303389437601,1,1,1,500,13,0.5,exploratoria,False,2
RD_0044,44,presion_sistolica cercana a 147.11 con radio ±19.31 Y fumador = si => enfermedad_cardiovascular = si,si,gaussiana,"fumador, presion_sistolica",2,0.22828490147103891,0.016683849764163993,0.8859438884418079,1.780791735561423,0.773022663565787,3,1,3,"50, 100, 500",55,0.5,exploratoria,False,2
RD_0045,45,presion_sistolica cercana a 181.40 con radio ±41.43 Y glucosa = normal => enfermedad_cardiovascular = si,si,triangular,"glucosa, presion_sistolica",2,0.22645950346713142,0.04231233563294288,0.8837809157645009,1.7764440517879416,0.768718240327365,1,1,1,500,55,0.5,exploratoria,False,2
RD_0046,46,presion_sistolica cercana a 155.16 con radio ±15.05 Y colesterol = normal => enfermedad_cardiovascular = si,si,triangular,"colesterol, presion_sistolica",2,0.22317561902715727,0.042696534687212094,0.8798710725236796,1.768585070399356,0.7609374577585664,1,1,1,500,55,0.5,exploratoria,False,2
RD_0047,47,presion_sistolica cercana a 155.16 con radio ±15.05 Y colesterol = normal => enfermedad_cardiovascular = si,si,gaussiana,"colesterol, presion_sistolica",2,0.22311256746036096,0.03815699103859947,0.8797957653344123,1.7684336991646479,0.7607875927052982,1,1,1,500,55,0.5,exploratoria,False,2
RD_0048,48,presion_diastolica cercana a 99.00 con radio ±10.61 Y actividad_fisica = no => enfermedad_cardiovascular = si,si,gaussiana,"actividad_fisica, presion_diastolica",2,0.22021403936868322,0.010694592785170045,0.8763240807652033,1.7614554387240267,0.753878767691947,1,1,1,100,55,0.5,exploratoria,False,2
RD_0049,49,presion_sistolica cercana a 181.40 con radio ±41.43 Y glucosa = normal => enfermedad_cardiovascular = si,si,gaussiana,"glucosa, presion_sistolica",2,0.22016943506221712,0.028427306095282056,0.876270506323333,1.7613477514036846,0.75377215188723,1,1,1,500,55,0.5,exploratoria,False,2
RD_0050,50,presion_diastolica cercana a 94.91 con radio ±11.06 => enfermedad_cardiovascular = si,si,triangular,presion_diastolica,1,0.21912545112610585,0.1130971739409326,0.779878648146319,1.5675952726559177,0.5619475585001374,1,1,1,100,55,0.5,exploratoria,False,2
RD_0051,51,presion_diastolica cercana a 94.91 con radio ±11.06 => enfermedad_cardiovascular = si,si,gaussiana,presion_diastolica,1,0.21779875265872575,0.08339292646449878,0.778621974086212,1.5650692946456524,0.559446714599427,1,1,1,100,55,0.5,exploratoria,False,2
RD_0053,53,presion_diastolica cercana a 97.44 con radio ±5.11 Y alcohol = no => enfermedad_cardiovascular = si,si,triangular,"alcohol, presion_diastolica",2,0.21540384900556744,0.025958904953642815,0.870519945298012,1.7497888347698733,0.7423282493492778,1,1,1,500,55,0.5,exploratoria,False,2
RD_0055,55,presion_diastolica cercana a 97.44 con radio ±5.11 Y alcohol = no => enfermedad_cardiovascular = si,si,gaussiana,"alcohol, presion_diastolica",2,0.21349854546600394,0.01729846397341928,0.868205906251608,1.745137500003232,0.737723196520613,1,1,1,500,55,0.5,exploratoria,False,2
RD_0056,56,presion_sistolica cercana a 158.00 con radio ±23.35 Y alcohol = no => enfermedad_cardiovascular = si,si,triangular,"alcohol, presion_sistolica",2,0.21027066331195834,0.10086813514702542,0.864265708526417,1.7372175045757126,0.7298820070177454,1,1,1,500,13,0.5,exploratoria,False,2
RD_0057,57,presion_sistolica cercana a 153.44 con radio ±17.96 Y fumador = no => enfermedad_cardiovascular = si,si,gaussiana,"fumador, presion_sistolica",2,0.2079327244044933,0.07181894077536222,0.8613960189536644,1.7314492843289735,0.7241711819973421,1,1,1,500,13,0.5,exploratoria,False,2
RD_0058,58,presion_diastolica cercana a 91.39 con radio ±7.68 Y colesterol = muy_arriba_de_lo_normal => enfermedad_cardiovascular = si,si,gaussiana,"colesterol, presion_diastolica",2,0.20603841160770714,0.023185280794542913,0.859060960083971,1.7267556986612482,0.7195242986745694,1,1,1,500,55,0.5,exploratoria,False,2
RD_0060,60,presion_sistolica cercana a 159.11 con radio ±36.66 Y sexo = hombre => enfermedad_cardiovascular = si,si,gaussiana,"presion_sistolica, sexo",2,0.20491248681016339,0.05157252843525872,0.8576688257611365,1.7239574387158523,0.7167538821117144,1,1,1,500,55,0.5,exploratoria,False,2
RD_0061,61,presion_sistolica cercana a 147.11 con radio ±19.31 Y fumador = si => enfermedad_cardiovascular = si,si,triangular,"fumador, presion_sistolica",2,0.20268638665149033,0.018334639151966717,0.8549069849280974,1.7184059998554722,0.7112576814489501,3,1,3,"50, 100, 500",55,0.5,exploratoria,False,2
RD_0062,62,presion_sistolica cercana a 153.44 con radio ±17.96 Y fumador = no => enfermedad_cardiovascular = si,si,triangular,"fumador, presion_sistolica",2,0.1993732829551535,0.09092826471100937,0.8507730780916076,1.7100966393801158,0.7030310011773286,1,1,1,500,13,0.5,exploratoria,False,2
RD_0063,63,presion_diastolica cercana a 91.39 con radio ±7.68 Y colesterol = muy_arriba_de_lo_normal => enfermedad_cardiovascular = si,si,triangular,"colesterol, presion_diastolica",2,0.198435052634873,0.022044016684308942,0.8495972387779368,1.7077331432722347,0.7006910224436554,1,1,1,500,55,0.5,exploratoria,False,2
RD_0065,65,presion_sistolica cercana a 152.01 con radio ±20.99 Y presion_diastolica cercana a 86.38 con radio ±6.64 => enfermedad_cardiovascular = si,si,gaussiana,"presion_diastolica, presion_sistolica",2,0.19654581904613155,0.027840922320690843,0.8472225429892697,1.7029598854055672,0.6959652596801388,1,1,1,500,13,0.5,exploratoria,False,2
RD_0066,66,peso_kg cercana a 84.14 con radio ±10.47 Y presion_sistolica cercana a 178.35 con radio ±28.07 Y fumador = no => enfermedad_cardiovascular = si,si,triangular,"fumador, peso_kg, presion_sistolica",3,0.19508876911764533,0.010125920682372532,0.9225489228445435,1.8543696941598864,0.8458685031732209,1,1,1,500,13,0.5,exploratoria,False,2
RD_0067,67,presion_sistolica cercana a 158.00 con radio ±28.00 Y presion_diastolica cercana a 86.38 con radio ±6.64 => enfermedad_cardiovascular = si,si,triangular,"presion_diastolica, presion_sistolica",2,0.19484124840482775,0.04723518711245798,0.8450718463801891,1.6986368771461087,0.691685266428237,1,1,1,500,13,0.5,exploratoria,False,2
RD_0070,70,edad_anios cercana a 62.01 con radio ±0.96 Y colesterol = muy_arriba_de_lo_normal => enfermedad_cardiovascular = si,si,triangular,"colesterol, edad_anios",2,0.1908457711442786,0.010436666094101899,0.84,1.6884422110552764,0.681592039800995,1,1,1,500,55,0.5,exploratoria,False,2
RD_0071,71,edad_anios cercana a 62.01 con radio ±0.96 Y colesterol = muy_arriba_de_lo_normal => enfermedad_cardiovascular = si,si,gaussiana,"colesterol, edad_anios",2,0.1908457711442786,0.010498281062016357,0.84,1.6884422110552764,0.681592039800995,1,1,1,500,55,0.5,exploratoria,False,2
RD_0073,73,presion_diastolica cercana a 106.90 con radio ±19.43 Y alcohol = no => enfermedad_cardiovascular = si,si,gaussiana,"alcohol, presion_diastolica",2,0.18801383176296152,0.038889463021759836,0.8363786360301585,1.681163087497806,0.6743853453336488,1,1,1,500,55,0.5,exploratoria,False,2
RD_0076,76,colesterol = muy_arriba_de_lo_normal => enfermedad_cardiovascular = si,si,triangular,colesterol,1,0.18517654666352842,0.0855,0.7467248908296944,1.5009545544315466,0.4959699319993919,8,2,3,"50, 100, 500","13, 55",1.0,alta,True,0
RD_0077,77,colesterol = muy_arriba_de_lo_normal => enfermedad_cardiovascular = si,si,gaussiana,colesterol,1,0.18517654666352842,0.0855,0.7467248908296944,1.5009545544315466,0.4959699319993919,8,2,3,"50, 100, 500","13, 55",1.0,alta,True,0
RD_0079,79,presion_diastolica cercana a 101.60 con radio ±20.86 Y glucosa = arriba_de_lo_normal => enfermedad_cardiovascular = si,si,gaussiana,"glucosa, presion_diastolica",2,0.18214963489288816,0.01009392124424065,0.8288078739238257,1.6659454752237703,0.6593191520872154,3,1,3,"50, 100, 500",13,0.5,exploratoria,False,2
RD_0082,82,peso_kg cercana a 74.06 con radio ±8.87 Y presion_sistolica cercana a 157.61 con radio ±16.02 Y glucosa = normal Y alcohol = no => enfermedad_cardiovascular = si,si,gaussiana,"alcohol, glucosa, peso_kg, presion_sistolica",4,0.17838489552518466,0.012827967443158965,0.9629408796022436,1.9355595569894344,0.9262505066711316,1,1,1,500,55,0.5,exploratoria,False,2
RD_0084,84,presion_sistolica cercana a 146.12 con radio ±17.17 Y alcohol = no => enfermedad_cardiovascular = si,si,gaussiana,"alcohol, presion_sistolica",2,0.17734358800982764,0.1089236589942921,0.8225287216556703,1.653324063629488,0.6468233266779508,1,1,1,500,13,0.5,exploratoria,False,2
RD_0085,85,presion_sistolica cercana a 166.92 con radio ±18.21 Y sexo = mujer Y fumador = no => enfermedad_cardiovascular = si,si,gaussiana,"fumador, presion_sistolica, sexo",3,0.17637300056150607,0.020771033036695294,0.8940300118000147,1.797045249849276,0.789114451343313,1,1,1,500,55,0.5,exploratoria,False,2
RD_0086,86,presion_sistolica cercana a 156.40 con radio ±16.06 Y glucosa = normal Y alcohol = no => enfermedad_cardiovascular = si,si,gaussiana,"alcohol, glucosa, presion_sistolica",3,0.17622718279319305,0.046857242538626886,0.893802865984113,1.7965886753449507,0.7886624198688816,1,1,1,500,13,0.5,exploratoria,False,2
RD_0087,87,peso_kg cercana a 84.14 con radio ±10.47 Y presion_sistolica cercana a 166.70 con radio ±22.20 Y fumador = no => enfermedad_cardiovascular = si,si,gaussiana,"fumador, peso_kg, presion_sistolica",3,0.1760303374116362,0.010880602423055856,0.8934961056085479,1.7959720715749705,0.7880519514597968,1,1,1,500,13,0.5,exploratoria,False,2
RD_0088,88,edad_anios cercana a 61.88 con radio ±6.53 Y presion_sistolica cercana a 167.02 con radio ±28.83 Y fumador = no => enfermedad_cardiovascular = si,si,gaussiana,"edad_anios, fumador, presion_sistolica",3,0.17583748391584586,0.020594602535710257,0.8931954245092055,1.7953676874556894,0.7874535811128469,1,1,1,500,55,0.5,exploratoria,False,2
RD_0090,90,altura_cm cercana a 160.28 con radio ±6.36 Y presion_sistolica cercana a 152.49 con radio ±13.28 Y alcohol = no => enfermedad_cardiovascular = si,si,gaussiana,"alcohol, altura_cm, presion_sistolica",3,0.17455893142589818,0.01789706843311637,0.8911984529252563,1.7913536742216207,0.783479508308968,1,1,1,500,55,0.5,exploratoria,False,2
RD_0091,91,presion_diastolica cercana a 103.57 con radio ±10.34 Y sexo = hombre Y alcohol = no => enfermedad_cardiovascular = si,si,gaussiana,"alcohol, presion_diastolica, sexo",3,0.17421036021206293,0.012983319142715822,0.890652941671283,1.7902571691885085,0.7823939137736975,1,1,1,500,55,0.5,exploratoria,False,2
RD_0092,92,peso_kg cercana a 74.06 con radio ±8.87 Y presion_sistolica cercana a 157.61 con radio ±16.02 Y glucosa = normal Y alcohol = no => enfermedad_cardiovascular = si,si,triangular,"alcohol, glucosa, peso_kg, presion_sistolica",4,0.17399753608592133,0.018128314222263357,0.955181434688376,1.9199626827907055,0.9108088252504997,1,1,1,500,55,0.5,exploratoria,False,2
RD_0093,93,presion_diastolica cercana a 98.41 con radio ±13.41 Y glucosa = normal => enfermedad_cardiovascular = si,si,gaussiana,"glucosa, presion_diastolica",2,0.17394887324779923,0.06121103959262257,0.8180517555928115,1.644325136869973,0.637913941478232,1,1,1,500,13,0.5,exploratoria,False,2
RD_0095,95,presion_diastolica cercana a 106.90 con radio ±19.43 Y alcohol = no => enfermedad_cardiovascular = si,si,triangular,"alcohol, presion_diastolica",2,0.17297033546527577,0.05874018088458102,0.816754703513891,1.6417179970128462,0.6353327433112259,1,1,1,500,55,0.5,exploratoria,False,2
RD_0097,97,presion_sistolica cercana a 166.92 con radio ±18.21 Y sexo = mujer Y fumador = no => enfermedad_cardiovascular = si,si,triangular,"fumador, presion_sistolica, sexo",3,0.17108931090845442,0.02526160493842005,0.8857477059817354,1.780397398958262,0.7726322507099211,1,1,1,500,55,0.5,exploratoria,False,2
RD_0098,98,presion_diastolica cercana a 99.00 con radio ±10.61 Y actividad_fisica = no => enfermedad_cardiovascular = si,si,triangular,"actividad_fisica, presion_diastolica",2,0.17094351382436415,0.013252950475178544,0.8140586852244789,1.6362988647728218,0.6299675327850327,1,1,1,100,55,0.5,exploratoria,False,2
RD_0099,99,altura_cm cercana a 159.94 con radio ±6.74 Y presion_sistolica cercana a 158.00 con radio ±19.88 Y sexo = mujer => enfermedad_cardiovascular = si,si,gaussiana,"altura_cm, presion_sistolica, sexo",3,0.17038601104363937,0.019409862509159808,0.8846371320428769,1.778165089533421,0.770422153319158,1,1,1,500,13,0.5,exploratoria,False,2
RD_0100,100,presion_sistolica cercana a 158.00 con radio ±19.93 Y colesterol = normal Y actividad_fisica = si => enfermedad_cardiovascular = si,si,gaussiana,"actividad_fisica, colesterol, presion_sistolica",3,0.17024849197390626,0.03827320911360837,0.8844197502379294,1.7777281411817676,0.7699895527122974,1,1,1,500,13,0.5,exploratoria,False,2
RD_0101,101,presion_diastolica cercana a 103.57 con radio ±10.34 Y sexo = hombre Y alcohol = no => enfermedad_cardiovascular = si,si,triangular,"alcohol, presion_diastolica, sexo",3,0.17006144502185874,0.014950356118451488,0.8841239583850884,1.7771335846936451,0.7694009122091312,1,1,1,500,55,0.5,exploratoria,False,2
RD_0102,102,presion_sistolica cercana a 159.11 con radio ±36.66 Y sexo = hombre => enfermedad_cardiovascular = si,si,triangular,"presion_sistolica, sexo",2,0.1700314697434922,0.06166879628630045,0.8128413074479295,1.633851874267195,0.6275448904436408,1,1,1,500,55,0.5,exploratoria,False,2
RD_0103,103,presion_sistolica cercana a 158.00 con radio ±16.18 Y sexo = mujer Y glucosa = normal => enfermedad_cardiovascular = si,si,gaussiana,"glucosa, presion_sistolica, sexo",3,0.1699978148605087,0.026863732644313947,0.8840233036808822,1.7769312636801653,0.7692006043400642,1,1,1,500,55,0.5,exploratoria,False,2
RD_0105,105,presion_sistolica cercana a 158.00 con radio ±19.76 Y colesterol = normal Y alcohol = no => enfermedad_cardiovascular = si,si,gaussiana,"alcohol, colesterol, presion_sistolica",3,0.16981289142736813,0.04283117116842533,0.8837306881071344,1.776343091672632,0.7686182847903174,1,1,1,500,13,0.5,exploratoria,False,2
RD_0106,106,presion_sistolica cercana a 163.50 con radio ±34.88 Y presion_diastolica cercana a 73.65 con radio ±14.74 => enfermedad_cardiovascular = si,si,gaussiana,"presion_diastolica, presion_sistolica",2,0.1687489425586615,0.013678009821833502,0.8111249580192758,1.630401925666886,0.6241292696901011,3,1,3,"50, 100, 500",13,0.5,exploratoria,False,2
RD_0107,107,peso_kg cercana a 99.12 con radio ±15.91 Y colesterol = muy_arriba_de_lo_normal => enfermedad_cardiovascular = si,si,triangular,"colesterol, peso_kg",2,0.16836121038322807,0.01569940680334599,0.810605041049483,1.6293568664311218,0.6230946090536977,1,1,1,500,13,0.5,exploratoria,False,2
RD_0108,108,altura_cm cercana a 160.28 con radio ±6.36 Y presion_sistolica cercana a 152.49 con radio ±13.28 Y alcohol = no => enfermedad_cardiovascular = si,si,triangular,"alcohol, altura_cm, presion_sistolica",3,0.1683582804778087,0.025691827975804698,0.8814242497212886,1.7717070346156556,0.7640283576543058,1,1,1,500,55,0.5,exploratoria,False,2
RD_0109,109,presion_sistolica cercana a 158.00 con radio ±16.18 Y sexo = mujer Y glucosa = normal => enfermedad_cardiovascular = si,si,triangular,"glucosa, presion_sistolica, sexo",3,0.1678657222633001,0.03257018733998834,0.8806413389572871,1.7701333446377632,0.7624703262831586,1,1,1,500,55,0.5,exploratoria,False,2
RD_0112,112,peso_kg cercana a 74.55 con radio ±14.80 Y presion_diastolica cercana a 95.69 con radio ±9.38 => enfermedad_cardiovascular = si,si,gaussiana,"peso_kg, presion_diastolica",2,0.1647849787736481,0.027579882461986824,0.8057867294903223,1.6196718180709995,0.6135059293339747,1,1,1,500,55,0.5,exploratoria,False,2
RD_0114,114,peso_kg cercana a 71.34 con radio ±10.19 Y presion_sistolica cercana a 156.65 con radio ±24.03 Y presion_diastolica cercana a 86.83 con radio ±6.64 => enfermedad_cardiovascular = si,si,triangular,"peso_kg, presion_diastolica, presion_sistolica",3,0.16394777956624454,0.021141174574490613,0.8743789630668896,1.7575456544058081,0.7500078867002778,1,1,1,500,13,0.5,exploratoria,False,2
RD_0116,116,presion_sistolica cercana a 158.00 con radio ±20.96 Y glucosa = normal Y alcohol = no => enfermedad_cardiovascular = si,si,triangular,"alcohol, glucosa, presion_sistolica",3,0.1638236510370228,0.0715270704429182,0.8741795332684696,1.7571447904893862,0.7496110114795417,1,1,1,500,13,0.5,exploratoria,False,2
RD_0117,117,peso_kg cercana a 99.12 con radio ±15.91 Y colesterol = muy_arriba_de_lo_normal => enfermedad_cardiovascular = si,si,gaussiana,"colesterol, peso_kg",2,0.16379665087458317,0.012549542598747056,0.804447771898929,1.616980446027998,0.6108413371122966,1,1,1,500,13,0.5,exploratoria,False,2
RD_0118,118,edad_anios cercana a 61.88 con radio ±6.53 Y presion_sistolica cercana a 167.02 con radio ±28.83 Y fumador = no => enfermedad_cardiovascular = si,si,triangular,"edad_anios, fumador, presion_sistolica",3,0.1633104338565301,0.02982296244985455,0.8733543023800152,1.755486034934704,0.7479687609552542,1,1,1,500,55,0.5,exploratoria,False,2
RD_0120,120,presion_diastolica cercana a 101.60 con radio ±20.86 Y glucosa = arriba_de_lo_normal => enfermedad_cardiovascular = si,si,triangular,"glucosa, presion_diastolica",2,0.1629612457191382,0.012409553031115576,0.8033134683438865,1.614700438882184,0.6085840166047494,3,1,3,"50, 100, 500",13,0.5,exploratoria,False,2
RD_0122,122,presion_sistolica cercana a 155.75 con radio ±24.11 Y glucosa = normal Y alcohol = no => enfermedad_cardiovascular = si,si,gaussiana,"alcohol, glucosa, presion_sistolica",3,0.16181506108794919,0.07650765777207291,0.8709435673781736,1.75064033643854,0.7431712783645246,1,1,1,500,55,0.5,exploratoria,False,2
RD_0123,123,altura_cm cercana a 161.46 con radio ±6.66 Y presion_sistolica cercana a 163.51 con radio ±17.56 Y sexo = mujer Y fumador = no => enfermedad_cardiovascular = si,si,gaussiana,"altura_cm, fumador, presion_sistolica, sexo",4,0.16170590892481382,0.011005450528160623,0.9329741289764595,1.8753248823647426,0.8666151820427055,1,1,1,500,55,0.5,exploratoria,False,2
RD_0125,125,altura_cm cercana a 161.56 con radio ±5.39 Y presion_sistolica cercana a 158.00 con radio ±12.48 Y glucosa = normal Y fumador = no => enfermedad_cardiovascular = si,si,triangular,"altura_cm, fumador, glucosa, presion_sistolica",4,0.16093451150205865,0.01343181506658806,0.9315563580905807,1.8724750916393582,0.8637937474439418,1,1,1,500,55,0.5,exploratoria,False,2
RD_0126,126,altura_cm cercana a 161.22 con radio ±5.72 Y presion_sistolica cercana a 158.00 con radio ±16.03 Y glucosa = normal Y fumador = no => enfermedad_cardiovascular = si,si,gaussiana,"altura_cm, fumador, glucosa, presion_sistolica",4,0.16076737973173796,0.011804388999767138,0.9312487941938005,1.8718568727513578,0.8631816799876627,1,1,1,500,13,0.5,exploratoria,False,2
RD_0128,128,presion_diastolica cercana a 98.41 con radio ±13.41 Y glucosa = normal => enfermedad_cardiovascular = si,si,triangular,"glucosa, presion_diastolica",2,0.1594576128046141,0.08451167188988049,0.7985307870442143,1.6050870091340992,0.5990662428740584,1,1,1,500,13,0.5,exploratoria,False,2
RD_0130,130,peso_kg cercana a 74.55 con radio ±14.80 Y presion_diastolica cercana a 95.69 con radio ±9.38 => enfermedad_cardiovascular = si,si,triangular,"peso_kg, presion_diastolica",2,0.15791149512219543,0.05272205288674099,0.7964069559466123,1.6008180019027383,0.5948397133265916,1,1,1,500,55,0.5,exploratoria,False,2
RD_0132,132,presion_sistolica cercana a 158.00 con radio ±16.56 Y presion_diastolica cercana a 87.38 con radio ±7.87 Y alcohol = no => enfermedad_cardiovascular = si,si,gaussiana,"alcohol, presion_diastolica, presion_sistolica",3,0.1572727334373156,0.01725550514111359,0.8635627818360678,1.7358045866051615,0.7284831479324734,1,1,1,500,13,0.5,exploratoria,False,2
RD_0134,134,altura_cm cercana a 159.70 con radio ±6.82 Y presion_diastolica cercana a 100.16 con radio ±6.04 Y sexo = mujer Y fumador = no => enfermedad_cardiovascular = si,si,gaussiana,"altura_cm, fumador, presion_diastolica, sexo",4,0.15568749379538183,0.010173363485262822,0.9218334945687621,1.8529316473743962,0.8444447653109693,1,1,1,500,55,0.5,exploratoria,False,2
RD_0137,137,peso_kg cercana a 71.34 con radio ±10.19 Y presion_sistolica cercana a 144.69 con radio ±15.88 Y presion_diastolica cercana a 86.83 con radio ±6.64 => enfermedad_cardiovascular = si,si,gaussiana,"peso_kg, presion_diastolica, presion_sistolica",3,0.15340435722008852,0.013972158138202396,0.8572065066727267,1.7230281541160335,0.7158338441248293,1,1,1,500,13,0.5,exploratoria,False,2
RD_0140,140,presion_sistolica cercana a 155.75 con radio ±24.11 Y glucosa = normal Y alcohol = no => enfermedad_cardiovascular = si,si,triangular,"alcohol, glucosa, presion_sistolica",3,0.1506573789646199,0.0929244097118954,0.8526522223993599,1.71387381386806,0.7067705918395223,1,1,1,500,55,0.5,exploratoria,False,2
RD_0141,141,altura_cm cercana a 159.94 con radio ±6.74 Y presion_sistolica cercana a 158.00 con radio ±28.00 Y sexo = mujer => enfermedad_cardiovascular = si,si,triangular,"altura_cm, presion_sistolica, sexo",3,0.15008326768059202,0.04169200033644428,0.8516960428081355,1.7119518448404734,0.7048677468818617,1,1,1,500,13,0.5,exploratoria,False,2
RD_0142,142,altura_cm cercana a 159.70 con radio ±6.82 Y presion_diastolica cercana a 100.16 con radio ±6.04 Y sexo = mujer Y fumador = no => enfermedad_cardiovascular = si,si,triangular,"altura_cm, fumador, presion_diastolica, sexo",4,0.15002987075792673,0.01148989377812848,0.9111898937105848,1.8315374747951454,0.8232634700708156,1,1,1,500,55,0.5,exploratoria,False,2
RD_0143,143,presion_sistolica cercana a 140.86 con radio ±27.21 => enfermedad_cardiovascular = si,si,gaussiana,presion_sistolica,1,0.1494513445576377,0.2010672241574809,0.7092661927450824,1.425660688934839,0.4214252591941939,2,1,2,"100, 500",55,0.5,exploratoria,False,2
RD_0144,144,altura_cm cercana a 162.00 con radio ±6.28 Y presion_sistolica cercana a 158.00 con radio ±28.00 Y fumador = no => enfermedad_cardiovascular = si,si,triangular,"altura_cm, fumador, presion_sistolica",3,0.14938373033296687,0.04486734325839292,0.8505289132806694,1.7096058558405414,0.7025451010560585,1,1,1,500,13,0.5,exploratoria,False,2
RD_0145,145,altura_cm cercana a 160.35 con radio ±5.65 Y presion_sistolica cercana a 158.00 con radio ±12.60 Y glucosa = normal Y fumador = no => enfermedad_cardiovascular = si,si,triangular,"altura_cm, fumador, glucosa, presion_sistolica",4,0.14891149227319372,0.01387731218871673,0.9090655963903921,1.8272675304329489,0.8190360127171983,1,1,1,500,55,0.5,exploratoria,False,2
RD_0147,147,presion_sistolica cercana a 150.94 con radio ±36.23 Y sexo = mujer => enfermedad_cardiovascular = si,si,gaussiana,"presion_sistolica, sexo",2,0.1468839155470647,0.1222448080635762,0.781013154076252,1.5698756865854313,0.5642052817437853,1,1,1,500,13,0.5,exploratoria,False,2
RD_0149,149,presion_sistolica cercana a 158.00 con radio ±23.94 Y presion_diastolica cercana a 87.38 con radio ±7.87 Y alcohol = no => enfermedad_cardiovascular = si,si,triangular,"alcohol, presion_diastolica, presion_sistolica",3,0.14657490057440303,0.04578076214492369,0.8458196045307868,1.7001399086045965,0.6931733423498244,1,1,1,500,13,0.5,exploratoria,False,2
RD_0150,150,presion_sistolica cercana a 158.00 con radio ±28.00 Y colesterol = normal Y actividad_fisica = si => enfermedad_cardiovascular = si,si,triangular,"actividad_fisica, colesterol, presion_sistolica",3,0.14644555749203234,0.06523214285714288,0.8456018518518519,1.6997022147775918,0.6927400036852774,1,1,1,500,13,0.5,exploratoria,False,2
RD_0151,151,altura_cm cercana a 161.63 con radio ±6.12 Y presion_sistolica cercana a 158.00 con radio ±20.26 Y colesterol = normal Y alcohol = no => enfermedad_cardiovascular = si,si,gaussiana,"alcohol, altura_cm, colesterol, presion_sistolica",4,0.14613717822319744,0.011707722113164724,0.903766200399489,1.8166154781899275,0.8084899510437592,1,1,1,500,13,0.5,exploratoria,False,2
RD_0152,152,altura_cm cercana a 161.46 con radio ±6.66 Y presion_sistolica cercana a 163.51 con radio ±17.56 Y sexo = mujer Y fumador = no => enfermedad_cardiovascular = si,si,triangular,"altura_cm, fumador, presion_sistolica, sexo",4,0.1460612562813027,0.016469197562038875,0.9036205741646764,1.8163227621400533,0.808200147591396,1,1,1,500,55,0.5,exploratoria,False,2
RD_0153,153,altura_cm cercana a 161.42 con radio ±5.69 Y presion_sistolica cercana a 158.00 con radio ±15.41 Y sexo = mujer Y alcohol = no => enfermedad_cardiovascular = si,si,triangular,"alcohol, altura_cm, presion_sistolica, sexo",4,0.1458984514385135,0.016219326845288255,0.9033081881996933,1.8156948506526498,0.8075784839794892,1,1,1,500,13,0.5,exploratoria,False,2
RD_0154,154,altura_cm cercana a 162.00 con radio ±6.28 Y presion_sistolica cercana a 150.95 con radio ±18.99 Y fumador = no => enfermedad_cardiovascular = si,si,gaussiana,"altura_cm, fumador, presion_sistolica",3,0.14550823360967452,0.0267925422189546,0.8440214608104825,1.696525549367804,0.6895949468865323,1,1,1,500,13,0.5,exploratoria,False,2
RD_0156,156,altura_cm cercana a 150.83 con radio ±11.24 Y colesterol = muy_arriba_de_lo_normal => enfermedad_cardiovascular = si,si,triangular,"altura_cm, colesterol",2,0.14490164863359917,0.01812481372553657,0.7781985790094735,1.5642182492652734,0.5586041373322858,3,1,3,"50, 100, 500",55,0.5,exploratoria,False,2
RD_0158,158,presion_diastolica cercana a 99.00 con radio ±12.07 Y colesterol = arriba_de_lo_normal Y fumador = no Y alcohol = no => enfermedad_cardiovascular = si,si,gaussiana,"alcohol, colesterol, fumador, presion_diastolica",4,0.14488221458663528,0.01335462922327926,0.9013548778923746,1.8117685987786423,0.8036912992883076,1,1,1,100,55,0.5,exploratoria,False,2
RD_0160,160,altura_cm cercana a 160.28 con radio ±5.96 Y presion_sistolica cercana a 158.00 con radio ±12.75 Y colesterol = normal Y fumador = no => enfermedad_cardiovascular = si,si,triangular,"altura_cm, colesterol, fumador, presion_sistolica",4,0.1444029397052141,0.011610384659290433,0.9004316312505289,1.809912826634229,0.8018539925383661,2,1,1,500,55,0.5,exploratoria,False,2
RD_0161,161,presion_sistolica cercana a 158.00 con radio ±28.00 Y colesterol = normal Y alcohol = no => enfermedad_cardiovascular = si,si,triangular,"alcohol, colesterol, presion_sistolica",3,0.14410633243991822,0.0746964285714286,0.8416498993963784,1.6917585917515143,0.6848754216843351,1,1,1,500,13,0.5,exploratoria,False,2
RD_0163,163,altura_cm cercana a 150.83 con radio ±11.24 Y colesterol = muy_arriba_de_lo_normal => enfermedad_cardiovascular = si,si,gaussiana,"altura_cm, colesterol",2,0.143738263915893,0.01359674294030633,0.776539726456672,1.5608838722747176,0.555302938222233,3,1,3,"50, 100, 500",55,0.5,exploratoria,False,2
RD_0164,164,presion_sistolica cercana a 151.85 con radio ±31.16 Y presion_diastolica cercana a 88.95 con radio ±11.05 Y actividad_fisica = si => enfermedad_cardiovascular = si,si,gaussiana,"actividad_fisica, presion_diastolica, presion_sistolica",3,0.14347501431367538,0.06831072670402483,0.8405788107810294,1.6896056498111143,0.6827439020517998,1,1,1,500,13,0.5,exploratoria,False,2
RD_0165,165,presion_sistolica cercana a 139.84 con radio ±15.05 Y fumador = si => enfermedad_cardiovascular = si,si,gaussiana,"fumador, presion_sistolica",2,0.14271899988305786,0.013297445278299538,0.7750820765673604,1.5579539227484631,0.5524021424226078,1,1,1,500,55,0.5,exploratoria,False,2
RD_0166,166,presion_diastolica cercana a 87.42 con radio ±7.32 Y sexo = mujer => enfermedad_cardiovascular = si,si,gaussiana,"presion_diastolica, sexo",2,0.14262894007945986,0.060154925877722205,0.7749530878565668,1.5576946489579233,0.5521454484707797,1,1,1,50,13,0.5,exploratoria,False,2
RD_0167,167,presion_diastolica cercana a 87.42 con radio ±7.32 Y sexo = mujer => enfermedad_cardiovascular = si,si,triangular,"presion_diastolica, sexo",2,0.14253235387118873,0.06790030152476752,0.7748147165138687,1.5574165156057662,0.5518700826146641,1,1,1,50,13,0.5,exploratoria,False,2
RD_0170,170,presion_sistolica cercana a 158.00 con radio ±13.06 Y presion_diastolica cercana a 83.50 con radio ±13.25 Y fumador = no Y alcohol = no => enfermedad_cardiovascular = si,si,gaussiana,"alcohol, fumador, presion_diastolica, presion_sistolica",4,0.1417121739579807,0.013311698576488772,0.8952238197092179,1.7994448637371214,0.7914901884760557,1,1,1,500,55,0.5,exploratoria,False,2
RD_0172,172,presion_sistolica cercana a 158.00 con radio ±14.51 Y glucosa = normal Y fumador = no Y alcohol = no => enfermedad_cardiovascular = si,si,gaussiana,"alcohol, fumador, glucosa, presion_sistolica",4,0.14112131905499167,0.03426216705896404,0.8940746288695841,1.797134932401174,0.7892032415315108,1,1,1,500,55,0.5,exploratoria,False,2
RD_0173,173,presion_sistolica cercana a 158.00 con radio ±19.88 Y presion_diastolica cercana a 84.66 con radio ±6.80 Y fumador = no => enfermedad_cardiovascular = si,si,triangular,"fumador, presion_diastolica, presion_sistolica",3,0.1409662002390341,0.021039467836467814,0.836303082691648,1.6810112214907498,0.6742349904311403,1,1,1,500,13,0.5,exploratoria,False,2
RD_0174,174,presion_sistolica cercana a 163.50 con radio ±34.88 Y presion_diastolica cercana a 73.65 con radio ±14.74 => enfermedad_cardiovascular = si,si,triangular,"presion_diastolica, presion_sistolica",2,0.14080819698684024,0.02342903669370917,0.7723385020296585,1.552439200059615,0.5469422925963353,3,1,3,"50, 100, 500",13,0.5,exploratoria,False,2
RD_0176,176,altura_cm cercana a 161.36 con radio ±5.78 Y presion_sistolica cercana a 158.00 con radio ±20.16 Y sexo = mujer Y glucosa = normal => enfermedad_cardiovascular = si,si,gaussiana,"altura_cm, glucosa, presion_sistolica, sexo",4,0.1402266307946311,0.0120011438801843,0.8923305873171677,1.793629321240538,0.7857325120739658,1,1,1,500,13,0.5,exploratoria,False,2
RD_0177,177,altura_cm cercana a 164.71 con radio ±11.07 Y presion_sistolica cercana a 158.00 con radio ±14.70 Y sexo = hombre Y alcohol = no => enfermedad_cardiovascular = si,si,triangular,"alcohol, altura_cm, presion_sistolica, sexo",4,0.13994043395468822,0.012672999111639929,0.8917716969987515,1.792505923615581,0.7846202925348289,1,1,1,500,55,0.5,exploratoria,False,2
RD_0178,178,altura_cm cercana a 158.85 con radio ±5.47 Y presion_sistolica cercana a 158.00 con radio ±14.79 Y sexo = mujer Y fumador = no => enfermedad_cardiovascular = si,si,gaussiana,"altura_cm, fumador, presion_sistolica, sexo",4,0.13980321583642427,0.011531599747942566,0.8915035626420252,1.7919669600844728,0.784086691824926,1,1,1,500,13,0.5,exploratoria,False,2
RD_0179,179,presion_sistolica cercana a 158.00 con radio ±14.46 Y colesterol = normal Y glucosa = normal Y alcohol = no => enfermedad_cardiovascular = si,si,gaussiana,"alcohol, colesterol, glucosa, presion_sistolica",4,0.139757122300854,0.028164586481617945,0.8914134673613365,1.7917858640428874,0.7839073977340031,1,1,1,500,55,0.5,exploratoria,False,2
RD_0180,180,presion_sistolica cercana a 158.00 con radio ±14.08 Y colesterol = normal Y fumador = no Y alcohol = no => enfermedad_cardiovascular = si,si,gaussiana,"alcohol, colesterol, fumador, presion_sistolica",4,0.13943531779108478,0.026968225643873325,0.8907841100362974,1.7905208241935626,0.7826549453458657,1,1,1,500,55,0.5,exploratoria,False,2
RD_0183,183,altura_cm cercana a 158.42 con radio ±6.66 Y presion_sistolica cercana a 158.00 con radio ±15.40 Y sexo = mujer Y fumador = no => enfermedad_cardiovascular = si,si,gaussiana,"altura_cm, fumador, presion_sistolica, sexo",4,0.13851872485573904,0.013394608543943863,0.8889881265592079,1.7869108071541868,0.7790808488740456,1,1,1,500,13,0.5,exploratoria,False,2
RD_0184,184,presion_diastolica cercana a 115.36 con radio ±13.55 Y fumador = no => enfermedad_cardiovascular = si,si,triangular,"fumador, presion_diastolica",2,0.13836750444138496,0.011671472012392641,0.7688130494905284,1.5453528632975446,0.5399264666478178,1,1,1,500,13,0.5,exploratoria,False,2
RD_0185,185,presion_sistolica cercana a 158.00 con radio ±14.87 Y presion_diastolica cercana a 83.73 con radio ±7.60 Y fumador = no Y alcohol = no => enfermedad_cardiovascular = si,si,triangular,"alcohol, fumador, presion_diastolica, presion_sistolica",4,0.13820841433520056,0.013299283011926868,0.8883789576912472,1.7856863471180848,0.777868572519895,1,1,1,500,55,0.5,exploratoria,False,2
RD_0186,186,presion_diastolica cercana a 115.36 con radio ±13.55 Y fumador = no => enfermedad_cardiovascular = si,si,gaussiana,"fumador, presion_diastolica",2,0.1376497409210099,0.010092800456522355,0.7677717210661057,1.5432597408363933,0.5378541712758322,1,1,1,500,13,0.5,exploratoria,False,2
RD_0187,187,presion_sistolica cercana a 158.00 con radio ±14.51 Y glucosa = normal Y fumador = no Y alcohol = no => enfermedad_cardiovascular = si,si,triangular,"alcohol, fumador, glucosa, presion_sistolica",4,0.13757343694559362,0.041911170231766645,0.887130625352778,1.7831771363874935,0.7753843290602548,1,1,1,500,55,0.5,exploratoria,False,2
RD_0190,190,presion_sistolica cercana a 158.00 con radio ±12.80 Y sexo = mujer Y glucosa = normal Y alcohol = no => enfermedad_cardiovascular = si,si,gaussiana,"alcohol, glucosa, presion_sistolica, sexo",4,0.1365864570746049,0.019622495867348957,0.8851854137694922,1.7792671633557633,0.7715132612328204,1,1,1,500,55,0.5,exploratoria,False,2
RD_0191,191,altura_cm cercana a 159.67 con radio ±5.95 Y presion_sistolica cercana a 152.44 con radio ±15.81 Y sexo = mujer Y alcohol = no => enfermedad_cardiovascular = si,si,gaussiana,"alcohol, altura_cm, presion_sistolica, sexo",4,0.13651236901290248,0.018188191557460733,0.8850391556870331,1.778973177260368,0.7712222003722052,1,1,1,500,55,0.5,exploratoria,False,2
RD_0192,192,presion_sistolica cercana a 158.00 con radio ±12.96 Y sexo = mujer Y fumador = no Y alcohol = no => enfermedad_cardiovascular = si,si,gaussiana,"alcohol, fumador, presion_sistolica, sexo",4,0.1360048119624029,0.02517427639995333,0.8840362760642144,1.7769573388225415,0.7692264200282874,1,1,1,500,55,0.5,exploratoria,False,2
RD_0193,193,presion_sistolica cercana a 158.00 con radio ±12.80 Y sexo = mujer Y glucosa = normal Y alcohol = no => enfermedad_cardiovascular = si,si,triangular,"alcohol, glucosa, presion_sistolica, sexo",4,0.13599670585904447,0.025074214654229175,0.8840202464076601,1.776925118407357,0.7691945202142491,1,1,1,500,55,0.5,exploratoria,False,2
RD_0194,194,altura_cm cercana a 158.34 con radio ±5.48 Y presion_sistolica cercana a 142.48 con radio ±15.95 => enfermedad_cardiovascular = si,si,gaussiana,"altura_cm, presion_sistolica",2,0.13564427846202037,0.02901386551217341,0.7648510678941632,1.537389081194298,0.5320419261575389,1,1,1,500,55,0.5,exploratoria,False,2
RD_0197,197,presion_sistolica cercana a 158.00 con radio ±14.46 Y colesterol = normal Y glucosa = normal Y alcohol = no => enfermedad_cardiovascular = si,si,triangular,"alcohol, colesterol, glucosa, presion_sistolica",4,0.13501932417444304,0.03420686998364316,0.8820845202089399,1.7730342114752562,0.7653423287740099,1,1,1,500,55,0.5,exploratoria,False,2
RD_0198,198,presion_diastolica cercana a 99.00 con radio ±12.07 Y colesterol = arriba_de_lo_normal Y fumador = no Y alcohol = no => enfermedad_cardiovascular = si,si,triangular,"alcohol, colesterol, fumador, presion_diastolica",4,0.1347537534046883,0.018190561066160123,0.8815575283443452,1.7719749313454174,0.7642935887449657,1,1,1,100,55,0.5,exploratoria,False,2
RD_0199,199,peso_kg cercana a 85.18 con radio ±8.17 Y sexo = mujer Y colesterol = muy_arriba_de_lo_normal => enfermedad_cardiovascular = si,si,triangular,"colesterol, peso_kg, sexo",3,0.13474239066364402,0.013194786688303923,0.8255591259107509,1.659415328463821,0.6528539819119421,1,1,1,100,13,0.5,exploratoria,False,2
RD_0200,200,colesterol = muy_arriba_de_lo_normal Y actividad_fisica = si => enfermedad_cardiovascular = si,si,triangular,"actividad_fisica, colesterol",2,0.1344868455506401,0.0725,0.763157894736842,1.5339857180640042,0.5286724273369992,2,1,2,"100, 500",55,0.5,exploratoria,False,2
RD_0201,201,colesterol = muy_arriba_de_lo_normal Y actividad_fisica = si => enfermedad_cardiovascular = si,si,gaussiana,"actividad_fisica, colesterol",2,0.1344868455506401,0.0725,0.763157894736842,1.5339857180640042,0.5286724273369992,2,1,2,"100, 500",55,0.5,exploratoria,False,2
RD_0203,203,peso_kg cercana a 85.18 con radio ±8.17 Y sexo = mujer Y colesterol = muy_arriba_de_lo_normal => enfermedad_cardiovascular = si,si,gaussiana,"colesterol, peso_kg, sexo",3,0.13370746175098638,0.010136372353035756,0.8237530961825185,1.655785117954811,0.6492598929005343,1,1,1,100,13,0.5,exploratoria,False,2
RD_0204,204,presion_sistolica cercana a 158.00 con radio ±13.06 Y presion_diastolica cercana a 83.50 con radio ±13.25 Y fumador = no Y alcohol = no => enfermedad_cardiovascular = si,si,triangular,"alcohol, fumador, presion_diastolica, presion_sistolica",4,0.13370515538378758,0.021921146843104162,0.8794724154901792,1.7677837497290034,0.7601441104282174,1,1,1,500,55,0.5,exploratoria,False,2
RD_0205,205,presion_sistolica cercana a 141.36 con radio ±12.69 Y presion_diastolica cercana a 87.17 con radio ±9.76 Y actividad_fisica = si => enfermedad_cardiovascular = si,si,gaussiana,"actividad_fisica, presion_diastolica, presion_sistolica",3,0.13364520211270647,0.044390453816524685,0.8236442674497111,1.6555663667330875,0.6490433183078829,1,1,1,500,55,0.5,exploratoria,False,2
RD_0206,206,presion_sistolica cercana a 158.00 con radio ±16.01 Y colesterol = normal Y glucosa = normal Y fumador = no => enfermedad_cardiovascular = si,si,gaussiana,"colesterol, fumador, glucosa, presion_sistolica",4,0.133495215926031,0.02737460791339804,0.8790541270007304,1.7669429688456892,0.7593116955238416,2,1,1,500,55,0.5,exploratoria,False,2
RD_0207,207,presion_sistolica cercana a 158.00 con radio ±14.08 Y colesterol = normal Y fumador = no Y alcohol = no => enfermedad_cardiovascular = si,si,triangular,"alcohol, colesterol, fumador, presion_sistolica",4,0.13325021878801702,0.032222781622076244,0.8785656374725009,1.7659610803467356,0.7583395770597035,1,1,1,500,55,0.5,exploratoria,False,2
RD_0208,208,presion_sistolica cercana a 158.00 con radio ±12.96 Y sexo = mujer Y fumador = no Y alcohol = no => enfermedad_cardiovascular = si,si,triangular,"alcohol, fumador, presion_sistolica, sexo",4,0.13303444902617398,0.03121861211734732,0.8781351091964776,1.765095696877342,0.7574828043710998,1,1,1,500,55,0.5,exploratoria,False,2
RD_0209,209,presion_sistolica cercana a 158.00 con radio ±18.51 Y colesterol = normal Y fumador = no Y alcohol = no => enfermedad_cardiovascular = si,si,gaussiana,"alcohol, colesterol, fumador, presion_sistolica",4,0.13269003229892856,0.03511298546194954,0.8774472790231066,1.7637131236645358,0.7561139881056849,2,1,1,500,13,0.5,exploratoria,False,2
RD_0211,211,presion_sistolica cercana a 154.57 con radio ±12.48 Y glucosa = normal Y fumador = no Y alcohol = no => enfermedad_cardiovascular = si,si,triangular,"alcohol, fumador, glucosa, presion_sistolica",4,0.1321812441923764,0.040348275676394624,0.8764298057396348,1.761667951235447,0.7540891656510146,1,1,1,500,55,0.5,exploratoria,False,2
RD_0212,212,altura_cm cercana a 158.34 con radio ±5.48 Y presion_sistolica cercana a 142.48 con radio ±15.95 => enfermedad_cardiovascular = si,si,triangular,"altura_cm, presion_sistolica",2,0.13204107018422595,0.041008159571327724,0.7595615854233542,1.5267569556248326,0.5215155928822969,1,1,1,500,55,0.5,exploratoria,False,2
RD_0214,214,presion_sistolica cercana a 154.57 con radio ±12.48 Y glucosa = normal Y fumador = no Y alcohol = no => enfermedad_cardiovascular = si,si,gaussiana,"alcohol, fumador, glucosa, presion_sistolica",4,0.13110322995710133,0.03288881423090225,0.8742685271174764,1.7573236725979424,0.7497881136666198,1,1,1,500,55,0.5,exploratoria,False,2
RD_0215,215,presion_sistolica cercana a 154.09 con radio ±15.63 Y presion_diastolica cercana a 96.97 con radio ±8.36 Y sexo = mujer Y fumador = no => enfermedad_cardiovascular = si,si,gaussiana,"fumador, presion_diastolica, presion_sistolica, sexo",4,0.13085487941547488,0.010591346153816935,0.8737695573191135,1.7563207182293739,0.7487951389435096,1,1,1,500,55,0.5,exploratoria,False,2
RD_0216,216,presion_sistolica cercana a 154.09 con radio ±15.63 Y presion_diastolica cercana a 96.97 con radio ±8.36 Y sexo = mujer Y fumador = no => enfermedad_cardiovascular = si,si,triangular,"fumador, presion_diastolica, presion_sistolica, sexo",4,0.1308451823388418,0.018559976674493963,0.8737500665010685,1.7562815407056653,0.7487563512459074,1,1,1,500,55,0.5,exploratoria,False,2
RD_0217,217,altura_cm cercana a 158.22 con radio ±5.89 Y presion_sistolica cercana a 158.00 con radio ±14.19 Y colesterol = normal Y alcohol = no => enfermedad_cardiovascular = si,si,triangular,"alcohol, altura_cm, colesterol, presion_sistolica",4,0.13072380570515793,0.010938401605989152,0.8735060518588109,1.7557910590126853,0.748270749967783,1,1,1,500,55,0.5,exploratoria,False,2
RD_0218,218,altura_cm cercana a 161.01 con radio ±5.48 Y presion_sistolica cercana a 158.00 con radio ±19.07 Y sexo = mujer Y colesterol = normal => enfermedad_cardiovascular = si,si,triangular,"altura_cm, colesterol, presion_sistolica, sexo",4,0.13063190603837266,0.011940105437279592,0.8733212340649473,1.7554195659596932,0.7479029533630793,1,1,1,500,13,0.5,exploratoria,False,2
RD_0219,219,presion_sistolica cercana a 158.00 con radio ±16.01 Y colesterol = normal Y glucosa = normal Y fumador = no => enfermedad_cardiovascular = si,si,triangular,"colesterol, fumador, glucosa, presion_sistolica",4,0.13047858066660867,0.03266753070050025,0.8730127623243711,1.7547995222600423,0.7472890792524799,2,1,1,500,55,0.5,exploratoria,False,2
RD_0220,220,altura_cm cercana a 161.22 con radio ±5.72 Y presion_sistolica cercana a 158.00 con radio ±21.38 Y glucosa = normal Y fumador = no => enfermedad_cardiovascular = si,si,triangular,"altura_cm, fumador, glucosa, presion_sistolica",4,0.13041729607135458,0.02432292176054767,0.8728894226286931,1.754551603273755,0.7470436271217773,1,1,1,500,13,0.5,exploratoria,False,2
RD_0222,222,altura_cm cercana a 159.80 con radio ±6.88 Y colesterol = muy_arriba_de_lo_normal => enfermedad_cardiovascular = si,si,triangular,"altura_cm, colesterol",2,0.13008874736393902,0.028326118957752045,0.7566725818479998,1.5209499132623112,0.5157663320358206,1,1,1,500,55,0.5,exploratoria,False,2
RD_0223,223,altura_cm cercana a 161.06 con radio ±6.31 Y presion_sistolica cercana a 158.00 con radio ±15.80 Y sexo = mujer Y colesterol = normal => enfermedad_cardiovascular = si,si,triangular,"altura_cm, colesterol, presion_sistolica, sexo",4,0.12991421238665363,0.010963139795937242,0.8718760074186177,1.752514587776116,0.7450268804350602,1,1,1,500,55,0.5,exploratoria,False,2
RD_0227,227,altura_cm cercana a 158.85 con radio ±5.47 Y presion_sistolica cercana a 158.00 con radio ±20.79 Y sexo = mujer Y fumador = no => enfermedad_cardiovascular = si,si,triangular,"altura_cm, fumador, presion_sistolica, sexo",4,0.12929078446274406,0.024591068607897375,0.8706178786226576,1.7499856856736837,0.7425231415376271,1,1,1,500,13,0.5,exploratoria,False,2
RD_0230,230,presion_sistolica cercana a 156.20 con radio ±13.75 Y presion_diastolica cercana a 85.94 con radio ±7.80 Y sexo = mujer Y glucosa = normal => enfermedad_cardiovascular = si,si,triangular,"glucosa, presion_diastolica, presion_sistolica, sexo",4,0.1283353539728566,0.012498469871868069,0.8686847863741816,1.746100073113933,0.7386761917894161,1,1,1,500,55,0.5,exploratoria,False,2
RD_0231,231,peso_kg cercana a 85.33 con radio ±10.28 Y presion_sistolica cercana a 158.00 con radio ±21.31 Y colesterol = normal => enfermedad_cardiovascular = si,si,triangular,"colesterol, peso_kg, presion_sistolica",3,0.12827232661673918,0.01577966376691081,0.814173680968215,1.636530011996412,0.6301963800362488,1,1,1,500,13,0.5,exploratoria,False,2
RD_0232,232,altura_cm cercana a 157.98 con radio ±6.36 Y presion_sistolica cercana a 158.00 con radio ±18.96 Y colesterol = normal Y glucosa = normal => enfermedad_cardiovascular = si,si,triangular,"altura_cm, colesterol, glucosa, presion_sistolica",4,0.12758870141676382,0.01436255139888451,0.8671699016927084,1.7430550787793133,0.7356614959058874,1,1,1,500,13,0.5,exploratoria,False,2
RD_0233,233,presion_sistolica cercana a 165.41 con radio ±17.21 Y sexo = mujer Y colesterol = normal Y glucosa = normal => enfermedad_cardiovascular = si,si,gaussiana,"colesterol, glucosa, presion_sistolica, sexo",4,0.12708654823262697,0.011433594004691065,0.8661489916856645,1.7410029983631448,0.7336298342003275,1,1,1,500,13,0.5,exploratoria,False,2
RD_0234,234,presion_sistolica cercana a 152.48 con radio ±18.14 Y sexo = mujer Y glucosa = normal Y fumador = no => enfermedad_cardiovascular = si,si,gaussiana,"fumador, glucosa, presion_sistolica, sexo",4,0.1270623595120284,0.04115805889063426,0.8660997718262892,1.7409040639724405,0.7335318842314213,1,1,1,500,13,0.5,exploratoria,False,2
RD_0235,235,presion_diastolica cercana a 96.30 con radio ±12.01 Y sexo = mujer Y alcohol = no => enfermedad_cardiovascular = si,si,gaussiana,"alcohol, presion_diastolica, sexo",3,0.12680303356965802,0.04744950276885565,0.811556058935947,1.6312684601727576,0.6249871819620836,1,1,1,500,13,0.5,exploratoria,False,2
RD_0236,236,peso_kg cercana a 84.87 con radio ±10.23 Y presion_sistolica cercana a 158.00 con radio ±21.94 Y glucosa = normal => enfermedad_cardiovascular = si,si,triangular,"glucosa, peso_kg, presion_sistolica",3,0.12680120975490466,0.020497810406368423,0.8115528021495259,1.6312619138683937,0.6249807007950764,1,1,1,500,13,0.5,exploratoria,False,2
RD_0237,237,altura_cm cercana a 158.42 con radio ±6.66 Y presion_sistolica cercana a 158.00 con radio ±22.08 Y sexo = mujer Y fumador = no => enfermedad_cardiovascular = si,si,triangular,"altura_cm, fumador, presion_sistolica, sexo",4,0.12672690437224413,0.030067048929143397,0.8654167736592132,1.739531203335102,0.7321726838989319,1,1,1,500,13,0.5,exploratoria,False,2
RD_0238,238,sexo = mujer Y colesterol = muy_arriba_de_lo_normal => enfermedad_cardiovascular = si,si,triangular,"colesterol, sexo",2,0.12663100171015138,0.062,0.7515151515151515,1.5105832191259325,0.5055027890848786,1,1,1,500,13,0.5,exploratoria,False,2
RD_0239,239,sexo = mujer Y colesterol = muy_arriba_de_lo_normal => enfermedad_cardiovascular = si,si,gaussiana,"colesterol, sexo",2,0.12663100171015138,0.062,0.7515151515151515,1.5105832191259325,0.5055027890848786,1,1,1,500,13,0.5,exploratoria,False,2
RD_0240,240,presion_sistolica cercana a 155.69 con radio ±38.11 Y presion_diastolica cercana a 85.88 con radio ±12.27 Y fumador = si => enfermedad_cardiovascular = si,si,gaussiana,"fumador, presion_diastolica, presion_sistolica",3,0.12656959480090763,0.010449595369433125,0.811139053991829,1.6304302592800581,0.6241573213767742,1,1,1,500,13,0.5,exploratoria,False,2
RD_0241,241,altura_cm cercana a 161.65 con radio ±6.71 Y presion_sistolica cercana a 158.00 con radio ±22.88 Y fumador = no Y alcohol = no => enfermedad_cardiovascular = si,si,triangular,"alcohol, altura_cm, fumador, presion_sistolica",4,0.12621076606538148,0.036608316250418396,0.8643644184790272,1.7374159165407583,0.7300784447343827,1,1,1,500,13,0.5,exploratoria,False,2
RD_0244,244,presion_sistolica cercana a 158.00 con radio ±15.25 Y presion_diastolica cercana a 83.92 con radio ±7.44 Y glucosa = normal Y fumador = no => enfermedad_cardiovascular = si,si,triangular,"fumador, glucosa, presion_diastolica, presion_sistolica",4,0.12532581463627182,0.01132842935410805,0.8625558909570947,1.733780685340894,0.7264793849892434,1,1,1,500,55,0.5,exploratoria,False,2
RD_0245,245,altura_cm cercana a 159.67 con radio ±5.95 Y presion_sistolica cercana a 152.44 con radio ±15.81 Y sexo = mujer Y alcohol = no => enfermedad_cardiovascular = si,si,triangular,"alcohol, altura_cm, presion_sistolica, sexo",4,0.1251518432770682,0.02781013142452305,0.8621997279595401,1.733064779818171,0.7257706029045575,1,1,1,500,55,0.5,exploratoria,False,2
RD_0246,246,presion_sistolica cercana a 154.31 con radio ±20.22 Y glucosa = normal Y fumador = no Y alcohol = no => enfermedad_cardiovascular = si,si,gaussiana,"alcohol, fumador, glucosa, presion_sistolica",4,0.12479390479037411,0.05981514341057368,0.8614662869434881,1.7315905265195741,0.7243110187930113,1,1,1,500,55,0.5,exploratoria,False,2
RD_0249,249,presion_sistolica cercana a 139.84 con radio ±15.05 Y fumador = si => enfermedad_cardiovascular = si,si,triangular,"fumador, presion_sistolica",2,0.12425991689268481,0.016181541950719087,0.7479477436003916,1.503412549950536,0.49840346985152567,1,1,1,500,55,0.5,exploratoria,False,2
RD_0250,250,colesterol = muy_arriba_de_lo_normal Y fumador = no => enfermedad_cardiovascular = si,si,triangular,"colesterol, fumador",2,0.12319781224750727,0.0765,0.7463414634146341,1.5001838460595662,0.4952068923674312,2,2,1,500,"13, 55",1.0,alta,True,0
RD_0251,251,colesterol = muy_arriba_de_lo_normal Y fumador = no => enfermedad_cardiovascular = si,si,gaussiana,"colesterol, fumador",2,0.12319781224750727,0.0765,0.7463414634146341,1.5001838460595662,0.4952068923674312,2,2,1,500,"13, 55",1.0,alta,True,0
RD_0252,252,presion_diastolica cercana a 99.73 con radio ±6.88 Y sexo = mujer Y colesterol = normal Y actividad_fisica = si => enfermedad_cardiovascular = si,si,triangular,"actividad_fisica, colesterol, presion_diastolica, sexo",4,0.123028507532629,0.01159313489434176,0.8578359444082833,1.7242933555945392,0.7170864565338971,1,1,1,500,13,0.5,exploratoria,False,2
RD_0254,254,altura_cm cercana a 158.30 con radio ±6.68 Y presion_sistolica cercana a 141.95 con radio ±12.97 Y presion_diastolica cercana a 86.89 con radio ±6.57 Y sexo = mujer => enfermedad_cardiovascular = si,si,gaussiana,"altura_cm, presion_diastolica, presion_sistolica, sexo",4,0.12279773142014688,0.010168846867864484,0.8573597786703061,1.7233362385332787,0.7161388630254849,1,1,1,500,13,0.5,exploratoria,False,2
RD_0255,255,presion_diastolica cercana a 96.30 con radio ±12.01 Y sexo = mujer Y alcohol = no => enfermedad_cardiovascular = si,si,triangular,"alcohol, presion_diastolica, sexo",3,0.12276484750829188,0.06717325810233331,0.8042982931228091,1.6166799861765007,0.610543866911063,1,1,1,500,13,0.5,exploratoria,False,2
RD_0256,256,presion_sistolica cercana a 158.00 con radio ±25.67 Y sexo = mujer Y fumador = no Y alcohol = no => enfermedad_cardiovascular = si,si,triangular,"alcohol, fumador, presion_sistolica, sexo",4,0.12265399478598792,0.06860143817230901,0.8570630151491044,1.7227397289429236,0.7155482888539393,1,1,1,500,13,0.5,exploratoria,False,2
RD_0259,259,altura_cm cercana a 159.13 con radio ±5.32 Y presion_sistolica cercana a 151.68 con radio ±12.78 Y sexo = mujer Y colesterol = normal => enfermedad_cardiovascular = si,si,triangular,"altura_cm, colesterol, presion_sistolica, sexo",4,0.12246890944326164,0.011608403558032386,0.856680668313579,1.7219711925901087,0.714787399629013,1,1,1,500,55,0.5,exploratoria,False,2
RD_0260,260,presion_sistolica cercana a 158.00 con radio ±28.00 Y presion_diastolica cercana a 82.82 con radio ±6.26 Y colesterol = normal => enfermedad_cardiovascular = si,si,triangular,"colesterol, presion_diastolica, presion_sistolica",3,0.12228277581967538,0.01213236053728922,0.8034255284826864,1.6149256853923346,0.6088070218560925,1,1,1,500,13,0.5,exploratoria,False,2
RD_0263,263,presion_sistolica cercana a 154.74 con radio ±13.84 Y presion_diastolica cercana a 84.39 con radio ±7.67 Y colesterol = normal Y alcohol = no => enfermedad_cardiovascular = si,si,triangular,"alcohol, colesterol, presion_diastolica, presion_sistolica",4,0.12200838054858072,0.010106537413908191,0.8557282686623212,1.7200568214318015,0.7128920769399428,1,1,1,500,55,0.5,exploratoria,False,2
RD_0264,264,presion_sistolica cercana a 158.00 con radio ±28.00 Y glucosa = normal Y actividad_fisica = no => enfermedad_cardiovascular = si,si,triangular,"actividad_fisica, glucosa, presion_sistolica",3,0.12191143223366377,0.018750000000000006,0.8027522935779816,1.6135724494029782,0.607467250901456,2,1,1,500,13,0.5,exploratoria,False,2
RD_0266,266,presion_sistolica cercana a 144.67 con radio ±12.90 Y presion_diastolica cercana a 86.18 con radio ±7.39 Y sexo = mujer Y glucosa = normal => enfermedad_cardiovascular = si,si,gaussiana,"glucosa, presion_diastolica, presion_sistolica, sexo",4,0.1213573055285898,0.016627214788986853,0.8543792534551,1.7173452330755778,0.7102074695623882,1,1,1,500,55,0.5,exploratoria,False,2
RD_0269,269,presion_diastolica cercana a 99.73 con radio ±6.88 Y sexo = mujer Y colesterol = normal Y actividad_fisica = si => enfermedad_cardiovascular = si,si,gaussiana,"actividad_fisica, colesterol, presion_diastolica, sexo",4,0.12113796655031848,0.011610251808882938,0.8539241100358435,1.7164303719313436,0.7093017115141164,1,1,1,500,13,0.5,exploratoria,False,2
RD_0270,270,presion_sistolica cercana a 151.85 con radio ±31.16 Y presion_diastolica cercana a 88.95 con radio ±11.05 Y actividad_fisica = si => enfermedad_cardiovascular = si,si,triangular,"actividad_fisica, presion_diastolica, presion_sistolica",3,0.12100253113063862,0.08653014474093851,0.8011010207038488,1.6102533079474348,0.6041811357290524,1,1,1,500,13,0.5,exploratoria,False,2
RD_0271,271,presion_sistolica cercana a 158.00 con radio ±12.64 Y presion_diastolica cercana a 86.37 con radio ±7.73 Y colesterol = normal Y glucosa = normal => enfermedad_cardiovascular = si,si,triangular,"colesterol, glucosa, presion_diastolica, presion_sistolica",4,0.12099704745599016,0.011102054608488184,0.853631512556943,1.715842236295363,0.7087194279740161,1,1,1,500,55,0.5,exploratoria,False,2
RD_0272,272,altura_cm cercana a 159.72 con radio ±6.78 Y presion_sistolica cercana a 166.72 con radio ±32.38 Y colesterol = normal Y fumador = no => enfermedad_cardiovascular = si,si,triangular,"altura_cm, colesterol, fumador, presion_sistolica",4,0.12095004876980471,0.020578190172958415,0.8535338953164463,1.7156460207365756,0.7085251648088484,1,1,1,500,13,0.5,exploratoria,False,2
RD_0275,275,altura_cm cercana a 158.17 con radio ±6.24 Y presion_sistolica cercana a 154.33 con radio ±15.04 Y sexo = mujer Y colesterol = normal => enfermedad_cardiovascular = si,si,triangular,"altura_cm, colesterol, presion_sistolica, sexo",4,0.11995898524176954,0.012467083888859054,0.8514717541452655,1.7115010133573176,0.7044214012841106,1,1,1,500,55,0.5,exploratoria,False,2
RD_0276,276,presion_sistolica cercana a 158.00 con radio ±28.00 Y sexo = mujer Y glucosa = normal Y fumador = no => enfermedad_cardiovascular = si,si,triangular,"fumador, glucosa, presion_sistolica, sexo",4,0.11973757881341168,0.06017857142857145,0.8510101010101008,1.7105730673569866,0.703502688577315,1,1,1,500,13,0.5,exploratoria,False,2
RD_0277,277,altura_cm cercana a 159.33 con radio ±5.44 Y presion_sistolica cercana a 158.00 con radio ±28.00 Y presion_diastolica cercana a 86.35 con radio ±6.25 Y fumador = no => enfermedad_cardiovascular = si,si,triangular,"altura_cm, fumador, presion_diastolica, presion_sistolica",4,0.11964736978204751,0.014827420035673578,0.8508219052383978,1.7101947843987897,0.7031281696286525,1,1,1,500,13,0.5,exploratoria,False,2
RD_0278,278,presion_diastolica cercana a 94.39 con radio ±14.00 Y sexo = mujer Y glucosa = normal => enfermedad_cardiovascular = si,si,gaussiana,"glucosa, presion_diastolica, sexo",3,0.11945406826962807,0.06529655811568727,0.7982763776398294,1.6045756334468932,0.5985599555021481,1,1,1,50,55,0.5,exploratoria,False,2
RD_0281,281,altura_cm cercana a 158.19 con radio ±6.73 Y presion_sistolica cercana a 151.22 con radio ±13.26 Y sexo = mujer Y glucosa = normal => enfermedad_cardiovascular = si,si,gaussiana,"altura_cm, glucosa, presion_sistolica, sexo",4,0.11916707584894236,0.014387908951608607,0.8498189149926717,1.7081787236033603,0.7011321691396453,1,1,1,500,55,0.5,exploratoria,False,2
RD_0282,282,presion_sistolica cercana a 158.00 con radio ±15.15 Y sexo = mujer Y colesterol = normal Y glucosa = normal => enfermedad_cardiovascular = si,si,gaussiana,"colesterol, glucosa, presion_sistolica, sexo",4,0.11909169611051916,0.016637293777696967,0.849661348684379,1.707862007405787,0.700818604347023,2,2,1,500,"13, 55",1.0,alta,True,0
RD_0283,283,presion_diastolica cercana a 94.39 con radio ±14.00 Y sexo = mujer Y glucosa = normal => enfermedad_cardiovascular = si,si,triangular,"glucosa, presion_diastolica, sexo",3,0.11879889866611737,0.07198290459545018,0.7970768631198876,1.6021645489846987,0.5961728619301245,1,1,1,50,55,0.5,exploratoria,False,2
RD_0284,284,presion_sistolica cercana a 158.00 con radio ±17.76 Y sexo = mujer Y colesterol = normal Y glucosa = normal => enfermedad_cardiovascular = si,si,triangular,"colesterol, glucosa, presion_sistolica, sexo",4,0.11878579810144047,0.022620895977989205,0.8490215054288927,1.706575890309332,0.6995452844356074,1,1,1,500,13,0.5,exploratoria,False,2
RD_0286,286,presion_sistolica cercana a 157.60 con radio ±13.66 Y sexo = mujer Y colesterol = normal Y glucosa = normal => enfermedad_cardiovascular = si,si,triangular,"colesterol, glucosa, presion_sistolica, sexo",4,0.11846038086730755,0.01858647917193852,0.8483400844986599,1.7052061999973065,0.6981892228829054,1,1,1,500,55,0.5,exploratoria,False,2
RD_0287,287,presion_sistolica cercana a 152.52 con radio ±16.02 Y presion_diastolica cercana a 83.22 con radio ±7.82 Y fumador = no Y alcohol = no => enfermedad_cardiovascular = si,si,gaussiana,"alcohol, fumador, presion_diastolica, presion_sistolica",4,0.11845393986236548,0.010672379947047207,0.8483265892729579,1.7051790739154933,0.6981623667123541,1,1,1,500,13,0.5,exploratoria,False,2
RD_0289,289,presion_sistolica cercana a 141.36 con radio ±12.69 Y presion_diastolica cercana a 87.17 con radio ±9.76 Y actividad_fisica = si => enfermedad_cardiovascular = si,si,triangular,"actividad_fisica, presion_diastolica, presion_sistolica",3,0.11815756664212382,0.06048926581865181,0.7959001361150053,1.599799268572875,0.5938311166467768,1,1,1,500,55,0.5,exploratoria,False,2
RD_0291,291,presion_diastolica cercana a 99.00 con radio ±7.90 Y sexo = mujer Y glucosa = normal Y fumador = no => enfermedad_cardiovascular = si,si,triangular,"fumador, glucosa, presion_diastolica, sexo",4,0.11756223028262991,0.019260328915937187,0.8464553338268846,1.701417756435949,0.6944384752773824,1,1,1,50,55,0.5,exploratoria,False,2
RD_0292,292,presion_sistolica cercana a 158.00 con radio ±21.40 Y sexo = mujer Y colesterol = normal Y alcohol = no => enfermedad_cardiovascular = si,si,gaussiana,"alcohol, colesterol, presion_sistolica, sexo",4,0.11754834590234,0.0256548822291158,0.8464261510882204,1.7013590976647646,0.694380400175563,1,1,1,500,13,0.5,exploratoria,False,2
RD_0293,293,altura_cm cercana a 152.16 con radio ±5.96 Y presion_sistolica cercana a 158.00 con radio ±28.00 Y sexo = mujer Y colesterol = normal => enfermedad_cardiovascular = si,si,triangular,"altura_cm, colesterol, presion_sistolica, sexo",4,0.11749437196039617,0.010633680504599705,0.8463126929875185,1.7011310411809417,0.6941546129104847,1,1,1,500,13,0.5,exploratoria,False,2
RD_0296,296,edad_anios cercana a 58.63 con radio ±4.40 Y presion_diastolica cercana a 92.98 con radio ±5.96 Y fumador = no => enfermedad_cardiovascular = si,si,gaussiana,"edad_anios, fumador, presion_diastolica",3,0.11732793546705139,0.014348662489396908,0.7943741497484997,1.5967319592934668,0.590794327857711,1,1,1,500,55,0.5,exploratoria,False,2
RD_0297,297,presion_sistolica cercana a 148.12 con radio ±16.71 Y sexo = mujer Y fumador = no Y alcohol = no => enfermedad_cardiovascular = si,si,gaussiana,"alcohol, fumador, presion_sistolica, sexo",4,0.1170130657070872,0.058639467126481354,0.845299989597734,1.6990954564778573,0.6921392827815602,1,1,1,500,13,0.5,exploratoria,False,2
RD_0298,298,presion_sistolica cercana a 154.31 con radio ±20.22 Y glucosa = normal Y fumador = no Y alcohol = no => enfermedad_cardiovascular = si,si,triangular,"alcohol, fumador, glucosa, presion_sistolica",4,0.11673136029287617,0.0750894256022292,0.8447064625338426,1.697902437253955,0.6909581343957067,1,1,1,500,55,0.5,exploratoria,False,2
RD_0299,299,altura_cm cercana a 161.20 con radio ±6.64 Y presion_sistolica cercana a 158.00 con radio ±28.00 Y glucosa = normal Y alcohol = no => enfermedad_cardiovascular = si,si,triangular,"alcohol, altura_cm, glucosa, presion_sistolica",4,0.11658733787478581,0.03586715012918286,0.844402792245952,1.6972920447154816,0.69035381541483,1,1,1,500,13,0.5,exploratoria,False,2
RD_0300,300,edad_anios cercana a 58.63 con radio ±4.40 Y presion_diastolica cercana a 92.98 con radio ±5.96 Y fumador = no => enfermedad_cardiovascular = si,si,triangular,"edad_anios, fumador, presion_diastolica",3,0.11657853562006373,0.025141221265500932,0.7929920592864246,1.5939538880129138,0.5880438990774619,1,1,1,500,55,0.5,exploratoria,False,2
RD_0301,301,altura_cm cercana a 159.80 con radio ±6.88 Y colesterol = muy_arriba_de_lo_normal => enfermedad_cardiovascular = si,si,gaussiana,"altura_cm, colesterol",2,0.11657161642264888,0.023464572831555952,0.7362007916263376,1.479800586183593,0.47502645099768676,1,1,1,500,55,0.5,exploratoria,False,2
RD_0302,302,altura_cm cercana a 161.46 con radio ±6.28 Y presion_sistolica cercana a 151.33 con radio ±14.73 Y sexo = mujer Y fumador = no => enfermedad_cardiovascular = si,si,triangular,"altura_cm, fumador, presion_sistolica, sexo",4,0.1165273371576931,0.026662820090004414,0.8442762354495424,1.6970376591950602,0.6901019610936169,1,1,1,500,55,0.5,exploratoria,False,2
RD_0305,305,altura_cm cercana a 160.73 con radio ±5.71 Y presion_sistolica cercana a 158.00 con radio ±28.00 Y colesterol = normal Y fumador = no => enfermedad_cardiovascular = si,si,triangular,"altura_cm, colesterol, fumador, presion_sistolica",4,0.11634519830524906,0.02389472840157926,0.8438918933682439,1.6962651122979777,0.6893371012303362,1,1,1,500,13,0.5,exploratoria,False,2
RD_0306,306,presion_sistolica cercana a 152.69 con radio ±14.51 Y presion_diastolica cercana a 84.11 con radio ±7.20 Y sexo = mujer Y fumador = no => enfermedad_cardiovascular = si,si,triangular,"fumador, presion_diastolica, presion_sistolica, sexo",4,0.11607399712120198,0.01662713446413019,0.8433191551594481,1.6951138797174836,0.6881973237003943,1,1,1,500,55,0.5,exploratoria,False,2
RD_0307,307,peso_kg cercana a 48.18 con radio ±20.25 Y presion_sistolica cercana a 156.99 con radio ±30.24 Y fumador = no => enfermedad_cardiovascular = si,si,triangular,"fumador, peso_kg, presion_sistolica",3,0.11600511655906093,0.01633560457587854,0.7919321488080333,1.5918234146895143,0.5859346244935987,1,1,1,500,13,0.5,exploratoria,False,2
RD_0308,308,presion_diastolica cercana a 99.00 con radio ±7.90 Y sexo = mujer Y glucosa = normal Y fumador = no => enfermedad_cardiovascular = si,si,gaussiana,"fumador, glucosa, presion_diastolica, sexo",4,0.11597904358152791,0.02000206823697373,0.8431184963880478,1.6947105455036138,0.6877980027622843,1,1,1,50,55,0.5,exploratoria,False,2
RD_0309,309,presion_diastolica cercana a 81.22 con radio ±17.83 Y colesterol = muy_arriba_de_lo_normal => enfermedad_cardiovascular = si,si,triangular,"colesterol, presion_diastolica",2,0.11590729725477641,0.05417957775366561,0.7351724636173533,1.4777335952107604,0.47298002709921066,1,1,1,500,13,0.5,exploratoria,False,2
RD_0312,312,altura_cm cercana a 161.46 con radio ±6.28 Y presion_sistolica cercana a 151.33 con radio ±14.73 Y sexo = mujer Y fumador = no => enfermedad_cardiovascular = si,si,gaussiana,"altura_cm, fumador, presion_sistolica, sexo",4,0.11557609858014957,0.015567195497848203,0.8422662257113328,1.6929974386157443,0.6861019417140952,1,1,1,500,55,0.5,exploratoria,False,2
RD_0314,314,sexo = hombre Y colesterol = muy_arriba_de_lo_normal => enfermedad_cardiovascular = si,si,triangular,"colesterol, sexo",2,0.11539308665008292,0.0235,0.734375,1.4761306532663316,0.4713930348258707,3,1,3,"50, 100, 500",55,0.5,exploratoria,False,2
RD_0315,315,sexo = hombre Y colesterol = muy_arriba_de_lo_normal => enfermedad_cardiovascular = si,si,gaussiana,"colesterol, sexo",2,0.11539308665008292,0.0235,0.734375,1.4761306532663316,0.4713930348258707,4,1,3,"50, 100, 500",55,0.5,exploratoria,False,2
RD_0316,316,presion_sistolica cercana a 154.84 con radio ±15.08 Y presion_diastolica cercana a 85.86 con radio ±7.40 Y colesterol = normal Y glucosa = normal => enfermedad_cardiovascular = si,si,triangular,"colesterol, glucosa, presion_diastolica, presion_sistolica",4,0.11532582682424442,0.013123429056239665,0.8417362581847189,1.6919321772557163,0.6850472799695898,1,1,1,500,55,0.5,exploratoria,False,2
RD_0317,317,altura_cm cercana a 158.19 con radio ±6.73 Y presion_sistolica cercana a 151.22 con radio ±13.26 Y sexo = mujer Y glucosa = normal => enfermedad_cardiovascular = si,si,triangular,"altura_cm, glucosa, presion_sistolica, sexo",4,0.11529916498196009,0.02089160367667299,0.841679771994268,1.6918186371744082,0.6849348696403345,1,1,1,500,55,0.5,exploratoria,False,2
RD_0318,318,peso_kg cercana a 85.42 con radio ±7.51 Y presion_sistolica cercana a 151.00 con radio ±12.83 Y sexo = mujer => enfermedad_cardiovascular = si,si,triangular,"peso_kg, presion_sistolica, sexo",3,0.11526717350975824,0.010218047433512702,0.790565080313029,1.5890755383176463,0.5832140901751821,1,1,1,500,55,0.5,exploratoria,False,2
RD_0319,319,altura_cm cercana a 158.05 con radio ±5.17 Y presion_sistolica cercana a 154.04 con radio ±19.78 Y sexo = mujer Y colesterol = normal => enfermedad_cardiovascular = si,si,gaussiana,"altura_cm, colesterol, presion_sistolica, sexo",4,0.11509943987722976,0.011419845140863239,0.8412564600420317,1.6909677588784557,0.684092457795088,1,1,1,500,55,0.5,exploratoria,False,2
RD_0321,321,presion_sistolica cercana a 158.00 con radio ±24.45 Y colesterol = normal Y fumador = no Y alcohol = no => enfermedad_cardiovascular = si,si,triangular,"alcohol, colesterol, fumador, presion_sistolica",4,0.1147866096069095,0.058938953907531774,0.840592816242083,1.6896338014916241,0.6827717736160858,3,1,1,500,13,0.5,exploratoria,False,2
RD_0322,322,presion_diastolica cercana a 95.28 con radio ±16.84 Y sexo = hombre => enfermedad_cardiovascular = si,si,gaussiana,"presion_diastolica, sexo",2,0.1145325166255248,0.049011816732552387,0.7330374469909153,1.4734421045043524,0.4687312377928664,1,1,1,500,13,0.5,exploratoria,False,2
RD_0324,324,edad_anios cercana a 62.49 con radio ±3.89 => enfermedad_cardiovascular = si,si,gaussiana,edad_anios,1,0.11424622683963721,0.07851974928946232,0.6690998786413949,1.3449243791786831,0.3414922958037709,1,1,1,500,55,0.5,exploratoria,False,2
RD_0325,325,presion_sistolica cercana a 144.67 con radio ±12.90 Y presion_diastolica cercana a 86.18 con radio ±7.39 Y sexo = mujer Y glucosa = normal => enfermedad_cardiovascular = si,si,triangular,"glucosa, presion_diastolica, presion_sistolica, sexo",4,0.11397575792616571,0.028277483839887454,0.8388691865119209,1.686169219119439,0.6793416647003402,1,1,1,500,55,0.5,exploratoria,False,2
RD_0326,326,altura_cm cercana a 158.05 con radio ±5.17 Y presion_sistolica cercana a 154.04 con radio ±19.78 Y sexo = mujer Y colesterol = normal => enfermedad_cardiovascular = si,si,triangular,"altura_cm, colesterol, presion_sistolica, sexo",4,0.11365469044895873,0.016507018397840353,0.8381852994629765,1.6847945717848773,0.6779806954487095,1,1,1,500,55,0.5,exploratoria,False,2
RD_0327,327,peso_kg cercana a 85.21 con radio ±9.22 Y sexo = mujer Y colesterol = muy_arriba_de_lo_normal Y fumador = no => enfermedad_cardiovascular = si,si,triangular,"colesterol, fumador, peso_kg, sexo",4,0.1134361528626467,0.014718902528998604,0.8377193511273738,1.6838579922158268,0.677053435079351,1,1,1,100,13,0.5,exploratoria,False,2
RD_0328,328,altura_cm cercana a 161.36 con radio ±5.78 Y presion_sistolica cercana a 158.00 con radio ±28.00 Y sexo = mujer Y glucosa = normal => enfermedad_cardiovascular = si,si,triangular,"altura_cm, glucosa, presion_sistolica, sexo",4,0.11335661690000381,0.026332072856142745,0.8375496793997594,1.6835169435171045,0.6767157799000189,1,1,1,500,13,0.5,exploratoria,False,2
RD_0330,330,presion_sistolica cercana a 143.67 con radio ±24.42 Y glucosa = muy_arriba_de_lo_normal Y fumador = no => enfermedad_cardiovascular = si,si,gaussiana,"fumador, glucosa, presion_sistolica",3,0.11263339503174492,0.01675823460253814,0.7856575213794339,1.5792110982501184,0.573447803740167,1,1,1,500,55,0.5,exploratoria,False,2
RD_0331,331,peso_kg cercana a 119.79 con radio ±27.59 => enfermedad_cardiovascular = si,si,gaussiana,peso_kg,1,0.11254257189305031,0.015187333449243825,0.667058316021228,1.3408207357210613,0.33742948461935923,1,1,1,500,13,0.5,exploratoria,False,2
RD_0332,332,presion_sistolica cercana a 137.93 con radio ±25.85 => enfermedad_cardiovascular = si,si,gaussiana,presion_sistolica,1,0.11168884777311981,0.1999460523192853,0.6660315051161331,1.3387567942032825,0.3353860798331007,2,1,2,"100, 500",55,0.5,exploratoria,False,2
RD_0333,333,peso_kg cercana a 85.21 con radio ±9.22 Y sexo = mujer Y colesterol = muy_arriba_de_lo_normal Y fumador = no => enfermedad_cardiovascular = si,si,gaussiana,"colesterol, fumador, peso_kg, sexo",4,0.1116000680196274,0.011688821213169599,0.8337899417127977,1.6759596818347693,0.6692337148513389,1,1,1,100,13,0.5,exploratoria,False,2
RD_0334,334,presion_diastolica cercana a 81.22 con radio ±17.83 Y colesterol = muy_arriba_de_lo_normal => enfermedad_cardiovascular = si,si,gaussiana,"colesterol, presion_diastolica",2,0.11142907432083843,0.05035157827503307,0.7281828858543852,1.4636841926721311,0.4590704196107168,1,1,1,500,13,0.5,exploratoria,False,2
RD_0336,336,presion_sistolica cercana a 158.00 con radio ±28.00 Y colesterol = normal Y glucosa = normal Y fumador = no => enfermedad_cardiovascular = si,si,triangular,"colesterol, fumador, glucosa, presion_sistolica",4,0.11118275250828856,0.06194642857142858,0.832893157262905,1.6741571000259396,0.6674490691799105,2,1,1,500,13,0.5,exploratoria,False,2
RD_0337,337,altura_cm cercana a 158.00 con radio ±5.74 Y presion_sistolica cercana a 158.00 con radio ±27.23 Y presion_diastolica cercana a 86.09 con radio ±7.58 Y fumador = no => enfermedad_cardiovascular = si,si,triangular,"altura_cm, fumador, presion_diastolica, presion_sistolica",4,0.11117882746803281,0.01798309294412075,0.8328847160659366,1.6741401327958525,0.6674322707779834,1,1,1,500,13,0.5,exploratoria,False,2
RD_0338,338,presion_sistolica cercana a 158.00 con radio ±28.00 Y presion_diastolica cercana a 87.13 con radio ±7.94 Y fumador = no Y alcohol = no => enfermedad_cardiovascular = si,si,triangular,"alcohol, fumador, presion_diastolica, presion_sistolica",4,0.11095997507525446,0.04842119992773383,0.8324138586348968,1.673193685698285,0.6664952410644713,1,1,1,500,13,0.5,exploratoria,False,2
RD_0339,339,presion_sistolica cercana a 144.36 con radio ±26.57 Y sexo = mujer Y colesterol = arriba_de_lo_normal Y glucosa = normal => enfermedad_cardiovascular = si,si,triangular,"colesterol, glucosa, presion_sistolica, sexo",4,0.11095468108220828,0.02259149994266346,0.8324024639878155,1.6731707818850563,0.6664725651498816,1,1,1,500,13,0.5,exploratoria,False,2
RD_0341,341,edad_anios cercana a 51.56 con radio ±2.89 Y presion_sistolica cercana a 158.00 con radio ±28.00 Y sexo = mujer Y fumador = no => enfermedad_cardiovascular = si,si,triangular,"edad_anios, fumador, presion_sistolica, sexo",4,0.11018309145126358,0.011475920297649498,0.8307393296026137,1.6698277981962084,0.6631628449803257,1,1,1,500,13,0.5,exploratoria,False,2
RD_0342,342,altura_cm cercana a 161.63 con radio ±6.12 Y presion_sistolica cercana a 158.00 con radio ±28.00 Y colesterol = normal Y alcohol = no => enfermedad_cardiovascular = si,si,triangular,"alcohol, altura_cm, colesterol, presion_sistolica",4,0.10986660950558294,0.024225317888056125,0.8300557877595724,1.6684538447428592,0.6618025627056169,2,1,1,500,13,0.5,exploratoria,False,2
RD_0343,343,presion_sistolica cercana a 158.00 con radio ±28.00 Y sexo = mujer Y colesterol = normal Y alcohol = no => enfermedad_cardiovascular = si,si,triangular,"alcohol, colesterol, presion_sistolica, sexo",4,0.10984887095032347,0.04246428571428573,0.8300174520069807,1.6683767879537301,0.661726272650708,1,1,1,500,13,0.5,exploratoria,False,2
RD_0346,346,altura_cm cercana a 160.06 con radio ±6.23 Y presion_sistolica cercana a 155.03 con radio ±25.36 Y presion_diastolica cercana a 86.45 con radio ±6.54 Y alcohol = no => enfermedad_cardiovascular = si,si,gaussiana,"alcohol, altura_cm, presion_diastolica, presion_sistolica",4,0.10950707606961273,0.010324476328857985,0.8292782862401297,1.666891027618351,0.6602552960002581,1,1,1,500,13,0.5,exploratoria,False,2
RD_0349,349,sexo = mujer Y colesterol = muy_arriba_de_lo_normal Y glucosa = normal => enfermedad_cardiovascular = si,si,triangular,"colesterol, glucosa, sexo",3,0.10921526622243811,0.03,0.7792207792207791,1.5662729230568424,0.5606383666085157,1,1,1,50,13,0.5,exploratoria,False,2
RD_0350,350,sexo = mujer Y colesterol = muy_arriba_de_lo_normal Y glucosa = normal => enfermedad_cardiovascular = si,si,gaussiana,"colesterol, glucosa, sexo",3,0.10921526622243811,0.03,0.7792207792207791,1.5662729230568424,0.5606383666085157,1,1,1,50,13,0.5,exploratoria,False,2
RD_0351,351,edad_anios cercana a 52.48 con radio ±2.87 Y presion_sistolica cercana a 152.60 con radio ±30.34 Y sexo = mujer Y alcohol = no => enfermedad_cardiovascular = si,si,gaussiana,"alcohol, edad_anios, presion_sistolica, sexo",4,0.1090314374951539,0.010578876028643268,0.8282481011242178,1.664820303767272,0.6582051763666026,1,1,1,500,13,0.5,exploratoria,False,2
RD_0352,352,presion_sistolica cercana a 154.52 con radio ±28.00 Y glucosa = normal Y actividad_fisica = no => enfermedad_cardiovascular = si,si,triangular,"actividad_fisica, glucosa, presion_sistolica",3,0.10888632919213571,0.022974712771270177,0.7785972272044016,1.5650195521696515,0.5593974670734361,1,1,1,500,13,0.5,exploratoria,False,2
RD_0354,354,sexo = mujer Y colesterol = muy_arriba_de_lo_normal Y actividad_fisica = no => enfermedad_cardiovascular = si,si,triangular,"actividad_fisica, colesterol, sexo",3,0.10845464037835516,0.0105,0.7777777777777778,1.5633724176437744,0.5577667219458265,1,1,1,50,13,0.5,exploratoria,False,2
RD_0355,355,sexo = mujer Y colesterol = muy_arriba_de_lo_normal Y actividad_fisica = no => enfermedad_cardiovascular = si,si,gaussiana,"actividad_fisica, colesterol, sexo",3,0.10845464037835516,0.0105,0.7777777777777778,1.5633724176437744,0.5577667219458265,1,1,1,50,13,0.5,exploratoria,False,2
RD_0358,358,peso_kg cercana a 84.48 con radio ±9.52 Y presion_sistolica cercana a 158.00 con radio ±28.00 Y sexo = mujer Y fumador = no => enfermedad_cardiovascular = si,si,triangular,"fumador, peso_kg, presion_sistolica, sexo",4,0.10815922035604351,0.020828141181003658,0.8263541928903904,1.6610134530460108,0.6544362047569958,1,1,1,500,13,0.5,exploratoria,False,2
RD_0363,363,presion_diastolica cercana a 97.01 con radio ±12.58 Y fumador = no Y alcohol = no Y actividad_fisica = si => enfermedad_cardiovascular = si,si,gaussiana,"actividad_fisica, alcohol, fumador, presion_diastolica",4,0.10778284430165451,0.055118005468961624,0.8255350195765376,1.6593668735206786,0.6528060091075376,1,1,1,100,55,0.5,exploratoria,False,2
RD_0365,365,presion_diastolica cercana a 77.60 con radio ±16.68 Y colesterol = muy_arriba_de_lo_normal => enfermedad_cardiovascular = si,si,triangular,"colesterol, presion_diastolica",2,0.10741831018798179,0.04547500560482272,0.7218352619860214,1.4509251497206461,0.44643833231049046,1,1,1,500,55,0.5,exploratoria,False,2
RD_0367,367,altura_cm cercana a 162.08 con radio ±5.54 Y presion_sistolica cercana a 148.01 con radio ±14.23 Y fumador = no Y alcohol = no => enfermedad_cardiovascular = si,si,triangular,"alcohol, altura_cm, fumador, presion_sistolica",4,0.1070949641965048,0.031112895348961337,0.8240348512204352,1.6563514597395683,0.6498205994436522,1,1,1,500,13,0.5,exploratoria,False,2
RD_0368,368,peso_kg cercana a 119.79 con radio ±27.59 => enfermedad_cardiovascular = si,si,triangular,peso_kg,1,0.10701153159385278,0.022359697932449983,0.6603604368839814,1.3273576620783545,0.3241003719084207,1,1,1,500,13,0.5,exploratoria,False,2
RD_0369,369,presion_sistolica cercana a 158.00 con radio ±22.27 Y presion_diastolica cercana a 84.06 con radio ±7.34 Y sexo = mujer Y colesterol = normal => enfermedad_cardiovascular = si,si,triangular,"colesterol, presion_diastolica, presion_sistolica, sexo",4,0.10695419584549581,0.01164271455761542,0.8237273730868095,1.6557334132398183,0.6492087026603176,1,1,1,500,13,0.5,exploratoria,False,2
RD_0370,370,presion_sistolica cercana a 151.27 con radio ±20.54 Y colesterol = normal Y glucosa = normal Y fumador = no => enfermedad_cardiovascular = si,si,gaussiana,"colesterol, fumador, glucosa, presion_sistolica",4,0.10695022420352754,0.05050680521612952,0.8237186955055579,1.655715970865443,0.6491914338419063,1,1,1,500,13,0.5,exploratoria,False,2
RD_0373,373,peso_kg cercana a 85.80 con radio ±8.81 Y presion_sistolica cercana a 158.00 con radio ±13.42 Y fumador = no Y alcohol = no => enfermedad_cardiovascular = si,si,triangular,"alcohol, fumador, peso_kg, presion_sistolica",4,0.10634555668044628,0.011860161928936,0.8223960351642128,1.6530573571139955,0.6465592739586324,1,1,1,500,55,0.5,exploratoria,False,2
RD_0374,374,presion_sistolica cercana a 140.58 con radio ±33.76 => enfermedad_cardiovascular = si,si,gaussiana,presion_sistolica,1,0.10610372225891673,0.2421208478307937,0.6592506740191925,1.3251269829531507,0.3218918885954079,1,1,1,500,55,0.5,exploratoria,False,2
RD_0375,375,presion_sistolica cercana a 158.00 con radio ±28.00 Y sexo = mujer Y alcohol = no Y actividad_fisica = no => enfermedad_cardiovascular = si,si,triangular,"actividad_fisica, alcohol, presion_sistolica, sexo",4,0.10578925441994187,0.01246428571428572,0.8211764705882354,1.650605971031629,0.6441322797775829,1,1,1,500,13,0.5,exploratoria,False,2
RD_0376,376,altura_cm cercana a 159.07 con radio ±6.40 Y presion_sistolica cercana a 143.37 con radio ±13.31 Y sexo = mujer Y alcohol = no => enfermedad_cardiovascular = si,si,triangular,"alcohol, altura_cm, presion_sistolica, sexo",4,0.10572557236155276,0.03370417589210793,0.8210366965589898,1.6503250182090248,0.6438541225054524,1,1,1,500,55,0.5,exploratoria,False,2
RD_0377,377,presion_sistolica cercana a 158.00 con radio ±23.48 Y presion_diastolica cercana a 83.22 con radio ±7.82 Y fumador = no Y alcohol = no => enfermedad_cardiovascular = si,si,triangular,"alcohol, fumador, presion_diastolica, presion_sistolica",4,0.10564943229921156,0.026969789137052405,0.8208695339715023,1.6499890130080448,0.6435214606398056,1,1,1,500,13,0.5,exploratoria,False,2
RD_0378,378,presion_sistolica cercana a 144.52 con radio ±14.81 Y presion_diastolica cercana a 86.77 con radio ±6.24 Y fumador = no Y alcohol = no => enfermedad_cardiovascular = si,si,triangular,"alcohol, fumador, presion_diastolica, presion_sistolica",4,0.10549656044630851,0.04016779971164082,0.8205337621175947,1.649314094708733,0.6428532579454621,1,1,1,500,13,0.5,exploratoria,False,2
RD_0379,379,altura_cm cercana a 161.49 con radio ±6.69 Y presion_diastolica cercana a 96.09 con radio ±11.43 Y sexo = mujer Y glucosa = normal => enfermedad_cardiovascular = si,si,gaussiana,"altura_cm, glucosa, presion_diastolica, sexo",4,0.10547057723904155,0.01674766452568146,0.8204766722946305,1.6491993412957398,0.6427396463574737,1,1,1,100,55,0.5,exploratoria,False,2
RD_0380,380,altura_cm cercana a 161.65 con radio ±6.71 Y presion_sistolica cercana a 147.23 con radio ±16.42 Y fumador = no Y alcohol = no => enfermedad_cardiovascular = si,si,gaussiana,"alcohol, altura_cm, fumador, presion_sistolica",4,0.10542853621985573,0.02876587836698121,0.820384288468062,1.6490136451619337,0.6425557979463921,1,1,1,500,13,0.5,exploratoria,False,2
RD_0381,381,presion_sistolica cercana a 147.86 con radio ±19.38 Y presion_diastolica cercana a 87.13 con radio ±7.94 Y fumador = no Y alcohol = no => enfermedad_cardiovascular = si,si,gaussiana,"alcohol, fumador, presion_diastolica, presion_sistolica",4,0.1053355898646228,0.04504015111042115,0.8201799887430347,1.648602992448311,0.6421492313294223,1,1,1,500,13,0.5,exploratoria,False,2
RD_0382,382,presion_sistolica cercana a 150.18 con radio ±13.18 Y colesterol = normal Y fumador = no Y alcohol = no => enfermedad_cardiovascular = si,si,gaussiana,"alcohol, colesterol, fumador, presion_sistolica",4,0.1051909421152532,0.03448384427582123,0.8198619019636814,1.6479636220375504,0.6415162228132963,1,1,1,500,55,0.5,exploratoria,False,2
RD_0383,383,edad_anios cercana a 63.73 con radio ±0.61 => enfermedad_cardiovascular = si,si,gaussiana,edad_anios,1,0.10518104924279183,0.01595803721190374,0.6581196581196581,1.3228535841601168,0.31964111068588685,1,1,1,500,13,0.5,exploratoria,False,2
RD_0387,387,altura_cm cercana a 155.18 con radio ±16.44 Y presion_sistolica cercana a 127.40 con radio ±38.35 Y colesterol = muy_arriba_de_lo_normal => enfermedad_cardiovascular = si,si,gaussiana,"altura_cm, colesterol, presion_sistolica",3,0.10454823577714685,0.026733390031050838,0.7703039439138248,1.548349636007688,0.5428934207240296,2,1,2,"100, 500",13,0.5,exploratoria,False,2
RD_0388,388,presion_sistolica cercana a 158.00 con radio ±28.00 Y presion_diastolica cercana a 86.57 con radio ±6.63 Y sexo = mujer Y colesterol = normal => enfermedad_cardiovascular = si,si,triangular,"colesterol, presion_diastolica, presion_sistolica, sexo",4,0.10449908949444145,0.015552655636802349,0.8183380308212104,1.6449005644647445,0.6384836434252943,1,1,1,500,13,0.5,exploratoria,False,2
RD_0389,389,presion_sistolica cercana a 148.31 con radio ±16.61 Y colesterol = muy_arriba_de_lo_normal Y fumador = no Y alcohol = no => enfermedad_cardiovascular = si,si,gaussiana,"alcohol, colesterol, fumador, presion_sistolica",4,0.10448973253169402,0.01451783906107685,0.8183173932783382,1.644859081966509,0.6384425736882353,1,1,1,500,13,0.5,exploratoria,False,2
RD_0391,391,edad_anios cercana a 62.49 con radio ±3.89 => enfermedad_cardiovascular = si,si,triangular,edad_anios,1,0.10439449213197428,0.09115801644283593,0.6571530204254544,1.320910593820009,0.3177174535829939,1,1,1,500,55,0.5,exploratoria,False,2
RD_0392,392,altura_cm cercana a 161.18 con radio ±5.72 Y presion_diastolica cercana a 87.43 con radio ±6.26 Y sexo = mujer => enfermedad_cardiovascular = si,si,triangular,"altura_cm, presion_diastolica, sexo",3,0.10400780676947399,0.025755912067099047,0.7692615311946919,1.5462543340596822,0.5408189675516257,1,1,1,500,13,0.5,exploratoria,False,2
RD_0393,393,presion_sistolica cercana a 143.67 con radio ±24.42 Y glucosa = muy_arriba_de_lo_normal Y fumador = no => enfermedad_cardiovascular = si,si,triangular,"fumador, glucosa, presion_sistolica",3,0.10384756022459406,0.018551755733442178,0.7689520362815144,1.5456322337316872,0.5402030572766456,1,1,1,500,55,0.5,exploratoria,False,2
RD_0394,394,altura_cm cercana a 160.73 con radio ±5.71 Y presion_sistolica cercana a 149.22 con radio ±22.04 Y colesterol = normal Y fumador = no => enfermedad_cardiovascular = si,si,gaussiana,"altura_cm, colesterol, fumador, presion_sistolica",4,0.1038062928076568,0.018167970945828407,0.8168079839939208,1.6418250934551173,0.6354387741172555,1,1,1,500,13,0.5,exploratoria,False,2
RD_0396,396,presion_diastolica cercana a 97.01 con radio ±12.58 Y fumador = no Y alcohol = no Y actividad_fisica = si => enfermedad_cardiovascular = si,si,triangular,"actividad_fisica, alcohol, fumador, presion_diastolica",4,0.1035563296520074,0.07536916010045017,0.816254925750137,1.6407134185932402,0.6343381606967902,1,1,1,100,55,0.5,exploratoria,False,2
RD_0399,399,altura_cm cercana a 161.18 con radio ±5.72 Y presion_diastolica cercana a 87.43 con radio ±6.26 Y sexo = mujer => enfermedad_cardiovascular = si,si,gaussiana,"altura_cm, presion_diastolica, sexo",3,0.10338311185538526,0.01691336091869736,0.7680539739202121,1.5438270832567078,0.5384158684979347,1,1,1,500,13,0.5,exploratoria,False,2
RD_0400,400,presion_sistolica cercana a 150.18 con radio ±13.18 Y colesterol = normal Y fumador = no Y alcohol = no => enfermedad_cardiovascular = si,si,triangular,"alcohol, colesterol, fumador, presion_sistolica",4,0.10337060253561046,0.04707496786433776,0.8158436442693757,1.639886722149499,0.63351969008831,1,1,1,500,55,0.5,exploratoria,False,2
RD_0401,401,presion_sistolica cercana a 149.09 con radio ±14.53 Y presion_diastolica cercana a 86.88 con radio ±6.58 Y colesterol = normal Y glucosa = normal => enfermedad_cardiovascular = si,si,gaussiana,"colesterol, glucosa, presion_diastolica, presion_sistolica",4,0.10299968562543993,0.01275092270987415,0.815021377198175,1.6382339240164323,0.631883337707811,1,1,1,500,55,0.5,exploratoria,False,2
RD_0404,404,peso_kg cercana a 88.72 con radio ±10.22 Y presion_sistolica cercana a 158.00 con radio ±13.58 Y fumador = no Y alcohol = no => enfermedad_cardiovascular = si,si,triangular,"alcohol, fumador, peso_kg, presion_sistolica",4,0.10248406136165598,0.012080722580133192,0.8138763280640539,1.6359323177166911,0.6296046329632913,1,1,1,500,55,0.5,exploratoria,False,2
RD_0406,406,altura_cm cercana a 159.72 con radio ±6.78 Y presion_sistolica cercana a 151.61 con radio ±29.77 Y colesterol = normal Y fumador = no => enfermedad_cardiovascular = si,si,gaussiana,"altura_cm, colesterol, fumador, presion_sistolica",4,0.10199731639796483,0.026507413616198607,0.8127932784369357,1.6337553335415793,0.6274493103222603,1,1,1,500,13,0.5,exploratoria,False,2
RD_0407,407,peso_kg cercana a 84.28 con radio ±8.77 Y presion_sistolica cercana a 158.00 con radio ±28.00 Y presion_diastolica cercana a 86.30 con radio ±6.07 Y alcohol = no => enfermedad_cardiovascular = si,si,triangular,"alcohol, peso_kg, presion_diastolica, presion_sistolica",4,0.1018764275932289,0.011393561852405906,0.8125239678523545,1.633214005733376,0.6269133688604069,1,1,1,500,13,0.5,exploratoria,False,2
RD_0409,409,presion_diastolica cercana a 77.60 con radio ±16.68 Y colesterol = muy_arriba_de_lo_normal => enfermedad_cardiovascular = si,si,gaussiana,"colesterol, presion_diastolica",2,0.1016711392029743,0.042197122760723446,0.7125881235393268,1.4323379367624658,0.42803606674492894,1,1,1,500,55,0.5,exploratoria,False,2
RD_0410,410,presion_sistolica cercana a 158.00 con radio ±20.09 Y colesterol = muy_arriba_de_lo_normal Y fumador = no Y alcohol = no => enfermedad_cardiovascular = si,si,triangular,"alcohol, colesterol, fumador, presion_sistolica",4,0.10153952469325496,0.010889102487780149,0.8117727511316066,1.6317040223750887,0.6254184102121526,1,1,1,500,13,0.5,exploratoria,False,2
RD_0412,412,presion_sistolica cercana a 150.00 con radio ±19.88 Y colesterol = normal Y fumador = no Y alcohol = no => enfermedad_cardiovascular = si,si,gaussiana,"alcohol, colesterol, fumador, presion_sistolica",4,0.1013827568884054,0.054681038979499406,0.8114228527147178,1.6310007089743073,0.6247220949546624,1,1,1,500,13,0.5,exploratoria,False,2
RD_0413,413,altura_cm cercana a 159.07 con radio ±6.40 Y presion_sistolica cercana a 143.37 con radio ±13.31 Y sexo = mujer Y alcohol = no => enfermedad_cardiovascular = si,si,gaussiana,"alcohol, altura_cm, presion_sistolica, sexo",4,0.10130316090587098,0.025468561404051505,0.811245114890788,1.6306434470166593,0.6243683878423643,1,1,1,500,55,0.5,exploratoria,False,2
RD_0416,416,altura_cm cercana a 159.14 con radio ±6.22 Y presion_sistolica cercana a 144.99 con radio ±19.66 Y presion_diastolica cercana a 86.89 con radio ±7.79 Y alcohol = no => enfermedad_cardiovascular = si,si,gaussiana,"alcohol, altura_cm, presion_diastolica, presion_sistolica",4,0.10063903954667693,0.016749230823536906,0.8097599369539061,1.6276581647314696,0.6214128098585198,1,1,1,500,55,0.5,exploratoria,False,2
RD_0417,417,peso_kg cercana a 87.14 con radio ±12.60 Y presion_sistolica cercana a 143.29 con radio ±15.12 Y sexo = mujer Y fumador = no => enfermedad_cardiovascular = si,si,gaussiana,"fumador, peso_kg, presion_sistolica, sexo",4,0.10055805698560168,0.01769889623251973,0.809578566209251,1.627293600420605,0.6210518730532358,1,1,1,500,55,0.5,exploratoria,False,2
RD_0419,419,presion_sistolica cercana a 158.00 con radio ±26.51 Y presion_diastolica cercana a 85.30 con radio ±6.96 Y sexo = mujer Y colesterol = normal => enfermedad_cardiovascular = si,si,triangular,"colesterol, presion_diastolica, presion_sistolica, sexo",4,0.10027059870300732,0.015946150053817637,0.8089342926585017,1.6259985782080437,0.6197697366338343,1,1,1,500,13,0.5,exploratoria,False,2
RD_0420,420,presion_sistolica cercana a 149.09 con radio ±14.53 Y presion_diastolica cercana a 86.88 con radio ±6.58 Y colesterol = normal Y glucosa = normal => enfermedad_cardiovascular = si,si,triangular,"colesterol, glucosa, presion_diastolica, presion_sistolica",4,0.10017658120842764,0.02334861657515059,0.8087234125707884,1.6255746986347506,0.6193500747677382,1,1,1,500,55,0.5,exploratoria,False,2
RD_0421,421,altura_cm cercana a 158.65 con radio ±5.57 Y presion_diastolica cercana a 87.36 con radio ±6.19 Y glucosa = normal => enfermedad_cardiovascular = si,si,gaussiana,"altura_cm, glucosa, presion_diastolica",3,0.09995609191854034,0.015652712015355508,0.7613788201576908,1.5304096887591774,0.525131980413315,1,1,1,500,13,0.5,exploratoria,False,2
RD_0422,422,presion_diastolica cercana a 91.61 con radio ±20.55 => enfermedad_cardiovascular = si,si,gaussiana,presion_diastolica,1,0.0999450688576368,0.22539805295842205,0.6516412467427469,1.309831651744215,0.3067487497368098,1,1,1,500,55,0.5,exploratoria,False,2
RD_0424,424,presion_sistolica cercana a 143.30 con radio ±15.45 Y sexo = mujer Y glucosa = normal Y actividad_fisica = no => enfermedad_cardiovascular = si,si,gaussiana,"actividad_fisica, glucosa, presion_sistolica, sexo",4,0.09966518792252793,0.011164348730520393,0.8075749700535503,1.6232662714644226,0.6170646170219907,1,1,1,500,55,0.5,exploratoria,False,2
RD_0425,425,altura_cm cercana a 161.49 con radio ±6.69 Y presion_diastolica cercana a 96.09 con radio ±11.43 Y sexo = mujer Y glucosa = normal => enfermedad_cardiovascular = si,si,triangular,"altura_cm, glucosa, presion_diastolica, sexo",4,0.0995750037256599,0.027457966416968786,0.8073721973397767,1.6228586881201543,0.6166610892333866,1,1,1,100,55,0.5,exploratoria,False,2
RD_0426,426,altura_cm cercana a 160.06 con radio ±6.23 Y presion_sistolica cercana a 155.03 con radio ±32.87 Y presion_diastolica cercana a 86.45 con radio ±6.54 Y alcohol = no => enfermedad_cardiovascular = si,si,triangular,"alcohol, altura_cm, presion_diastolica, presion_sistolica",4,0.09956721670710589,0.02450602050337563,0.8073546853335581,1.6228234881076546,0.6166262394697675,1,1,1,500,13,0.5,exploratoria,False,2
RD_0428,428,colesterol = muy_arriba_de_lo_normal Y glucosa = normal Y alcohol = no => enfermedad_cardiovascular = si,si,triangular,"alcohol, colesterol, glucosa",3,0.09905814860608207,0.0395,0.7596153846153847,1.5268650947042908,0.5216226559510144,1,1,1,500,55,0.5,exploratoria,False,2
RD_0429,429,colesterol = muy_arriba_de_lo_normal Y glucosa = normal Y alcohol = no => enfermedad_cardiovascular = si,si,gaussiana,"alcohol, colesterol, glucosa",3,0.09905814860608207,0.0395,0.7596153846153847,1.5268650947042908,0.5216226559510144,1,1,1,500,55,0.5,exploratoria,False,2
RD_0430,430,presion_diastolica cercana a 99.00 con radio ±14.00 Y sexo = mujer Y colesterol = normal Y alcohol = no => enfermedad_cardiovascular = si,si,gaussiana,"alcohol, colesterol, presion_diastolica, sexo",4,0.09895688452124674,0.023474510697668864,0.8059804145141688,1.6200611347018468,0.6138913721675001,1,1,1,50,55,0.5,exploratoria,False,2
RD_0431,431,peso_kg cercana a 87.63 con radio ±8.54 Y presion_sistolica cercana a 158.00 con radio ±28.00 Y sexo = mujer Y fumador = no => enfermedad_cardiovascular = si,si,triangular,"fumador, peso_kg, presion_sistolica, sexo",4,0.09869456348366569,0.016422231405144715,0.8053887098044027,1.618871778501312,0.6127138503570203,1,1,1,500,13,0.5,exploratoria,False,2
RD_0432,432,peso_kg cercana a 78.92 con radio ±22.68 Y presion_diastolica cercana a 97.60 con radio ±12.06 Y sexo = hombre Y actividad_fisica = si => enfermedad_cardiovascular = si,si,gaussiana,"actividad_fisica, peso_kg, presion_diastolica, sexo",4,0.09865703338576635,0.012590488438811987,0.8053040035627611,1.6187015146990174,0.6125452807219127,1,1,1,500,13,0.5,exploratoria,False,2
RD_0433,433,presion_sistolica cercana a 150.94 con radio ±36.23 Y sexo = mujer => enfermedad_cardiovascular = si,si,triangular,"presion_sistolica, sexo",2,0.09848632849699832,0.14733828204135405,0.7073835167748046,1.421876415627748,0.4176786403478699,1,1,1,500,13,0.5,exploratoria,False,2
RD_0434,434,presion_sistolica cercana a 143.18 con radio ±19.55 Y glucosa = normal Y actividad_fisica = no => enfermedad_cardiovascular = si,si,gaussiana,"actividad_fisica, glucosa, presion_sistolica",3,0.09848456557462117,0.024831155157256875,0.7584857543914185,1.524594481188781,0.519374635604813,1,1,1,500,13,0.5,exploratoria,False,2
RD_0435,435,peso_kg cercana a 76.34 con radio ±6.86 Y presion_diastolica cercana a 104.74 con radio ±19.19 Y glucosa = normal Y fumador = no => enfermedad_cardiovascular = si,si,triangular,"fumador, glucosa, peso_kg, presion_diastolica",4,0.09843999346562668,0.016725013103999094,0.8048138866914367,1.6177163551586669,0.6115699237640533,1,1,1,500,13,0.5,exploratoria,False,2
RD_0436,436,altura_cm cercana a 161.14 con radio ±5.80 Y presion_sistolica cercana a 146.98 con radio ±13.64 Y sexo = mujer Y glucosa = normal => enfermedad_cardiovascular = si,si,gaussiana,"altura_cm, glucosa, presion_sistolica, sexo",4,0.09839659299036513,0.014685500679629326,0.8047158284357883,1.6175192531372629,0.6113747829567926,1,1,1,100,13,0.5,exploratoria,False,2
RD_0438,438,altura_cm cercana a 155.18 con radio ±16.44 Y presion_sistolica cercana a 127.40 con radio ±38.35 Y colesterol = muy_arriba_de_lo_normal => enfermedad_cardiovascular = si,si,triangular,"altura_cm, colesterol, presion_sistolica",3,0.09814347141812878,0.03366913060860339,0.7578128056050047,1.5232418203115674,0.5180354340398104,2,1,2,"100, 500",13,0.5,exploratoria,False,2
RD_0439,439,presion_sistolica cercana a 158.00 con radio ±28.00 Y presion_diastolica cercana a 85.90 con radio ±6.20 Y colesterol = normal Y glucosa = normal => enfermedad_cardiovascular = si,si,triangular,"colesterol, glucosa, presion_diastolica, presion_sistolica",4,0.09809587909012826,0.021338212376361385,0.8040359251898496,1.6161526134469337,0.6100217416713425,1,1,1,500,13,0.5,exploratoria,False,2
RD_0440,440,presion_sistolica cercana a 141.75 con radio ±12.73 Y sexo = mujer Y colesterol = normal Y fumador = no => enfermedad_cardiovascular = si,si,gaussiana,"colesterol, fumador, presion_sistolica, sexo",4,0.09791031670692332,0.03815021513545625,0.8036159596931,1.6153084616946733,0.6091859894390049,1,1,1,500,55,0.5,exploratoria,False,2
RD_0441,441,altura_cm cercana a 161.14 con radio ±5.80 Y presion_sistolica cercana a 146.98 con radio ±13.64 Y sexo = mujer Y glucosa = normal => enfermedad_cardiovascular = si,si,triangular,"altura_cm, glucosa, presion_sistolica, sexo",4,0.09762023310458567,0.022111317213607585,0.8029588037691854,1.6139875452646943,0.6078782164560904,1,1,1,100,13,0.5,exploratoria,False,2
RD_0442,442,presion_sistolica cercana a 140.86 con radio ±27.21 => enfermedad_cardiovascular = si,si,triangular,presion_sistolica,1,0.09739913853772425,0.24086645847481944,0.6484532608453587,1.3034236398901682,0.3004044991947437,2,1,2,"100, 500",55,0.5,exploratoria,False,2
RD_0446,446,edad_anios cercana a 63.14 con radio ±7.13 => enfermedad_cardiovascular = si,si,gaussiana,edad_anios,1,0.09683319908694256,0.11537274461957502,0.6477411372228427,1.3019922356238043,0.29898733775690084,3,1,3,"50, 100, 500",13,0.5,exploratoria,False,2
RD_0448,448,altura_cm cercana a 158.65 con radio ±5.57 Y presion_diastolica cercana a 87.36 con radio ±6.19 Y glucosa = normal => enfermedad_cardiovascular = si,si,triangular,"altura_cm, glucosa, presion_diastolica",3,0.0966879755196696,0.02250846908651215,0.7549311862313097,1.5174496205654466,0.5123008681220095,1,1,1,500,13,0.5,exploratoria,False,2
RD_0450,450,peso_kg cercana a 84.32 con radio ±9.77 Y presion_sistolica cercana a 158.00 con radio ±24.68 Y colesterol = normal Y alcohol = no => enfermedad_cardiovascular = si,si,triangular,"alcohol, colesterol, peso_kg, presion_sistolica",4,0.09660580043037717,0.01762105997777777,0.8006545534160074,1.6093558862633315,0.6032926436139452,1,1,1,500,13,0.5,exploratoria,False,2
RD_0452,452,presion_sistolica cercana a 148.72 con radio ±21.89 Y colesterol = normal Y glucosa = normal Y fumador = no => enfermedad_cardiovascular = si,si,gaussiana,"colesterol, fumador, glucosa, presion_sistolica",4,0.0959781410839329,0.061948441929496736,0.7992240157113516,1.6064804335906564,0.60044580241065,1,1,1,500,13,0.5,exploratoria,False,2
RD_0454,454,presion_sistolica cercana a 136.63 con radio ±18.72 Y sexo = mujer Y colesterol = arriba_de_lo_normal Y glucosa = normal => enfermedad_cardiovascular = si,si,gaussiana,"colesterol, glucosa, presion_sistolica, sexo",4,0.09573088427740509,0.01737958010853975,0.7986594554987941,1.605345639193556,0.5993222995000879,1,1,1,500,13,0.5,exploratoria,False,2
RD_0456,456,peso_kg cercana a 90.09 con radio ±22.14 Y sexo = mujer Y glucosa = muy_arriba_de_lo_normal => enfermedad_cardiovascular = si,si,gaussiana,"glucosa, peso_kg, sexo",3,0.09547707947576774,0.013384571748673593,0.7525212697706104,1.5126055673781114,0.5075050144688765,1,1,1,500,13,0.5,exploratoria,False,2
RD_0458,458,colesterol = arriba_de_lo_normal => enfermedad_cardiovascular = si,si,triangular,colesterol,1,0.09532200110558323,0.093,0.6458333333333334,1.2981574539363485,0.29519071310116096,10,2,3,"50, 100, 500","13, 55",1.0,alta,True,0
RD_0459,459,colesterol = arriba_de_lo_normal => enfermedad_cardiovascular = si,si,gaussiana,colesterol,1,0.09532200110558323,0.093,0.6458333333333334,1.2981574539363485,0.29519071310116096,12,2,3,"50, 100, 500","13, 55",1.0,alta,True,0
RD_0460,460,peso_kg cercana a 89.64 con radio ±9.05 Y presion_sistolica cercana a 158.00 con radio ±14.72 Y fumador = no Y alcohol = no => enfermedad_cardiovascular = si,si,triangular,"alcohol, fumador, peso_kg, presion_sistolica",4,0.09519721743843962,0.010675681105555753,0.7974389567998243,1.602892375477034,0.5968934463678097,1,1,1,500,55,0.5,exploratoria,False,2
RD_0462,462,presion_sistolica cercana a 158.00 con radio ±28.00 Y presion_diastolica cercana a 85.58 con radio ±7.50 Y colesterol = normal Y alcohol = no => enfermedad_cardiovascular = si,si,triangular,"alcohol, colesterol, presion_diastolica, presion_sistolica",4,0.09464578443589544,0.028991899084406778,0.7961749682789298,1.6003516950330245,0.5943780463262285,1,1,1,500,13,0.5,exploratoria,False,2
RD_0465,465,altura_cm cercana a 159.33 con radio ±5.67 Y presion_sistolica cercana a 148.26 con radio ±13.91 Y presion_diastolica cercana a 84.79 con radio ±6.69 Y fumador = no => enfermedad_cardiovascular = si,si,triangular,"altura_cm, fumador, presion_diastolica, presion_sistolica",4,0.09429085417551301,0.013442224798407306,0.7953598550300538,1.598713276442319,0.5927559304080673,1,1,1,500,55,0.5,exploratoria,False,2
RD_0467,467,peso_kg cercana a 84.60 con radio ±9.83 Y presion_sistolica cercana a 135.21 con radio ±14.68 Y presion_diastolica cercana a 87.26 con radio ±7.95 => enfermedad_cardiovascular = si,si,gaussiana,"peso_kg, presion_diastolica, presion_sistolica",3,0.09403230903235497,0.014922637209372184,0.7496307279732706,1.5067954331121016,0.5017526924841206,1,1,1,500,55,0.5,exploratoria,False,2
RD_0468,468,presion_sistolica cercana a 145.65 con radio ±15.12 Y presion_diastolica cercana a 86.80 con radio ±6.72 Y colesterol = normal Y alcohol = no => enfermedad_cardiovascular = si,si,gaussiana,"alcohol, colesterol, presion_diastolica, presion_sistolica",4,0.0940291167700851,0.01795198420993564,0.7947579838105289,1.5975034850462893,0.591558176737371,1,1,1,500,55,0.5,exploratoria,False,2
RD_0471,471,peso_kg cercana a 111.44 con radio ±20.83 Y presion_sistolica cercana a 158.00 con radio ±28.00 Y fumador = no Y alcohol = no => enfermedad_cardiovascular = si,si,triangular,"alcohol, fumador, peso_kg, presion_sistolica",4,0.09375505632251521,0.010894241492020935,0.7941270636085821,1.5962353037358434,0.5903026141464321,1,1,1,500,13,0.5,exploratoria,False,2
RD_0472,472,presion_sistolica cercana a 158.00 con radio ±28.00 Y presion_diastolica cercana a 83.69 con radio ±7.88 Y glucosa = normal Y fumador = no => enfermedad_cardiovascular = si,si,triangular,"fumador, glucosa, presion_diastolica, presion_sistolica",4,0.0937273809239442,0.029514312729001773,0.7940633109244719,1.5961071576371295,0.5901757431332775,1,1,1,500,13,0.5,exploratoria,False,2
RD_0473,473,peso_kg cercana a 87.14 con radio ±12.60 Y presion_sistolica cercana a 143.29 con radio ±15.12 Y sexo = mujer Y fumador = no => enfermedad_cardiovascular = si,si,triangular,"fumador, peso_kg, presion_sistolica, sexo",4,0.09352595138565431,0.024226749268440286,0.7935990757599359,1.595174021628012,0.5892518920595741,1,1,1,500,55,0.5,exploratoria,False,2
RD_0481,481,edad_anios cercana a 52.75 con radio ±2.62 Y presion_sistolica cercana a 158.00 con radio ±28.00 Y glucosa = normal Y alcohol = no => enfermedad_cardiovascular = si,si,triangular,"alcohol, edad_anios, glucosa, presion_sistolica",4,0.09281655985873485,0.012409332583707805,0.7919609803244696,1.591881367486371,0.5859920006457107,1,1,1,500,13,0.5,exploratoria,False,2
RD_0482,482,peso_kg cercana a 108.20 con radio ±21.40 => enfermedad_cardiovascular = si,si,triangular,peso_kg,1,0.09269910303851508,0.04277116961502612,0.6425001251475454,1.291457537985016,0.28855746298018986,2,1,1,500,55,0.5,exploratoria,False,2
RD_0483,483,presion_sistolica cercana a 137.24 con radio ±13.28 Y sexo = mujer Y glucosa = normal => enfermedad_cardiovascular = si,si,gaussiana,"glucosa, presion_sistolica, sexo",3,0.09264199239102804,0.05708409530977611,0.7468332934419366,1.5011724491295209,0.4961856585909187,1,1,1,500,55,0.5,exploratoria,False,2
RD_0484,484,presion_sistolica cercana a 141.75 con radio ±12.73 Y sexo = mujer Y colesterol = normal Y fumador = no => enfermedad_cardiovascular = si,si,triangular,"colesterol, fumador, presion_sistolica, sexo",4,0.09245602804354358,0.041715943476539015,0.79112656011244,1.5902041409295276,0.5843314629103283,1,1,1,500,55,0.5,exploratoria,False,2
RD_0486,486,altura_cm cercana a 160.43 con radio ±5.41 Y presion_diastolica cercana a 93.48 con radio ±11.83 Y glucosa = normal Y fumador = no => enfermedad_cardiovascular = si,si,triangular,"altura_cm, fumador, glucosa, presion_diastolica",4,0.09220121319045843,0.029246315805228917,0.7905360376947959,1.5890171611955695,0.5831562939199918,1,1,1,500,13,0.5,exploratoria,False,2
RD_0487,487,presion_sistolica cercana a 154.08 con radio ±28.00 Y colesterol = normal Y fumador = no Y alcohol = no => enfermedad_cardiovascular = si,si,triangular,"alcohol, colesterol, fumador, presion_sistolica",4,0.09216408479445547,0.08002307009635153,0.7904499405077218,1.5888441015230588,0.5829849562342723,1,1,1,500,13,0.5,exploratoria,False,2
RD_0489,489,peso_kg cercana a 113.07 con radio ±21.56 => enfermedad_cardiovascular = si,si,triangular,peso_kg,1,0.0920904487360925,0.02728873869645143,0.6417225988917967,1.2898946711392898,0.2870101470483517,2,1,2,"100, 500",55,0.5,exploratoria,False,2
RD_0490,490,peso_kg cercana a 88.19 con radio ±8.13 Y presion_sistolica cercana a 158.00 con radio ±24.29 Y colesterol = normal Y glucosa = normal => enfermedad_cardiovascular = si,si,triangular,"colesterol, glucosa, peso_kg, presion_sistolica",4,0.09197918288487936,0.01099245435940354,0.7900209667978316,1.5879818428097119,0.5821312772096152,1,1,1,500,13,0.5,exploratoria,False,2
RD_0491,491,altura_cm cercana a 161.20 con radio ±6.64 Y presion_sistolica cercana a 144.16 con radio ±18.13 Y glucosa = normal Y alcohol = no => enfermedad_cardiovascular = si,si,gaussiana,"alcohol, altura_cm, glucosa, presion_sistolica",4,0.09193852545970702,0.028358188669334337,0.7899265956852844,1.587792152131225,0.5819434740005661,1,1,1,500,13,0.5,exploratoria,False,2
RD_0494,494,presion_sistolica cercana a 145.65 con radio ±15.12 Y presion_diastolica cercana a 86.80 con radio ±6.72 Y colesterol = normal Y alcohol = no => enfermedad_cardiovascular = si,si,triangular,"alcohol, colesterol, presion_diastolica, presion_sistolica",4,0.09143809445528228,0.026091531059847725,0.7887636802145819,1.5854546335971496,0.5796292143573769,1,1,1,500,55,0.5,exploratoria,False,2
RD_0497,497,peso_kg cercana a 90.09 con radio ±22.14 Y sexo = mujer Y glucosa = muy_arriba_de_lo_normal => enfermedad_cardiovascular = si,si,triangular,"glucosa, peso_kg, sexo",3,0.09085175536367446,0.016961110239179247,0.7432078756385478,1.4938851771629102,0.4889708967931301,1,1,1,500,13,0.5,exploratoria,False,2
RD_0499,499,peso_kg cercana a 86.72 con radio ±10.19 Y presion_diastolica cercana a 92.55 con radio ±9.29 Y sexo = mujer Y glucosa = normal => enfermedad_cardiovascular = si,si,gaussiana,"glucosa, peso_kg, presion_diastolica, sexo",4,0.09061160310146417,0.012494045826168391,0.7868375535565088,1.5815830222241383,0.5757961264806145,1,1,1,500,55,0.5,exploratoria,False,2
RD_0501,501,presion_sistolica cercana a 143.98 con radio ±15.36 Y sexo = mujer Y colesterol = normal Y alcohol = no => enfermedad_cardiovascular = si,si,triangular,"alcohol, colesterol, presion_sistolica, sexo",4,0.0904839940350734,0.04280348945938535,0.7865395476049362,1.580984015286304,0.5752030798108183,1,1,1,500,13,0.5,exploratoria,False,2
RD_0502,502,peso_kg cercana a 86.38 con radio ±9.77 Y presion_sistolica cercana a 153.62 con radio ±12.66 Y fumador = no Y alcohol = no => enfermedad_cardiovascular = si,si,triangular,"alcohol, fumador, peso_kg, presion_sistolica",4,0.09015865325011763,0.013203124925529063,0.785779029746922,1.5794553361747177,0.5736896114366609,1,1,1,500,55,0.5,exploratoria,False,2
RD_0503,503,altura_cm cercana a 158.07 con radio ±5.52 Y colesterol = muy_arriba_de_lo_normal Y fumador = no Y alcohol = no => enfermedad_cardiovascular = si,si,gaussiana,"alcohol, altura_cm, colesterol, fumador",4,0.0897568580819507,0.017662602838245226,0.7848383028297681,1.5775644277985288,0.5718175180691902,1,1,1,50,13,0.5,exploratoria,False,2
RD_0504,504,presion_sistolica cercana a 137.54 con radio ±15.70 Y presion_diastolica cercana a 86.42 con radio ±7.09 Y sexo = mujer Y fumador = no => enfermedad_cardiovascular = si,si,gaussiana,"fumador, presion_diastolica, presion_sistolica, sexo",4,0.08975246059852236,0.024577935368944565,0.7848279978266105,1.5775437142243427,0.5717970106002199,1,1,1,500,55,0.5,exploratoria,False,2
RD_0506,506,presion_diastolica cercana a 95.28 con radio ±16.84 Y sexo = hombre => enfermedad_cardiovascular = si,si,triangular,"presion_diastolica, sexo",2,0.08941518078663409,0.056641250702068546,0.6922248555846778,1.3914067448938248,0.3875121504172694,1,1,1,500,13,0.5,exploratoria,False,2
RD_0507,507,presion_sistolica cercana a 143.30 con radio ±15.45 Y sexo = mujer Y glucosa = normal Y actividad_fisica = no => enfermedad_cardiovascular = si,si,triangular,"actividad_fisica, glucosa, presion_sistolica, sexo",4,0.0894045275335485,0.012538180720681222,0.7840120273548653,1.5759035725725936,0.5701731887659012,1,1,1,500,55,0.5,exploratoria,False,2
RD_0509,509,altura_cm cercana a 159.14 con radio ±6.22 Y presion_sistolica cercana a 144.99 con radio ±19.66 Y presion_diastolica cercana a 86.89 con radio ±7.79 Y alcohol = no => enfermedad_cardiovascular = si,si,triangular,"alcohol, altura_cm, presion_diastolica, presion_sistolica",4,0.08933895428740415,0.02868987612948466,0.7838581060375585,1.5755941829900673,0.5698668776866835,1,1,1,500,55,0.5,exploratoria,False,2
RD_0511,511,peso_kg cercana a 107.75 con radio ±25.16 => enfermedad_cardiovascular = si,si,gaussiana,peso_kg,1,0.08906006473102461,0.04251813612645985,0.6378283051709254,1.2820669450671867,0.27926030879786146,1,1,1,500,55,0.5,exploratoria,False,2
RD_0512,512,peso_kg cercana a 86.72 con radio ±10.19 Y presion_diastolica cercana a 92.55 con radio ±9.29 Y sexo = mujer Y glucosa = normal => enfermedad_cardiovascular = si,si,triangular,"glucosa, peso_kg, presion_diastolica, sexo",4,0.08891730483189031,0.016484069740249494,0.7828673006841516,1.5736026144405058,0.5678951257396051,1,1,1,500,55,0.5,exploratoria,False,2
RD_0513,513,edad_anios cercana a 52.02 con radio ±2.31 Y presion_sistolica cercana a 149.19 con radio ±28.00 Y sexo = mujer Y alcohol = no => enfermedad_cardiovascular = si,si,triangular,"alcohol, edad_anios, presion_sistolica, sexo",4,0.08875201101521929,0.012441418065449017,0.7824783861438686,1.5728208766710925,0.5671211664554598,1,1,1,500,13,0.5,exploratoria,False,2
RD_0514,514,presion_diastolica cercana a 91.68 con radio ±10.43 Y sexo = mujer Y glucosa = normal Y alcohol = no => enfermedad_cardiovascular = si,si,triangular,"alcohol, glucosa, presion_diastolica, sexo",4,0.08874829781016219,0.07214466571060986,0.7824696462076626,1.5728033089601259,0.5671037735475872,1,1,1,100,55,0.5,exploratoria,False,2
RD_0515,515,peso_kg cercana a 109.84 con radio ±24.08 => enfermedad_cardiovascular = si,si,gaussiana,peso_kg,1,0.08874163219336571,0.03292250722745782,0.6374168275712921,1.2812398544146575,0.27844144790306896,2,1,1,500,55,0.5,exploratoria,False,2
RD_0516,516,altura_cm cercana a 158.45 con radio ±5.44 Y presion_sistolica cercana a 142.33 con radio ±15.92 Y colesterol = normal => enfermedad_cardiovascular = si,si,gaussiana,"altura_cm, colesterol, presion_sistolica",3,0.08870728586827689,0.015953547545306167,0.7388297966609484,1.4850850184139666,0.4802583018128327,1,1,1,500,55,0.5,exploratoria,False,2
RD_0517,517,altura_cm cercana a 158.07 con radio ±5.52 Y colesterol = muy_arriba_de_lo_normal Y fumador = no Y alcohol = no => enfermedad_cardiovascular = si,si,triangular,"alcohol, altura_cm, colesterol, fumador",4,0.08866146095009791,0.02067162695086791,0.7822652135948149,1.5723923891353064,0.5666969424772437,1,1,1,50,13,0.5,exploratoria,False,2
RD_0520,520,presion_sistolica cercana a 158.00 con radio ±28.00 Y glucosa = normal Y fumador = no Y actividad_fisica = no => enfermedad_cardiovascular = si,si,triangular,"actividad_fisica, fumador, glucosa, presion_sistolica",4,0.08848583482404491,0.015232142857142862,0.7818515123739688,1.5715608288923995,0.5658736564656096,1,1,1,500,13,0.5,exploratoria,False,2
RD_0521,521,altura_cm cercana a 173.44 con radio ±12.58 Y presion_sistolica cercana a 137.20 con radio ±8.20 Y actividad_fisica = si => enfermedad_cardiovascular = si,si,gaussiana,"actividad_fisica, altura_cm, presion_sistolica",3,0.08848181363935916,0.018092790788005842,0.7383672054933444,1.4841551869212954,0.47933772237481487,1,1,1,500,55,0.5,exploratoria,False,2
RD_0523,523,presion_diastolica cercana a 91.68 con radio ±10.43 Y sexo = mujer Y glucosa = normal Y alcohol = no => enfermedad_cardiovascular = si,si,gaussiana,"alcohol, glucosa, presion_diastolica, sexo",4,0.08838275992387915,0.07271103904692508,0.7816085617297955,1.5710724858890364,0.5653901725966081,1,1,1,100,55,0.5,exploratoria,False,2
RD_0525,525,presion_sistolica cercana a 155.69 con radio ±38.11 Y presion_diastolica cercana a 85.88 con radio ±12.27 Y fumador = si => enfermedad_cardiovascular = si,si,triangular,"fumador, presion_diastolica, presion_sistolica",3,0.08829957631557532,0.013806556817349913,0.737992997797931,1.4834030106491076,0.47859303044364393,1,1,1,500,13,0.5,exploratoria,False,2
RD_0526,526,altura_cm cercana a 161.48 con radio ±6.42 Y presion_sistolica cercana a 139.18 con radio ±13.42 Y sexo = mujer Y fumador = no => enfermedad_cardiovascular = si,si,gaussiana,"altura_cm, fumador, presion_sistolica, sexo",4,0.08816659334079295,0.024137599042186642,0.7810986904921832,1.5700476190797652,0.5643755034670312,1,1,1,500,55,0.5,exploratoria,False,2
RD_0528,528,peso_kg cercana a 96.15 con radio ±12.21 => enfermedad_cardiovascular = si,si,gaussiana,peso_kg,1,0.08803946477523714,0.04493197119152394,0.6365079458877836,1.279412956558359,0.27663272813489276,1,1,1,500,13,0.5,exploratoria,False,2
RD_0529,529,presion_sistolica cercana a 139.12 con radio ±13.43 Y presion_diastolica cercana a 86.77 con radio ±6.24 Y fumador = no Y alcohol = no => enfermedad_cardiovascular = si,si,gaussiana,"alcohol, fumador, presion_diastolica, presion_sistolica",4,0.08801735171787911,0.02244564819175217,0.7807463897350914,1.569339476854455,0.5636744074330177,1,1,1,500,13,0.5,exploratoria,False,2
RD_0531,531,presion_sistolica cercana a 137.54 con radio ±15.70 Y presion_diastolica cercana a 86.42 con radio ±7.09 Y sexo = mujer Y fumador = no => enfermedad_cardiovascular = si,si,triangular,"fumador, presion_diastolica, presion_sistolica, sexo",4,0.0875025299178269,0.042874566336733026,0.7795293034007073,1.5668930721622256,0.5612523450760344,1,1,1,500,55,0.5,exploratoria,False,2
RD_0532,532,edad_anios cercana a 61.92 con radio ±6.23 => enfermedad_cardiovascular = si,si,gaussiana,edad_anios,1,0.08722032952788043,0.12439623287329898,0.6354449620508649,1.277276305629879,0.2745173374146565,1,1,1,500,55,0.5,exploratoria,False,2
RD_0535,535,peso_kg cercana a 86.42 con radio ±9.08 Y presion_diastolica cercana a 86.92 con radio ±6.12 Y glucosa = normal => enfermedad_cardiovascular = si,si,triangular,"glucosa, peso_kg, presion_diastolica",3,0.08689346205612536,0.015743707204858078,0.7350959892224999,1.4775798778341707,0.472827839248756,1,1,1,500,55,0.5,exploratoria,False,2
RD_0537,537,peso_kg cercana a 113.07 con radio ±21.56 => enfermedad_cardiovascular = si,si,gaussiana,peso_kg,1,0.08679880004471804,0.02009146973384542,0.6348968069852988,1.2761744864026108,0.27342648156278376,2,1,2,"100, 500",55,0.5,exploratoria,False,2
RD_0540,540,peso_kg cercana a 87.77 con radio ±9.72 Y presion_sistolica cercana a 140.10 con radio ±13.09 Y presion_diastolica cercana a 86.47 con radio ±6.69 Y fumador = no => enfermedad_cardiovascular = si,si,triangular,"fumador, peso_kg, presion_diastolica, presion_sistolica",4,0.08652602382035593,0.01259950707329797,0.7772130520184398,1.5622372904893262,0.556642889588935,1,1,1,500,55,0.5,exploratoria,False,2
RD_0543,543,peso_kg cercana a 84.60 con radio ±9.83 Y presion_sistolica cercana a 135.21 con radio ±14.68 Y presion_diastolica cercana a 87.26 con radio ±7.95 => enfermedad_cardiovascular = si,si,triangular,"peso_kg, presion_diastolica, presion_sistolica",3,0.08628133679311163,0.021786525491239474,0.7338294259233784,1.4750340219565394,0.47030731527040487,1,1,1,500,55,0.5,exploratoria,False,2
RD_0544,544,peso_kg cercana a 86.80 con radio ±8.87 Y presion_sistolica cercana a 148.50 con radio ±14.13 Y sexo = mujer Y glucosa = normal => enfermedad_cardiovascular = si,si,triangular,"glucosa, peso_kg, presion_sistolica, sexo",4,0.0861987270979568,0.01081331305268421,0.7764344363192991,1.5606722338076364,0.5550934056105455,1,1,1,500,55,0.5,exploratoria,False,2
RD_0545,545,peso_kg cercana a 108.97 con radio ±16.21 => enfermedad_cardiovascular = si,si,triangular,peso_kg,1,0.08609892450930129,0.026897388733209963,0.6339849693782326,1.2743416469914222,0.27161187935966685,1,1,1,500,13,0.5,exploratoria,False,2
RD_0546,546,edad_anios cercana a 63.13 con radio ±3.12 Y actividad_fisica = si => enfermedad_cardiovascular = si,si,gaussiana,"actividad_fisica, edad_anios",2,0.08604480532674441,0.049056550040527745,0.6864589290042724,1.3798169427221556,0.37603766966024366,1,1,1,500,55,0.5,exploratoria,False,2
RD_0547,547,edad_anios cercana a 57.01 con radio ±2.88 Y presion_sistolica cercana a 157.31 con radio ±26.91 Y colesterol = normal Y alcohol = no => enfermedad_cardiovascular = si,si,triangular,"alcohol, colesterol, edad_anios, presion_sistolica",4,0.08568300106227694,0.016248097198776713,0.7752052238025289,1.558201454879455,0.5526472115473212,1,1,1,500,13,0.5,exploratoria,False,2
RD_0548,548,peso_kg cercana a 84.87 con radio ±10.23 Y presion_sistolica cercana a 152.35 con radio ±15.57 Y glucosa = normal => enfermedad_cardiovascular = si,si,gaussiana,"glucosa, peso_kg, presion_sistolica",3,0.08566274863621534,0.010473380816603282,0.7325461215830412,1.4724545157448066,0.46775347578714677,1,1,1,500,13,0.5,exploratoria,False,2
RD_0549,549,altura_cm cercana a 169.12 con radio ±10.04 Y colesterol = muy_arriba_de_lo_normal Y fumador = no => enfermedad_cardiovascular = si,si,triangular,"altura_cm, colesterol, fumador",3,0.08558019911079726,0.023413055941341288,0.7323746092918582,1.4721097674208203,0.46741215779474266,2,1,2,"100, 500",13,0.5,exploratoria,False,2
RD_0550,550,sexo = hombre Y colesterol = muy_arriba_de_lo_normal Y alcohol = no => enfermedad_cardiovascular = si,si,triangular,"alcohol, colesterol, sexo",3,0.08546870240633571,0.0205,0.7321428571428572,1.4716439339554919,0.4669509594882731,1,1,1,500,55,0.5,exploratoria,False,2
RD_0551,551,sexo = hombre Y colesterol = muy_arriba_de_lo_normal Y alcohol = no => enfermedad_cardiovascular = si,si,gaussiana,"alcohol, colesterol, sexo",3,0.08546870240633571,0.0205,0.7321428571428572,1.4716439339554919,0.4669509594882731,1,1,1,500,55,0.5,exploratoria,False,2
RD_0552,552,altura_cm cercana a 159.32 con radio ±5.93 Y sexo = mujer Y colesterol = muy_arriba_de_lo_normal Y alcohol = no => enfermedad_cardiovascular = si,si,triangular,"alcohol, altura_cm, colesterol, sexo",4,0.08546008461197001,0.021590157419449658,0.7746730220170768,1.557131702546888,0.5515881035165707,1,1,1,100,13,0.5,exploratoria,False,2
RD_0553,553,presion_diastolica cercana a 99.00 con radio ±14.00 Y sexo = mujer Y colesterol = normal Y alcohol = no => enfermedad_cardiovascular = si,si,triangular,"alcohol, colesterol, presion_diastolica, sexo",4,0.08545926013974456,0.03364285714285715,0.7746710526315791,1.5571277439830735,0.551584184341451,1,1,1,50,55,0.5,exploratoria,False,2
RD_0557,557,presion_sistolica cercana a 139.58 con radio ±24.24 Y actividad_fisica = no => enfermedad_cardiovascular = si,si,gaussiana,"actividad_fisica, presion_sistolica",2,0.0852063327055804,0.03730220451284108,0.6850126606227749,1.3769098705985425,0.3731595236274127,1,1,1,500,55,0.5,exploratoria,False,2
RD_0558,558,presion_sistolica cercana a 158.00 con radio ±28.00 Y presion_diastolica cercana a 82.66 con radio ±6.51 Y fumador = no Y alcohol = no => enfermedad_cardiovascular = si,si,triangular,"alcohol, fumador, presion_diastolica, presion_sistolica",4,0.08505510481594036,0.01753066251806498,0.7737047726709894,1.5551854727055063,0.5496612391462475,1,1,1,500,13,0.5,exploratoria,False,2
RD_0560,560,glucosa = muy_arriba_de_lo_normal => enfermedad_cardiovascular = si,si,triangular,glucosa,1,0.08498568992748552,0.0525,0.6325301204819277,1.2714173276018648,0.26871665767547803,4,2,2,"100, 500","13, 55",1.0,alta,True,0
RD_0561,561,glucosa = muy_arriba_de_lo_normal => enfermedad_cardiovascular = si,si,gaussiana,glucosa,1,0.08498568992748552,0.0525,0.6325301204819277,1.2714173276018648,0.26871665767547803,5,2,2,"100, 500","13, 55",1.0,alta,True,0
RD_0567,567,altura_cm cercana a 169.12 con radio ±10.04 Y colesterol = muy_arriba_de_lo_normal Y fumador = no => enfermedad_cardiovascular = si,si,gaussiana,"altura_cm, colesterol, fumador",3,0.0845028634893496,0.018841443826633174,0.7301306374518949,1.4675992712600903,0.4629465421928257,2,1,2,"100, 500",13,0.5,exploratoria,False,2
RD_0568,568,presion_sistolica cercana a 150.34 con radio ±18.60 Y presion_diastolica cercana a 83.69 con radio ±7.88 Y glucosa = normal Y fumador = no => enfermedad_cardiovascular = si,si,gaussiana,"fumador, glucosa, presion_diastolica, presion_sistolica",4,0.08443275180743143,0.013227314840307518,0.7722133238500778,1.5521875856282972,0.5466931817911996,1,1,1,500,13,0.5,exploratoria,False,2
RD_0569,569,edad_anios cercana a 63.13 con radio ±3.12 Y actividad_fisica = si => enfermedad_cardiovascular = si,si,triangular,"actividad_fisica, edad_anios",2,0.08440601349616085,0.05429035601074641,0.6836277159679057,1.3741260622470466,0.37040341486150397,1,1,1,500,55,0.5,exploratoria,False,2
RD_0571,571,peso_kg cercana a 88.21 con radio ±8.43 Y presion_sistolica cercana a 158.00 con radio ±26.24 Y sexo = mujer Y glucosa = normal => enfermedad_cardiovascular = si,si,triangular,"glucosa, peso_kg, presion_sistolica, sexo",4,0.08426094475642186,0.01066451567839893,0.7718008447565207,1.5513584819226547,0.545872327873673,1,1,1,500,13,0.5,exploratoria,False,2
RD_0572,572,edad_anios cercana a 51.20 con radio ±2.45 Y presion_sistolica cercana a 140.60 con radio ±15.72 Y glucosa = normal Y fumador = no => enfermedad_cardiovascular = si,si,triangular,"edad_anios, fumador, glucosa, presion_sistolica",4,0.0842351186083174,0.012118778519992792,0.771738812503095,1.5512337939760703,0.5457488806031741,1,1,1,500,55,0.5,exploratoria,False,2
RD_0574,574,peso_kg cercana a 96.15 con radio ±12.21 => enfermedad_cardiovascular = si,si,triangular,peso_kg,1,0.08416260786410254,0.055680889675157275,0.631450905934939,1.2692480521305307,0.26656896703470456,1,1,1,500,13,0.5,exploratoria,False,2
RD_0575,575,altura_cm cercana a 161.22 con radio ±5.57 Y presion_diastolica cercana a 93.35 con radio ±14.00 Y glucosa = normal Y actividad_fisica = si => enfermedad_cardiovascular = si,si,gaussiana,"actividad_fisica, altura_cm, glucosa, presion_diastolica",4,0.08409706489981529,0.023853063322886506,0.7714070941456606,1.5505670234083628,0.5450887445684788,1,1,1,100,55,0.5,exploratoria,False,2
RD_0576,576,edad_anios cercana a 63.14 con radio ±7.13 => enfermedad_cardiovascular = si,si,triangular,edad_anios,1,0.08392451743726048,0.12932895413996265,0.6311381568830902,1.2686194108202817,0.265946580861871,3,1,3,"50, 100, 500",13,0.5,exploratoria,False,2
RD_0577,577,peso_kg cercana a 95.32 con radio ±15.83 => enfermedad_cardiovascular = si,si,gaussiana,peso_kg,1,0.08379949180032449,0.0641084094125714,0.6309738241650121,1.2682890937990194,0.2656195505771386,1,1,1,500,13,0.5,exploratoria,False,2
RD_0578,578,presion_sistolica cercana a 137.24 con radio ±13.28 Y sexo = mujer Y glucosa = normal => enfermedad_cardiovascular = si,si,triangular,"glucosa, presion_sistolica, sexo",3,0.08368899556200428,0.06539055847916665,0.7284284793792907,1.4641778479985743,0.45955916294386207,1,1,1,500,55,0.5,exploratoria,False,2
RD_0583,583,altura_cm cercana a 160.45 con radio ±6.83 Y presion_diastolica cercana a 93.44 con radio ±14.00 Y sexo = mujer Y glucosa = normal => enfermedad_cardiovascular = si,si,gaussiana,"altura_cm, glucosa, presion_diastolica, sexo",4,0.08284701261834787,0.027412794113463954,0.7683938027183611,1.5445101562178112,0.5390921447131565,1,1,1,50,55,0.5,exploratoria,False,2
RD_0586,586,presion_sistolica cercana a 130.21 con radio ±25.97 Y presion_diastolica cercana a 87.42 con radio ±7.26 Y sexo = mujer Y glucosa = normal => enfermedad_cardiovascular = si,si,triangular,"glucosa, presion_diastolica, presion_sistolica, sexo",4,0.08223564867596861,0.04142880243405314,0.7669137094571281,1.5415350943861872,0.5361466854868222,1,1,1,500,13,0.5,exploratoria,False,2
RD_0587,587,altura_cm cercana a 173.44 con radio ±12.58 Y presion_sistolica cercana a 137.20 con radio ±8.20 Y actividad_fisica = si => enfermedad_cardiovascular = si,si,triangular,"actividad_fisica, altura_cm, presion_sistolica",3,0.08205005678779649,0.026837778625777728,0.7249822717366715,1.4572507974606463,0.4527010382819334,1,1,1,500,55,0.5,exploratoria,False,2
RD_0588,588,presion_sistolica cercana a 152.98 con radio ±28.00 Y presion_diastolica cercana a 87.10 con radio ±6.26 Y sexo = hombre Y alcohol = no => enfermedad_cardiovascular = si,si,triangular,"alcohol, presion_diastolica, presion_sistolica, sexo",4,0.08198434898670826,0.017897853138214074,0.7663040931430303,1.540309734960865,0.5349335186925976,1,1,1,500,13,0.5,exploratoria,False,2
RD_0590,590,peso_kg cercana a 84.67 con radio ±8.69 Y presion_sistolica cercana a 148.36 con radio ±14.94 Y sexo = mujer Y glucosa = normal => enfermedad_cardiovascular = si,si,triangular,"glucosa, peso_kg, presion_sistolica, sexo",4,0.08188990258601316,0.011862207408082604,0.7660747942515012,1.539848832666334,0.5344772024905496,1,1,1,500,13,0.5,exploratoria,False,2
RD_0591,591,altura_cm cercana a 161.06 con radio ±6.35 Y presion_sistolica cercana a 145.73 con radio ±21.51 Y colesterol = normal Y alcohol = no => enfermedad_cardiovascular = si,si,gaussiana,"alcohol, altura_cm, colesterol, presion_sistolica",4,0.08184118453465472,0.021701088091788574,0.7659564758327374,1.5396110066989697,0.5342417429507212,1,1,1,500,13,0.5,exploratoria,False,2
RD_0592,592,presion_sistolica cercana a 147.27 con radio ±14.24 Y sexo = hombre Y colesterol = normal Y fumador = no => enfermedad_cardiovascular = si,si,gaussiana,"colesterol, fumador, presion_sistolica, sexo",4,0.08177301274757949,0.01615628582829508,0.7657908659170892,1.5392781224464105,0.5339121709792821,1,1,1,500,55,0.5,exploratoria,False,2
RD_0595,595,altura_cm cercana a 158.00 con radio ±5.58 Y presion_diastolica cercana a 86.38 con radio ±7.52 => enfermedad_cardiovascular = si,si,gaussiana,"altura_cm, presion_diastolica",2,0.08125486661229196,0.019521829537710467,0.6781312687088599,1.3630779270529847,0.3594652113609152,1,1,1,500,55,0.5,exploratoria,False,2
RD_0596,596,altura_cm cercana a 158.45 con radio ±5.44 Y presion_sistolica cercana a 142.33 con radio ±15.92 Y colesterol = normal => enfermedad_cardiovascular = si,si,triangular,"altura_cm, colesterol, presion_sistolica",3,0.08118271961290309,0.022951505915713308,0.7231483862977773,1.4535645955734218,0.4490515150204525,1,1,1,500,55,0.5,exploratoria,False,2
RD_0598,598,presion_sistolica cercana a 126.33 con radio ±13.87 Y colesterol = muy_arriba_de_lo_normal Y fumador = no Y alcohol = no => enfermedad_cardiovascular = si,si,gaussiana,"alcohol, colesterol, fumador, presion_sistolica",4,0.08114219898441197,0.01957546520347164,0.7642559043777627,1.5361927726186184,0.5308575211497766,1,1,1,100,13,0.5,exploratoria,False,2
RD_0599,599,presion_sistolica cercana a 146.09 con radio ±14.84 Y presion_diastolica cercana a 83.77 con radio ±7.04 Y fumador = no Y alcohol = no => enfermedad_cardiovascular = si,si,triangular,"alcohol, fumador, presion_diastolica, presion_sistolica",4,0.08100402915926469,0.026290739250826624,0.7639190846340185,1.5355157480080774,0.5301872331025244,1,1,1,500,55,0.5,exploratoria,False,2
RD_0601,601,edad_anios cercana a 64.04 con radio ±1.11 Y actividad_fisica = si => enfermedad_cardiovascular = si,si,triangular,"actividad_fisica, edad_anios",2,0.08075838023607274,0.03304943113635458,0.6772588338714614,1.361324289188867,0.35772902262977385,1,1,1,100,13,0.5,exploratoria,False,2
RD_0602,602,edad_anios cercana a 64.04 con radio ±1.11 Y actividad_fisica = si => enfermedad_cardiovascular = si,si,gaussiana,"actividad_fisica, edad_anios",2,0.080541865316853,0.0335184298008124,0.6768778132347347,1.3605584185622808,0.35697077260643734,1,1,1,100,13,0.5,exploratoria,False,2
RD_0603,603,presion_sistolica cercana a 145.12 con radio ±22.03 Y colesterol = normal Y fumador = no Y alcohol = no => enfermedad_cardiovascular = si,si,gaussiana,"alcohol, colesterol, fumador, presion_sistolica",4,0.0805067524399455,0.07694821779338329,0.7627050350034165,1.5330754472430481,0.5277712139371472,1,1,1,500,13,0.5,exploratoria,False,2
RD_0604,604,presion_sistolica cercana a 158.00 con radio ±28.00 Y presion_diastolica cercana a 82.78 con radio ±6.70 Y sexo = mujer Y fumador = no => enfermedad_cardiovascular = si,si,triangular,"fumador, presion_diastolica, presion_sistolica, sexo",4,0.08041778552047128,0.012859875886735683,0.7624875289193734,1.5326382490841677,0.5273383660087034,1,1,1,500,13,0.5,exploratoria,False,2
RD_0605,605,fumador = si Y actividad_fisica = no => enfermedad_cardiovascular = si,si,triangular,"actividad_fisica, fumador",2,0.08031067270338041,0.0115,0.676470588235294,1.3597398758498374,0.35616037459760014,1,1,1,500,55,0.5,exploratoria,False,2
RD_0606,606,fumador = si Y actividad_fisica = no => enfermedad_cardiovascular = si,si,gaussiana,"actividad_fisica, fumador",2,0.08031067270338041,0.0115,0.676470588235294,1.3597398758498374,0.35616037459760014,1,1,1,500,55,0.5,exploratoria,False,2
RD_0607,607,presion_sistolica cercana a 145.29 con radio ±24.21 Y presion_diastolica cercana a 85.57 con radio ±7.82 Y sexo = mujer Y fumador = no => enfermedad_cardiovascular = si,si,triangular,"fumador, presion_diastolica, presion_sistolica, sexo",4,0.07985075338563284,0.05528449772857485,0.7610990805899845,1.5298473981708232,0.5245752847561882,1,1,1,500,13,0.5,exploratoria,False,2
RD_0609,609,presion_sistolica cercana a 154.04 con radio ±27.09 Y presion_diastolica cercana a 82.77 con radio ±6.15 Y colesterol = normal => enfermedad_cardiovascular = si,si,triangular,"colesterol, presion_diastolica, presion_sistolica",3,0.0796985766715772,0.016998207342371976,0.719993781507905,1.4472236814229247,0.4427736945430947,1,1,1,500,13,0.5,exploratoria,False,2
RD_0610,610,presion_sistolica cercana a 144.25 con radio ±19.26 Y sexo = mujer Y colesterol = normal Y glucosa = normal => enfermedad_cardiovascular = si,si,triangular,"colesterol, glucosa, presion_sistolica, sexo",4,0.0796274196488807,0.049871632520433265,0.7605511863681177,1.5287461032524978,0.5234849479962542,1,1,1,500,13,0.5,exploratoria,False,2
RD_0611,611,altura_cm cercana a 158.93 con radio ±5.38 Y presion_sistolica cercana a 132.82 con radio ±13.32 Y presion_diastolica cercana a 92.56 con radio ±11.97 Y sexo = mujer => enfermedad_cardiovascular = si,si,triangular,"altura_cm, presion_diastolica, presion_sistolica, sexo",4,0.07947055171692793,0.016703746508721237,0.7601659986633009,1.52797185660965,0.5227184053001014,1,1,1,50,55,0.5,exploratoria,False,2
RD_0615,615,presion_sistolica cercana a 143.69 con radio ±14.43 Y colesterol = normal Y fumador = no Y actividad_fisica = no => enfermedad_cardiovascular = si,si,gaussiana,"actividad_fisica, colesterol, fumador, presion_sistolica",4,0.07908920127229382,0.011258099130045803,0.7592283841619919,1.5260872043457123,0.5208525057950089,1,1,1,500,13,0.5,exploratoria,False,2
RD_0618,618,presion_sistolica cercana a 152.46 con radio ±28.00 Y colesterol = normal Y fumador = no Y actividad_fisica = no => enfermedad_cardiovascular = si,si,triangular,"actividad_fisica, colesterol, fumador, presion_sistolica",4,0.07812676703058213,0.016796945410334566,0.7568543836303103,1.5213153439805234,0.5161281266274833,1,1,1,500,13,0.5,exploratoria,False,2
RD_0620,620,presion_sistolica cercana a 139.46 con radio ±15.89 Y presion_diastolica cercana a 85.57 con radio ±7.82 Y sexo = mujer Y fumador = no => enfermedad_cardiovascular = si,si,gaussiana,"fumador, presion_diastolica, presion_sistolica, sexo",4,0.0780608494962194,0.023813411015906765,0.7566913813219506,1.5209877011496493,0.5158037439242799,1,1,1,500,13,0.5,exploratoria,False,2
RD_0622,622,altura_cm cercana a 159.32 con radio ±5.93 Y sexo = mujer Y colesterol = muy_arriba_de_lo_normal Y alcohol = no => enfermedad_cardiovascular = si,si,gaussiana,"alcohol, altura_cm, colesterol, sexo",4,0.07799661614444055,0.018172442087670774,0.7565324933600083,1.5206683283618256,0.5154875489751409,1,1,1,100,13,0.5,exploratoria,False,2
RD_0623,623,edad_anios cercana a 61.92 con radio ±6.23 => enfermedad_cardiovascular = si,si,triangular,edad_anios,1,0.07797131773042017,0.1418731406885632,0.6232332931107505,1.2527302374085436,0.25021550867811043,1,1,1,500,55,0.5,exploratoria,False,2
RD_0626,626,presion_sistolica cercana a 147.27 con radio ±14.24 Y sexo = hombre Y colesterol = normal Y fumador = no => enfermedad_cardiovascular = si,si,triangular,"colesterol, fumador, presion_sistolica, sexo",4,0.07785109895543975,0.020361702812026615,0.7561723572385655,1.519944436660433,0.5147708601762497,1,1,1,500,55,0.5,exploratoria,False,2
RD_0627,627,edad_anios cercana a 52.35 con radio ±2.85 Y presion_sistolica cercana a 158.00 con radio ±28.00 Y colesterol = normal Y alcohol = no => enfermedad_cardiovascular = si,si,triangular,"alcohol, colesterol, edad_anios, presion_sistolica",4,0.07743276873736611,0.010228965674960087,0.7551356178374662,1.5178605383667663,0.5127076971889875,1,1,1,500,13,0.5,exploratoria,False,2
RD_0628,628,peso_kg cercana a 84.14 con radio ±8.09 Y presion_sistolica cercana a 134.03 con radio ±15.10 Y presion_diastolica cercana a 99.00 con radio ±14.00 Y fumador = no => enfermedad_cardiovascular = si,si,triangular,"fumador, peso_kg, presion_diastolica, presion_sistolica",4,0.0771665707245025,0.011473365976798195,0.7544747981316642,1.5165322575510838,0.5113926330978392,1,1,1,100,55,0.5,exploratoria,False,2
RD_0629,629,presion_sistolica cercana a 158.00 con radio ±28.00 Y presion_diastolica cercana a 82.59 con radio ±6.79 Y glucosa = normal Y fumador = no => enfermedad_cardiovascular = si,si,triangular,"fumador, glucosa, presion_diastolica, presion_sistolica",4,0.07693813753510756,0.014588856047506319,0.7539070380158607,1.5153910311876597,0.5102627622206183,1,1,1,500,13,0.5,exploratoria,False,2
RD_0630,630,altura_cm cercana a 161.48 con radio ±6.42 Y presion_sistolica cercana a 139.18 con radio ±13.42 Y sexo = mujer Y fumador = no => enfermedad_cardiovascular = si,si,triangular,"altura_cm, fumador, presion_sistolica, sexo",4,0.0767935793701257,0.03680185217245129,0.7535474154722276,1.5146681718034725,0.5095470954671196,1,1,1,500,55,0.5,exploratoria,False,2
RD_0631,631,sexo = mujer Y colesterol = muy_arriba_de_lo_normal Y fumador = no Y alcohol = no => enfermedad_cardiovascular = si,si,triangular,"alcohol, colesterol, fumador, sexo",4,0.07667280061154845,0.058,0.7532467532467533,1.5140638256216146,0.508948762680106,1,1,1,500,55,0.5,exploratoria,False,2
RD_0632,632,sexo = mujer Y colesterol = muy_arriba_de_lo_normal Y fumador = no Y alcohol = no => enfermedad_cardiovascular = si,si,gaussiana,"alcohol, colesterol, fumador, sexo",4,0.07667280061154845,0.058,0.7532467532467533,1.5140638256216146,0.508948762680106,1,1,1,500,55,0.5,exploratoria,False,2
RD_0635,635,sexo = mujer Y glucosa = muy_arriba_de_lo_normal => enfermedad_cardiovascular = si,si,triangular,"glucosa, sexo",2,0.07627094856179764,0.0425,0.6692913385826772,1.3453092232817632,0.341873310612293,1,1,1,500,55,0.5,exploratoria,False,2
RD_0636,636,sexo = mujer Y glucosa = muy_arriba_de_lo_normal => enfermedad_cardiovascular = si,si,gaussiana,"glucosa, sexo",2,0.07627094856179764,0.0425,0.6692913385826772,1.3453092232817632,0.341873310612293,1,1,1,500,55,0.5,exploratoria,False,2
RD_0637,637,presion_diastolica cercana a 87.67 con radio ±12.21 Y sexo = mujer Y glucosa = muy_arriba_de_lo_normal Y alcohol = no => enfermedad_cardiovascular = si,si,gaussiana,"alcohol, glucosa, presion_diastolica, sexo",4,0.07624560547737884,0.012815211178293626,0.7521818685402368,1.5119233538497223,0.5068295891347997,1,1,1,100,55,0.5,exploratoria,False,2
RD_0638,638,peso_kg cercana a 83.90 con radio ±9.22 Y presion_diastolica cercana a 87.04 con radio ±6.35 Y sexo = mujer Y glucosa = normal => enfermedad_cardiovascular = si,si,triangular,"glucosa, peso_kg, presion_diastolica, sexo",4,0.07619357685220278,0.01191900090952536,0.752052020998485,1.511662353765799,0.5065711860666369,1,1,1,500,13,0.5,exploratoria,False,2
RD_0639,639,peso_kg cercana a 89.98 con radio ±10.08 Y presion_diastolica cercana a 86.91 con radio ±7.12 Y sexo = mujer Y alcohol = no => enfermedad_cardiovascular = si,si,triangular,"alcohol, peso_kg, presion_diastolica, sexo",4,0.07594490648161059,0.013790715678451743,0.751430952528586,1.5104139749318313,0.5053352289126091,1,1,1,500,13,0.5,exploratoria,False,2
RD_0642,642,peso_kg cercana a 95.32 con radio ±15.83 => enfermedad_cardiovascular = si,si,triangular,peso_kg,1,0.07558615086070719,0.07861377178526163,0.6200189646536736,1.246269275685776,0.24381883513168873,1,1,1,500,13,0.5,exploratoria,False,2
RD_0645,645,peso_kg cercana a 89.10 con radio ±17.65 Y presion_sistolica cercana a 139.98 con radio ±12.95 Y glucosa = normal Y fumador = no => enfermedad_cardiovascular = si,si,gaussiana,"fumador, glucosa, peso_kg, presion_sistolica",4,0.0753277029048672,0.02240997691398458,0.7498861252678546,1.5073087945082504,0.5022609458066758,1,1,1,500,55,0.5,exploratoria,False,2
RD_0647,647,altura_cm cercana a 171.17 con radio ±11.39 Y presion_sistolica cercana a 144.73 con radio ±30.32 Y sexo = hombre => enfermedad_cardiovascular = si,si,gaussiana,"altura_cm, presion_sistolica, sexo",3,0.07516881542925136,0.0460408572833113,0.7102322656536166,1.42760254402737,0.4233477923455058,1,1,1,500,55,0.5,exploratoria,False,2
RD_0649,649,colesterol = muy_arriba_de_lo_normal Y actividad_fisica = no => enfermedad_cardiovascular = si,si,triangular,"actividad_fisica, colesterol",2,0.07481112953749769,0.013,0.6666666666666666,1.3400335008375208,0.3366500829187396,1,1,1,500,13,0.5,exploratoria,False,2
RD_0650,650,colesterol = muy_arriba_de_lo_normal Y actividad_fisica = no => enfermedad_cardiovascular = si,si,gaussiana,"actividad_fisica, colesterol",2,0.07481112953749769,0.013,0.6666666666666666,1.3400335008375208,0.3366500829187396,1,1,1,500,13,0.5,exploratoria,False,2
RD_0651,651,peso_kg cercana a 86.89 con radio ±9.44 Y presion_sistolica cercana a 139.55 con radio ±14.48 Y glucosa = normal Y alcohol = no => enfermedad_cardiovascular = si,si,gaussiana,"alcohol, glucosa, peso_kg, presion_sistolica",4,0.07441952107851696,0.01569752253013132,0.7476042965734322,1.5027222041677029,0.49771999318095966,1,1,1,500,55,0.5,exploratoria,False,2
RD_0652,652,peso_kg cercana a 108.97 con radio ±16.21 => enfermedad_cardiovascular = si,si,gaussiana,peso_kg,1,0.07424076034444402,0.020959041806594646,0.6181935364790758,1.2426000733247755,0.2401861422469171,1,1,1,500,13,0.5,exploratoria,False,2
RD_0654,654,presion_diastolica cercana a 67.87 con radio ±16.44 Y colesterol = muy_arriba_de_lo_normal => enfermedad_cardiovascular = si,si,triangular,"colesterol, presion_diastolica",2,0.07400556948874513,0.016707291129281255,0.6652112328948317,1.3371080058187572,0.3337536973031478,1,1,1,500,13,0.5,exploratoria,False,2
RD_0659,659,peso_kg cercana a 88.07 con radio ±8.05 Y presion_sistolica cercana a 144.92 con radio ±15.31 Y colesterol = normal Y glucosa = normal => enfermedad_cardiovascular = si,si,triangular,"colesterol, glucosa, peso_kg, presion_sistolica",4,0.07356415141799867,0.010130088269562425,0.7454455737045798,1.4983830627227734,0.4934240272727956,1,1,1,500,55,0.5,exploratoria,False,2
RD_0661,661,altura_cm cercana a 162.08 con radio ±5.54 Y presion_sistolica cercana a 138.21 con radio ±13.38 Y fumador = no Y alcohol = no => enfermedad_cardiovascular = si,si,gaussiana,"alcohol, altura_cm, fumador, presion_sistolica",4,0.07346221804137877,0.024122868329038236,0.7451876953142903,1.4978647141995785,0.4929108364463489,1,1,1,500,13,0.5,exploratoria,False,2
RD_0662,662,presion_sistolica cercana a 126.33 con radio ±13.87 Y colesterol = muy_arriba_de_lo_normal Y fumador = no Y alcohol = no => enfermedad_cardiovascular = si,si,triangular,"alcohol, colesterol, fumador, presion_sistolica",4,0.07301708993028125,0.022493946484966835,0.7440600048957537,1.4955979997904598,0.49066667640946027,1,1,1,100,13,0.5,exploratoria,False,2
RD_0663,663,presion_sistolica cercana a 158.00 con radio ±28.00 Y presion_diastolica cercana a 86.29 con radio ±11.61 Y alcohol = no Y actividad_fisica = no => enfermedad_cardiovascular = si,si,triangular,"actividad_fisica, alcohol, presion_diastolica, presion_sistolica",4,0.07289823323738455,0.011187874688082588,0.7437584580175662,1.4949918754121934,0.4900665831195349,1,1,1,500,13,0.5,exploratoria,False,2
RD_0664,664,presion_sistolica cercana a 134.35 con radio ±12.15 Y glucosa = normal => enfermedad_cardiovascular = si,si,triangular,"glucosa, presion_sistolica",2,0.0728875242206706,0.08700472888224998,0.6631827511945224,1.3330306556673817,0.32971691780004464,1,1,1,500,55,0.5,exploratoria,False,2
RD_0666,666,presion_sistolica cercana a 146.09 con radio ±14.84 Y presion_diastolica cercana a 83.77 con radio ±7.04 Y fumador = no Y alcohol = no => enfermedad_cardiovascular = si,si,gaussiana,"alcohol, fumador, presion_diastolica, presion_sistolica",4,0.07257125054549307,0.012113412332241332,0.7429279330317687,1.4933224784558166,0.4884137970781468,1,1,1,500,55,0.5,exploratoria,False,2
RD_0667,667,presion_diastolica cercana a 94.25 con radio ±10.19 Y sexo = mujer Y colesterol = normal Y alcohol = no => enfermedad_cardiovascular = si,si,triangular,"alcohol, colesterol, presion_diastolica, sexo",4,0.07254638760836556,0.037629589534578047,0.7428647249030517,1.4931954269408074,0.4882880097573168,1,1,1,50,55,0.5,exploratoria,False,2
RD_0669,669,peso_kg cercana a 85.18 con radio ±9.08 Y presion_diastolica cercana a 97.97 con radio ±14.00 Y colesterol = normal Y alcohol = no => enfermedad_cardiovascular = si,si,gaussiana,"alcohol, colesterol, peso_kg, presion_diastolica",4,0.07227395253251076,0.010055623768127474,0.7421715927965995,1.4918021965760795,0.4869086423812926,1,1,1,100,55,0.5,exploratoria,False,2
RD_0670,670,peso_kg cercana a 97.55 con radio ±12.41 Y alcohol = no => enfermedad_cardiovascular = si,si,gaussiana,"alcohol, peso_kg",2,0.07219448286905993,0.03910086057358944,0.6619203588413717,1.3304931836007472,0.32720469421168497,1,1,1,500,55,0.5,exploratoria,False,2
RD_0672,672,altura_cm cercana a 177.02 con radio ±17.35 Y glucosa = arriba_de_lo_normal Y alcohol = no => enfermedad_cardiovascular = si,si,gaussiana,"alcohol, altura_cm, glucosa",3,0.07181387328993638,0.01042871092745499,0.7028672181417174,1.4127984284255626,0.408690981376552,3,1,3,"50, 100, 500",55,0.5,exploratoria,False,2
RD_0674,674,presion_diastolica cercana a 94.25 con radio ±10.19 Y sexo = mujer Y colesterol = normal Y alcohol = no => enfermedad_cardiovascular = si,si,gaussiana,"alcohol, colesterol, presion_diastolica, sexo",4,0.0717506228926853,0.028135341990298848,0.7408373931710421,1.4891203882835018,0.4842535187483426,1,1,1,50,55,0.5,exploratoria,False,2
RD_0675,675,presion_sistolica cercana a 144.12 con radio ±20.91 Y presion_diastolica cercana a 87.10 con radio ±6.26 Y sexo = hombre Y alcohol = no => enfermedad_cardiovascular = si,si,gaussiana,"alcohol, presion_diastolica, presion_sistolica, sexo",4,0.07170229787785334,0.010968699542164763,0.7407140087629445,1.4888723794230039,0.4840079776377005,1,1,1,500,13,0.5,exploratoria,False,2
RD_0678,678,peso_kg cercana a 104.97 con radio ±7.86 Y fumador = no => enfermedad_cardiovascular = si,si,triangular,"fumador, peso_kg",2,0.07141637232590697,0.017760999548365197,0.6604983986384219,1.3276349721375313,0.32437492266352613,1,1,1,500,13,0.5,exploratoria,False,2
RD_0680,680,peso_kg cercana a 84.67 con radio ±8.69 Y presion_sistolica cercana a 139.30 con radio ±13.59 Y sexo = mujer Y glucosa = normal => enfermedad_cardiovascular = si,si,gaussiana,"glucosa, peso_kg, presion_sistolica, sexo",4,0.07123158508587063,0.010260254837133644,0.7395105526407455,1.486453372142202,0.48161304008108563,1,1,1,500,13,0.5,exploratoria,False,2
RD_0682,682,sexo = hombre Y glucosa = arriba_de_lo_normal => enfermedad_cardiovascular = si,si,triangular,"glucosa, sexo",2,0.07114427860696519,0.0165,0.66,1.3266331658291457,0.3233830845771145,1,1,1,500,13,0.5,exploratoria,False,2
RD_0683,683,sexo = hombre Y glucosa = arriba_de_lo_normal => enfermedad_cardiovascular = si,si,gaussiana,"glucosa, sexo",2,0.07114427860696519,0.0165,0.66,1.3266331658291457,0.3233830845771145,1,1,1,500,13,0.5,exploratoria,False,2
RD_0684,684,edad_anios cercana a 52.48 con radio ±2.87 Y presion_sistolica cercana a 152.60 con radio ±33.50 Y sexo = mujer Y alcohol = no => enfermedad_cardiovascular = si,si,triangular,"alcohol, edad_anios, presion_sistolica, sexo",4,0.07112861174110523,0.01835429052862473,0.7392468904076017,1.4859233978042246,0.48108833911960547,1,1,1,500,13,0.5,exploratoria,False,2
RD_0686,686,peso_kg cercana a 97.55 con radio ±12.41 Y alcohol = no => enfermedad_cardiovascular = si,si,triangular,"alcohol, peso_kg",2,0.07082338850076404,0.048577910783372445,0.6594114428758826,1.3254501364339348,0.32221182661867187,1,1,1,500,55,0.5,exploratoria,False,2
RD_0691,691,altura_cm cercana a 174.82 con radio ±13.70 Y colesterol = arriba_de_lo_normal => enfermedad_cardiovascular = si,si,triangular,"altura_cm, colesterol",2,0.07016593569549533,0.026053607159952454,0.6582029405938602,1.323020986118312,0.31980684695295564,3,1,3,"50, 100, 500",13,0.5,exploratoria,False,2
RD_0692,692,peso_kg cercana a 87.68 con radio ±16.74 Y presion_sistolica cercana a 145.28 con radio ±30.71 Y sexo = mujer Y fumador = no => enfermedad_cardiovascular = si,si,gaussiana,"fumador, peso_kg, presion_sistolica, sexo",4,0.07004581195383733,0.03719816330108986,0.7364657625441444,1.4803331910435065,0.4755537563067551,1,1,1,500,55,0.5,exploratoria,False,2
RD_0695,695,altura_cm cercana a 160.05 con radio ±5.50 Y presion_sistolica cercana a 142.17 con radio ±15.84 Y colesterol = normal Y glucosa = normal => enfermedad_cardiovascular = si,si,gaussiana,"altura_cm, colesterol, glucosa, presion_sistolica",4,0.07000356282102642,0.014159230034991555,0.7363569257996946,1.480114423717979,0.47533716577053653,1,1,1,500,55,0.5,exploratoria,False,2
RD_0696,696,presion_sistolica cercana a 144.74 con radio ±15.57 Y presion_diastolica cercana a 84.25 con radio ±6.72 Y glucosa = normal Y fumador = no => enfermedad_cardiovascular = si,si,triangular,"fumador, glucosa, presion_diastolica, presion_sistolica",4,0.06990339846202985,0.02374108467695804,0.736098798229615,1.4795955743308844,0.4748234790639105,1,1,1,500,55,0.5,exploratoria,False,2
RD_0699,699,peso_kg cercana a 89.10 con radio ±17.65 Y presion_sistolica cercana a 139.98 con radio ±12.95 Y glucosa = normal Y fumador = no => enfermedad_cardiovascular = si,si,triangular,"fumador, glucosa, peso_kg, presion_sistolica",4,0.069549270597881,0.033782351651501515,0.7351850983195765,1.4777589915971385,0.47300517078522686,1,1,1,500,55,0.5,exploratoria,False,2
RD_0701,701,presion_sistolica cercana a 137.93 con radio ±25.85 => enfermedad_cardiovascular = si,si,triangular,presion_sistolica,1,0.06935960286320843,0.23869358424845324,0.6114936606992939,1.229132986330239,0.22685305611799783,2,1,2,"100, 500",55,0.5,exploratoria,False,2
RD_0706,706,presion_sistolica cercana a 146.32 con radio ±28.00 Y alcohol = no Y actividad_fisica = no => enfermedad_cardiovascular = si,si,triangular,"actividad_fisica, alcohol, presion_sistolica",3,0.06889861228746838,0.03589189439812422,0.6963690045092047,1.3997366924808134,0.39575921295364125,1,1,1,500,13,0.5,exploratoria,False,2
RD_0707,707,altura_cm cercana a 160.45 con radio ±6.83 Y presion_diastolica cercana a 93.44 con radio ±14.00 Y sexo = mujer Y glucosa = normal => enfermedad_cardiovascular = si,si,triangular,"altura_cm, glucosa, presion_diastolica, sexo",4,0.06880354375993443,0.03700663955151133,0.7332553830421652,1.473880166918925,0.46916494137744325,1,1,1,50,55,0.5,exploratoria,False,2
RD_0708,708,edad_anios cercana a 54.65 con radio ±5.97 Y colesterol = arriba_de_lo_normal Y actividad_fisica = si => enfermedad_cardiovascular = si,si,gaussiana,"actividad_fisica, colesterol, edad_anios",3,0.0687909154033162,0.022135305084014904,0.6961271367209835,1.3992505260723287,0.3952778840218577,1,1,1,500,55,0.5,exploratoria,False,2
RD_0709,709,altura_cm cercana a 158.93 con radio ±5.38 Y presion_sistolica cercana a 132.82 con radio ±13.32 Y presion_diastolica cercana a 92.56 con radio ±11.97 Y sexo = mujer => enfermedad_cardiovascular = si,si,gaussiana,"altura_cm, presion_diastolica, presion_sistolica, sexo",4,0.0685944923978205,0.010688662492101134,0.7327130405821544,1.4727900313209132,0.46808565289980975,1,1,1,50,55,0.5,exploratoria,False,2
RD_0712,712,presion_diastolica cercana a 86.66 con radio ±6.90 Y sexo = mujer Y glucosa = normal Y fumador = no => enfermedad_cardiovascular = si,si,gaussiana,"fumador, glucosa, presion_diastolica, sexo",4,0.06841288577313878,0.03128691302010399,0.732241404272104,1.471842018637395,0.46714707317831655,1,1,1,500,55,0.5,exploratoria,False,2
RD_0713,713,peso_kg cercana a 86.89 con radio ±9.44 Y presion_sistolica cercana a 139.55 con radio ±14.48 Y glucosa = normal Y alcohol = no => enfermedad_cardiovascular = si,si,triangular,"alcohol, glucosa, peso_kg, presion_sistolica",4,0.068312790769032,0.02319554348820964,0.731981258619714,1.471319112803445,0.4666293703874905,1,1,1,500,55,0.5,exploratoria,False,2
RD_0714,714,altura_cm cercana a 160.24 con radio ±5.80 Y presion_sistolica cercana a 144.81 con radio ±23.24 Y sexo = mujer Y colesterol = normal => enfermedad_cardiovascular = si,si,triangular,"altura_cm, colesterol, presion_sistolica, sexo",4,0.06806820490184234,0.026975469273196637,0.7313449930489114,1.4700401870329878,0.46536317024658996,1,1,1,500,13,0.5,exploratoria,False,2
RD_0715,715,altura_cm cercana a 161.22 con radio ±5.57 Y presion_diastolica cercana a 93.35 con radio ±14.00 Y glucosa = normal Y actividad_fisica = si => enfermedad_cardiovascular = si,si,triangular,"actividad_fisica, altura_cm, glucosa, presion_diastolica",4,0.06788361655399626,0.03309336252913958,0.7308642490031959,1.4690738673431074,0.46440646567800187,1,1,1,100,55,0.5,exploratoria,False,2
RD_0716,716,edad_anios cercana a 52.49 con radio ±2.87 Y presion_diastolica cercana a 94.43 con radio ±13.78 Y sexo = mujer Y alcohol = no => enfermedad_cardiovascular = si,si,triangular,"alcohol, edad_anios, presion_diastolica, sexo",4,0.06765511970946655,0.014021976591055231,0.7302684843492872,1.4678763504508285,0.4632208643766909,1,1,1,50,55,0.5,exploratoria,False,2
RD_0717,717,altura_cm cercana a 158.26 con radio ±5.25 Y presion_diastolica cercana a 86.80 con radio ±6.98 Y glucosa = normal Y fumador = no => enfermedad_cardiovascular = si,si,gaussiana,"altura_cm, fumador, glucosa, presion_diastolica",4,0.06759257807452214,0.013928194069770474,0.7301052896896811,1.4675483209842837,0.46289609888493766,1,1,1,500,13,0.5,exploratoria,False,2
RD_0719,719,presion_sistolica cercana a 134.35 con radio ±12.15 Y glucosa = normal => enfermedad_cardiovascular = si,si,gaussiana,"glucosa, presion_sistolica",2,0.06751061134730485,0.0679504875681152,0.6532853001977232,1.3131362818044687,0.31002049790591696,1,1,1,500,55,0.5,exploratoria,False,2
RD_0721,721,glucosa = muy_arriba_de_lo_normal Y actividad_fisica = si => enfermedad_cardiovascular = si,si,triangular,"actividad_fisica, glucosa",2,0.0670800550172365,0.046,0.6524822695035462,1.3115221497558718,0.3084224268727287,1,1,1,500,55,0.5,exploratoria,False,2
RD_0722,722,glucosa = muy_arriba_de_lo_normal Y actividad_fisica = si => enfermedad_cardiovascular = si,si,gaussiana,"actividad_fisica, glucosa",2,0.0670800550172365,0.046,0.6524822695035462,1.3115221497558718,0.3084224268727287,1,1,1,500,55,0.5,exploratoria,False,2
RD_0725,725,altura_cm cercana a 159.54 con radio ±5.91 Y presion_diastolica cercana a 93.86 con radio ±10.67 Y sexo = mujer Y colesterol = normal => enfermedad_cardiovascular = si,si,gaussiana,"altura_cm, colesterol, presion_diastolica, sexo",4,0.06685344440754536,0.01293344888512606,0.7281724041218325,1.4636631238629798,0.4590495604414577,1,1,1,100,13,0.5,exploratoria,False,2
RD_0727,727,peso_kg cercana a 104.97 con radio ±7.86 Y fumador = no => enfermedad_cardiovascular = si,si,gaussiana,"fumador, peso_kg",2,0.06672598680520865,0.014571269658818983,0.6518206980280904,1.3101923578454078,0.307105866722568,1,1,1,500,13,0.5,exploratoria,False,2
RD_0731,731,altura_cm cercana a 159.54 con radio ±5.91 Y presion_diastolica cercana a 93.86 con radio ±10.67 Y sexo = mujer Y colesterol = normal => enfermedad_cardiovascular = si,si,triangular,"altura_cm, colesterol, presion_diastolica, sexo",4,0.06655556865604895,0.018608190381135627,0.7273912317679317,1.4620929281767472,0.45749498859289905,1,1,1,100,13,0.5,exploratoria,False,2
RD_0734,734,edad_anios cercana a 52.07 con radio ±4.47 Y presion_sistolica cercana a 139.11 con radio ±17.34 Y glucosa = normal Y fumador = no => enfermedad_cardiovascular = si,si,gaussiana,"edad_anios, fumador, glucosa, presion_sistolica",4,0.06608699212564902,0.017974084287029235,0.7261598136985593,1.4596177159770036,0.45504440537026736,1,1,1,500,13,0.5,exploratoria,False,2
RD_0735,735,colesterol = arriba_de_lo_normal Y actividad_fisica = si => enfermedad_cardiovascular = si,si,triangular,"actividad_fisica, colesterol",2,0.06599023832984809,0.0735,0.6504424778761061,1.3074220660826252,0.3043631400519525,5,2,3,"50, 100, 500","13, 55",1.0,alta,True,0
RD_0736,736,colesterol = arriba_de_lo_normal Y actividad_fisica = si => enfermedad_cardiovascular = si,si,gaussiana,"actividad_fisica, colesterol",2,0.06599023832984809,0.0735,0.6504424778761061,1.3074220660826252,0.3043631400519525,5,2,3,"50, 100, 500","13, 55",1.0,alta,True,0
RD_0737,737,colesterol = muy_arriba_de_lo_normal Y glucosa = muy_arriba_de_lo_normal Y fumador = no Y actividad_fisica = si => enfermedad_cardiovascular = si,si,triangular,"actividad_fisica, colesterol, fumador, glucosa",4,0.06564676616915423,0.029,0.725,1.457286432160804,0.4527363184079602,3,1,3,"50, 100, 500",13,0.5,exploratoria,False,2
RD_0738,738,colesterol = muy_arriba_de_lo_normal Y glucosa = muy_arriba_de_lo_normal Y fumador = no Y actividad_fisica = si => enfermedad_cardiovascular = si,si,gaussiana,"actividad_fisica, colesterol, fumador, glucosa",4,0.06564676616915423,0.029,0.725,1.457286432160804,0.4527363184079602,3,1,3,"50, 100, 500",13,0.5,exploratoria,False,2
RD_0741,741,altura_cm cercana a 158.63 con radio ±6.25 Y presion_diastolica cercana a 91.25 con radio ±14.00 Y sexo = mujer Y fumador = no => enfermedad_cardiovascular = si,si,gaussiana,"altura_cm, fumador, presion_diastolica, sexo",4,0.06545749894703477,0.036447571930728416,0.7245004898625169,1.456282391683451,0.4517422683831183,1,1,1,100,55,0.5,exploratoria,False,2
RD_0747,747,altura_cm cercana a 174.82 con radio ±13.70 Y colesterol = arriba_de_lo_normal => enfermedad_cardiovascular = si,si,gaussiana,"altura_cm, colesterol",2,0.06464038408408497,0.020236889901222882,0.6479015270004088,1.3023146271365,0.29930652139384845,3,1,3,"50, 100, 500",13,0.5,exploratoria,False,2
RD_0750,750,presion_diastolica cercana a 91.61 con radio ±20.55 => enfermedad_cardiovascular = si,si,triangular,presion_diastolica,1,0.06450084420492938,0.26910420121681566,0.6046993094893626,1.215475998973593,0.21333195918281112,1,1,1,500,55,0.5,exploratoria,False,2
RD_0754,754,presion_sistolica cercana a 140.58 con radio ±33.76 => enfermedad_cardiovascular = si,si,triangular,presion_sistolica,1,0.0642007139996915,0.2847390678844969,0.6042753578434173,1.2146238348611405,0.21248827431525844,1,1,1,500,55,0.5,exploratoria,False,2
RD_0757,757,presion_sistolica cercana a 136.72 con radio ±13.51 Y sexo = mujer Y colesterol = normal Y alcohol = no => enfermedad_cardiovascular = si,si,gaussiana,"alcohol, colesterol, presion_sistolica, sexo",4,0.06392820326165645,0.039772073185394274,0.7204450001801077,1.4481306536283571,0.44367164214946814,1,1,1,500,13,0.5,exploratoria,False,2
RD_0759,759,peso_kg cercana a 103.46 con radio ±5.35 Y fumador = no Y alcohol = no => enfermedad_cardiovascular = si,si,triangular,"alcohol, fumador, peso_kg",3,0.06376028431873101,0.013699747062440315,0.6846797351416273,1.376240673651512,0.37249698535647224,1,1,1,500,55,0.5,exploratoria,False,2
RD_0761,761,altura_cm cercana a 160.05 con radio ±5.50 Y presion_sistolica cercana a 142.17 con radio ±15.84 Y colesterol = normal Y glucosa = normal => enfermedad_cardiovascular = si,si,triangular,"altura_cm, colesterol, glucosa, presion_sistolica",4,0.06340382941088604,0.022037201761465376,0.7190463787813501,1.445319354334372,0.4408883159827864,1,1,1,500,55,0.5,exploratoria,False,2
RD_0762,762,colesterol = arriba_de_lo_normal Y fumador = no => enfermedad_cardiovascular = si,si,triangular,"colesterol, fumador",2,0.06325829025042108,0.0855,0.6452830188679245,1.2970512942068835,0.2940955599361682,1,1,1,500,13,0.5,exploratoria,False,2
RD_0763,763,colesterol = arriba_de_lo_normal Y fumador = no => enfermedad_cardiovascular = si,si,gaussiana,"colesterol, fumador",2,0.06325829025042108,0.0855,0.6452830188679245,1.2970512942068835,0.2940955599361682,2,2,1,500,"13, 55",1.0,alta,True,0
RD_0765,765,presion_diastolica cercana a 86.66 con radio ±6.90 Y sexo = mujer Y glucosa = normal Y fumador = no => enfermedad_cardiovascular = si,si,triangular,"fumador, glucosa, presion_diastolica, sexo",4,0.06317319353557736,0.04685262858147896,0.7184299029745025,1.4440802069839247,0.4396614984567214,1,1,1,500,55,0.5,exploratoria,False,2
RD_0771,771,altura_cm cercana a 158.26 con radio ±5.25 Y presion_diastolica cercana a 86.80 con radio ±6.98 Y glucosa = normal Y fumador = no => enfermedad_cardiovascular = si,si,triangular,"altura_cm, fumador, glucosa, presion_diastolica",4,0.06244948641178391,0.021257770387258054,0.7164902025800295,1.4401813117186522,0.435801398169213,1,1,1,500,13,0.5,exploratoria,False,2
RD_0772,772,edad_anios cercana a 54.65 con radio ±5.97 Y colesterol = arriba_de_lo_normal Y actividad_fisica = si => enfermedad_cardiovascular = si,si,triangular,"actividad_fisica, colesterol, edad_anios",3,0.06211174621297481,0.025362920710193162,0.6808624534054525,1.368567745538598,0.36490040478697017,1,1,1,500,55,0.5,exploratoria,False,2
RD_0775,775,peso_kg cercana a 88.63 con radio ±9.10 => enfermedad_cardiovascular = si,si,gaussiana,peso_kg,1,0.061379769233209626,0.056231971774432704,0.6002656192537903,1.2065640588015885,0.20450869503241853,1,1,1,500,55,0.5,exploratoria,False,2
RD_0776,776,edad_anios cercana a 48.06 con radio ±1.40 Y presion_diastolica cercana a 92.86 con radio ±18.64 Y alcohol = no => enfermedad_cardiovascular = si,si,triangular,"alcohol, edad_anios, presion_diastolica",3,0.06129956965690507,0.013521170235369747,0.6789693597577626,1.3647625321764072,0.36113305424430375,1,1,1,500,13,0.5,exploratoria,False,2
RD_0778,778,presion_diastolica cercana a 87.67 con radio ±12.21 Y sexo = mujer Y glucosa = muy_arriba_de_lo_normal Y alcohol = no => enfermedad_cardiovascular = si,si,triangular,"alcohol, glucosa, presion_diastolica, sexo",4,0.06106877822621525,0.016529864515778564,0.7127670986002195,1.4326976856285818,0.4283922360203373,1,1,1,100,55,0.5,exploratoria,False,2
RD_0782,782,peso_kg cercana a 85.18 con radio ±9.08 Y presion_diastolica cercana a 97.97 con radio ±14.00 Y colesterol = normal Y alcohol = no => enfermedad_cardiovascular = si,si,triangular,"alcohol, colesterol, peso_kg, presion_diastolica",4,0.0608603138402341,0.015612498477553366,0.712202371904156,1.4315625565912684,0.4272684017993155,1,1,1,100,55,0.5,exploratoria,False,2
RD_0784,784,glucosa = normal Y fumador = si Y actividad_fisica = no => enfermedad_cardiovascular = si,si,triangular,"actividad_fisica, fumador, glucosa",3,0.06063724043673416,0.0105,0.6774193548387097,1.3616469443994166,0.35804846734071594,1,1,1,50,13,0.5,exploratoria,False,2
RD_0785,785,glucosa = normal Y fumador = si Y actividad_fisica = no => enfermedad_cardiovascular = si,si,gaussiana,"actividad_fisica, fumador, glucosa",3,0.06063724043673416,0.0105,0.6774193548387097,1.3616469443994166,0.35804846734071594,1,1,1,50,13,0.5,exploratoria,False,2
RD_0787,787,sexo = hombre Y colesterol = arriba_de_lo_normal Y actividad_fisica = si => enfermedad_cardiovascular = si,si,triangular,"actividad_fisica, colesterol, sexo",3,0.0604256822396891,0.022,0.6769230769230768,1.3606494008504058,0.3570608495981629,1,1,1,500,13,0.5,exploratoria,False,2
RD_0788,788,sexo = hombre Y colesterol = arriba_de_lo_normal Y actividad_fisica = si => enfermedad_cardiovascular = si,si,gaussiana,"actividad_fisica, colesterol, sexo",3,0.0604256822396891,0.022,0.6769230769230768,1.3606494008504058,0.3570608495981629,1,1,1,500,13,0.5,exploratoria,False,2
RD_0789,789,presion_sistolica cercana a 142.71 con radio ±17.67 Y presion_diastolica cercana a 82.77 con radio ±6.15 Y colesterol = normal => enfermedad_cardiovascular = si,si,gaussiana,"colesterol, presion_diastolica, presion_sistolica",3,0.059972144498924025,0.012176482359717621,0.6758572148100958,1.3585069644424035,0.35493973096536474,1,1,1,500,13,0.5,exploratoria,False,2
RD_0791,791,presion_sistolica cercana a 137.21 con radio ±16.65 Y sexo = mujer Y colesterol = normal Y glucosa = normal => enfermedad_cardiovascular = si,si,gaussiana,"colesterol, glucosa, presion_sistolica, sexo",4,0.05974909410769467,0.043807214845301215,0.7091804089062568,1.4254882591080538,0.4212545450870782,1,1,1,500,13,0.5,exploratoria,False,2
RD_0794,794,presion_sistolica cercana a 137.58 con radio ±20.22 Y alcohol = no Y actividad_fisica = no => enfermedad_cardiovascular = si,si,gaussiana,"actividad_fisica, alcohol, presion_sistolica",3,0.05925776503839268,0.03074687507526974,0.6741729310076847,1.3551214693621803,0.35158792240335274,1,1,1,500,13,0.5,exploratoria,False,2
RD_0796,796,presion_diastolica cercana a 88.21 con radio ±15.10 Y fumador = si => enfermedad_cardiovascular = si,si,gaussiana,"fumador, presion_diastolica",2,0.05889689547035665,0.020766427749115274,0.6369041348762919,1.2802093163342552,0.2774211639329193,1,1,1,500,55,0.5,exploratoria,False,2
RD_0802,802,peso_kg cercana a 103.46 con radio ±5.35 Y fumador = no Y alcohol = no => enfermedad_cardiovascular = si,si,gaussiana,"alcohol, fumador, peso_kg",3,0.058248401965048956,0.01110852370991169,0.6717817369296876,1.3503150491048996,0.3468293272232589,1,1,1,500,55,0.5,exploratoria,False,2
RD_0803,803,presion_sistolica cercana a 139.58 con radio ±24.24 Y actividad_fisica = no => enfermedad_cardiovascular = si,si,triangular,"actividad_fisica, presion_sistolica",2,0.05815030104017913,0.045129368092497645,0.6354516179408486,1.2772896843032133,0.2745305829668629,1,1,1,500,55,0.5,exploratoria,False,2
RD_0808,808,edad_anios cercana a 54.75 con radio ±6.88 Y presion_sistolica cercana a 111.47 con radio ±36.21 Y colesterol = muy_arriba_de_lo_normal => enfermedad_cardiovascular = si,si,triangular,"colesterol, edad_anios, presion_sistolica",3,0.057621457354451865,0.01814939022231091,0.6702896681006999,1.3473159157803014,0.3438600360212934,1,1,1,500,55,0.5,exploratoria,False,2
RD_0810,810,sexo = mujer Y glucosa = muy_arriba_de_lo_normal Y actividad_fisica = si => enfermedad_cardiovascular = si,si,triangular,"actividad_fisica, glucosa, sexo",3,0.05738467413793753,0.0365,0.6697247706422018,1.3461804435019131,0.34273586197453104,1,1,1,500,55,0.5,exploratoria,False,2
RD_0811,811,sexo = mujer Y glucosa = muy_arriba_de_lo_normal Y actividad_fisica = si => enfermedad_cardiovascular = si,si,gaussiana,"actividad_fisica, glucosa, sexo",3,0.05738467413793753,0.0365,0.6697247706422018,1.3461804435019131,0.34273586197453104,1,1,1,500,55,0.5,exploratoria,False,2
RD_0819,819,sexo = mujer Y colesterol = arriba_de_lo_normal => enfermedad_cardiovascular = si,si,triangular,"colesterol, sexo",2,0.05617342649632727,0.066,0.6315789473684211,1.2695054218460726,0.2668237758575545,4,2,3,"50, 100, 500","13, 55",1.0,alta,True,0
RD_0820,820,sexo = mujer Y colesterol = arriba_de_lo_normal => enfermedad_cardiovascular = si,si,gaussiana,"colesterol, sexo",2,0.05617342649632727,0.066,0.6315789473684211,1.2695054218460726,0.2668237758575545,4,2,3,"50, 100, 500","13, 55",1.0,alta,True,0
RD_0821,821,presion_sistolica cercana a 140.61 con radio ±19.97 Y colesterol = normal Y fumador = no Y actividad_fisica = no => enfermedad_cardiovascular = si,si,gaussiana,"actividad_fisica, colesterol, fumador, presion_sistolica",4,0.05614542382829433,0.016658988402519823,0.6992407766742728,1.4055090988427592,0.40147418243636374,1,1,1,500,13,0.5,exploratoria,False,2
RD_0822,822,sexo = mujer Y glucosa = muy_arriba_de_lo_normal Y fumador = no => enfermedad_cardiovascular = si,si,triangular,"fumador, glucosa, sexo",3,0.05610834715312331,0.042,0.6666666666666667,1.340033500837521,0.3366500829187398,1,1,1,500,13,0.5,exploratoria,False,2
RD_0823,823,sexo = mujer Y glucosa = muy_arriba_de_lo_normal Y fumador = no => enfermedad_cardiovascular = si,si,gaussiana,"fumador, glucosa, sexo",3,0.05610834715312331,0.042,0.6666666666666667,1.340033500837521,0.3366500829187398,1,1,1,500,13,0.5,exploratoria,False,2
RD_0825,825,altura_cm cercana a 158.74 con radio ±5.59 Y sexo = mujer Y glucosa = muy_arriba_de_lo_normal Y alcohol = no => enfermedad_cardiovascular = si,si,triangular,"alcohol, altura_cm, glucosa, sexo",4,0.056005501658274795,0.013574552109232054,0.6988504170364824,1.4047244563547385,0.4006973473362835,1,1,1,500,55,0.5,exploratoria,False,2
RD_0829,829,altura_cm cercana a 177.02 con radio ±17.35 Y glucosa = arriba_de_lo_normal Y alcohol = no => enfermedad_cardiovascular = si,si,triangular,"alcohol, altura_cm, glucosa",3,0.0556551690063097,0.01296007443150151,0.6655754457236056,1.337840091906745,0.334478498952449,3,1,3,"50, 100, 500",55,0.5,exploratoria,False,2
RD_0831,831,glucosa = muy_arriba_de_lo_normal Y alcohol = no Y actividad_fisica = si => enfermedad_cardiovascular = si,si,triangular,"actividad_fisica, alcohol, glucosa",3,0.055077004152771426,0.0445,0.6641791044776119,1.3350333758343957,0.3316997104032077,1,1,1,500,13,0.5,exploratoria,False,2
RD_0832,832,glucosa = muy_arriba_de_lo_normal Y alcohol = no Y actividad_fisica = si => enfermedad_cardiovascular = si,si,gaussiana,"actividad_fisica, alcohol, glucosa",3,0.055077004152771426,0.0445,0.6641791044776119,1.3350333758343957,0.3316997104032077,1,1,1,500,13,0.5,exploratoria,False,2
RD_0833,833,colesterol = arriba_de_lo_normal Y actividad_fisica = no => enfermedad_cardiovascular = si,si,triangular,"actividad_fisica, colesterol",2,0.05488426752812421,0.0195,0.6290322580645161,1.2643864483708867,0.2617557374418232,3,1,2,"100, 500",55,0.5,exploratoria,False,2
RD_0834,834,colesterol = arriba_de_lo_normal Y actividad_fisica = no => enfermedad_cardiovascular = si,si,gaussiana,"actividad_fisica, colesterol",2,0.05488426752812421,0.0195,0.6290322580645161,1.2643864483708867,0.2617557374418232,4,1,2,"100, 500",55,0.5,exploratoria,False,2
RD_0836,836,presion_diastolica cercana a 88.89 con radio ±6.48 Y sexo = mujer Y glucosa = normal Y actividad_fisica = no => enfermedad_cardiovascular = si,si,gaussiana,"actividad_fisica, glucosa, presion_diastolica, sexo",4,0.0547873990929165,0.013129320309618567,0.6954377015555193,1.3978647267447624,0.39390587374232705,1,1,1,100,55,0.5,exploratoria,False,2
RD_0839,839,altura_cm cercana a 158.74 con radio ±5.59 Y sexo = mujer Y glucosa = muy_arriba_de_lo_normal Y alcohol = no => enfermedad_cardiovascular = si,si,gaussiana,"alcohol, altura_cm, glucosa, sexo",4,0.05457890326508452,0.011985089918773107,0.6948509492856128,1.3966853251972116,0.39273820753355776,1,1,1,500,55,0.5,exploratoria,False,2
RD_0840,840,edad_anios cercana a 57.01 con radio ±2.88 Y presion_sistolica cercana a 144.27 con radio ±17.54 Y colesterol = normal Y alcohol = no => enfermedad_cardiovascular = si,si,gaussiana,"alcohol, colesterol, edad_anios, presion_sistolica",4,0.05453914762702381,0.0136705386611,0.6947389807079288,1.3964602627295053,0.39251538449339074,1,1,1,500,13,0.5,exploratoria,False,2
RD_0842,842,peso_kg cercana a 88.15 con radio ±10.12 Y presion_sistolica cercana a 143.50 con radio ±13.85 Y colesterol = normal Y alcohol = no => enfermedad_cardiovascular = si,si,triangular,"alcohol, colesterol, peso_kg, presion_sistolica",4,0.05446773079492867,0.011575469797135963,0.6945377702699551,1.3960558196381008,0.3921149657113535,1,1,1,500,55,0.5,exploratoria,False,2
RD_0843,843,presion_sistolica cercana a 125.40 con radio ±21.53 Y presion_diastolica cercana a 87.42 con radio ±7.26 Y sexo = mujer Y glucosa = normal => enfermedad_cardiovascular = si,si,gaussiana,"glucosa, presion_diastolica, presion_sistolica, sexo",4,0.054378474274632965,0.01794887160707625,0.6942861703779114,1.3955500912118823,0.39161426940877897,1,1,1,500,13,0.5,exploratoria,False,2
RD_0850,850,presion_diastolica cercana a 88.89 con radio ±6.48 Y sexo = mujer Y glucosa = normal Y actividad_fisica = no => enfermedad_cardiovascular = si,si,triangular,"actividad_fisica, glucosa, presion_diastolica, sexo",4,0.0536465681177841,0.012419280329629126,0.6922176593574018,1.3913922801153804,0.3874978295669687,1,1,1,100,55,0.5,exploratoria,False,2
RD_0851,851,edad_anios cercana a 59.22 con radio ±7.75 Y fumador = si => enfermedad_cardiovascular = si,si,gaussiana,"edad_anios, fumador",2,0.053566044316984786,0.015425020618591051,0.6264103954717182,1.2591163728074737,0.2565381004412302,1,1,1,500,55,0.5,exploratoria,False,2
RD_0852,852,edad_anios cercana a 62.66 con radio ±2.12 Y peso_kg cercana a 50.07 con radio ±21.13 Y alcohol = no => enfermedad_cardiovascular = si,si,triangular,"alcohol, edad_anios, peso_kg",3,0.05347953597971748,0.012237982943075976,0.6602963884171894,1.3272289214415867,0.3239729122730138,3,1,3,"50, 100, 500",55,0.5,exploratoria,False,2
RD_0853,853,altura_cm cercana a 159.10 con radio ±6.38 Y presion_sistolica cercana a 139.13 con radio ±14.59 Y colesterol = normal Y glucosa = normal => enfermedad_cardiovascular = si,si,triangular,"altura_cm, colesterol, glucosa, presion_sistolica",4,0.05308429550014179,0.024278028495640744,0.6906219893182937,1.388184903152349,0.3843223668025745,1,1,1,500,55,0.5,exploratoria,False,2
RD_0855,855,presion_diastolica cercana a 87.29 con radio ±7.60 Y colesterol = normal Y alcohol = no => enfermedad_cardiovascular = si,si,gaussiana,"alcohol, colesterol, presion_diastolica",3,0.05280999100827691,0.04729251655786306,0.6586580926581428,1.323935864639483,0.3207126222052593,1,1,1,100,13,0.5,exploratoria,False,2
RD_0857,857,presion_sistolica cercana a 128.72 con radio ±13.11 Y presion_diastolica cercana a 99.00 con radio ±14.00 Y glucosa = normal Y fumador = no => enfermedad_cardiovascular = si,si,triangular,"fumador, glucosa, presion_diastolica, presion_sistolica",4,0.05262590670745257,0.01845759005810372,0.6893168542939591,1.385561516168762,0.3817250831720579,1,1,1,50,55,0.5,exploratoria,False,2
RD_0860,860,edad_anios cercana a 51.71 con radio ±2.91 Y presion_sistolica cercana a 142.36 con radio ±22.22 Y colesterol = normal Y alcohol = no => enfermedad_cardiovascular = si,si,triangular,"alcohol, colesterol, edad_anios, presion_sistolica",4,0.05196313853672131,0.01514849761023376,0.6874229397552489,1.3817546527743698,0.3779560990154208,1,1,1,500,13,0.5,exploratoria,False,2
RD_0864,864,presion_sistolica cercana a 134.65 con radio ±15.40 Y sexo = mujer Y glucosa = normal Y fumador = no => enfermedad_cardiovascular = si,si,gaussiana,"fumador, glucosa, presion_sistolica, sexo",4,0.05183524205624256,0.062451226968407984,0.687056523070681,1.3810181368254895,0.3772269115834448,1,1,1,500,55,0.5,exploratoria,False,2
RD_0867,867,edad_anios cercana a 62.63 con radio ±6.16 Y actividad_fisica = no => enfermedad_cardiovascular = si,si,gaussiana,"actividad_fisica, edad_anios",2,0.051610171924014056,0.021305709961504368,0.6224863999872787,1.2512289446980478,0.24872915420353978,1,1,1,50,13,0.5,exploratoria,False,2
RD_0868,868,altura_cm cercana a 160.32 con radio ±4.49 Y colesterol = arriba_de_lo_normal Y glucosa = normal => enfermedad_cardiovascular = si,si,triangular,"altura_cm, colesterol, glucosa",3,0.05143887985077605,0.01255759087873427,0.6552825460526621,1.3171508463370092,0.3139951165227107,2,1,2,"100, 500",55,0.5,exploratoria,False,2
RD_0869,869,altura_cm cercana a 159.10 con radio ±6.38 Y presion_sistolica cercana a 139.13 con radio ±14.59 Y colesterol = normal Y glucosa = normal => enfermedad_cardiovascular = si,si,gaussiana,"altura_cm, colesterol, glucosa, presion_sistolica",4,0.05121316499306436,0.0153937275386833,0.6852699188411385,1.3774269725450021,0.3736714802808727,1,1,1,500,55,0.5,exploratoria,False,2
RD_0873,873,peso_kg cercana a 86.30 con radio ±8.27 Y presion_sistolica cercana a 133.12 con radio ±15.43 Y alcohol = no => enfermedad_cardiovascular = si,si,gaussiana,"alcohol, peso_kg, presion_sistolica",3,0.0508111533563264,0.01796020068450981,0.6537277533966724,1.3140256349681858,0.3109010017844228,1,1,1,50,13,0.5,exploratoria,False,2
RD_0874,874,presion_diastolica cercana a 86.53 con radio ±20.74 Y sexo = hombre Y colesterol = arriba_de_lo_normal Y actividad_fisica = si => enfermedad_cardiovascular = si,si,gaussiana,"actividad_fisica, colesterol, presion_diastolica, sexo",4,0.050803067636941514,0.012158315506171764,0.6840881099074781,1.3750514772009612,0.37131962170642424,1,1,1,500,13,0.5,exploratoria,False,2
RD_0876,876,peso_kg cercana a 87.68 con radio ±16.74 Y presion_sistolica cercana a 145.28 con radio ±30.71 Y sexo = mujer Y fumador = no => enfermedad_cardiovascular = si,si,triangular,"fumador, peso_kg, presion_sistolica, sexo",4,0.05069820662252405,0.05357503728137227,0.6837854084888857,1.3744430321384637,0.37071723082365315,1,1,1,500,55,0.5,exploratoria,False,2
RD_0882,882,presion_diastolica cercana a 91.76 con radio ±6.71 Y sexo = mujer Y fumador = no Y actividad_fisica = no => enfermedad_cardiovascular = si,si,gaussiana,"actividad_fisica, fumador, presion_diastolica, sexo",4,0.050351851041535146,0.012091841972409445,0.6827840864976586,1.3724303246184093,0.36872455024409684,1,1,1,500,55,0.5,exploratoria,False,2
RD_0883,883,altura_cm cercana a 171.17 con radio ±11.39 Y presion_sistolica cercana a 144.73 con radio ±30.32 Y sexo = hombre => enfermedad_cardiovascular = si,si,triangular,"altura_cm, presion_sistolica, sexo",3,0.05034186135213984,0.06049917085184555,0.652561470636733,1.3116813480135336,0.30858004106812537,1,1,1,500,55,0.5,exploratoria,False,2
RD_0890,890,presion_diastolica cercana a 91.76 con radio ±6.71 Y sexo = mujer Y fumador = no Y actividad_fisica = no => enfermedad_cardiovascular = si,si,triangular,"actividad_fisica, fumador, presion_diastolica, sexo",4,0.04907408722538602,0.012163506363751443,0.6790698887499651,1.3649646005024425,0.3613331119402291,1,1,1,500,55,0.5,exploratoria,False,2
RD_0891,891,altura_cm cercana a 158.00 con radio ±5.58 Y presion_diastolica cercana a 86.38 con radio ±7.52 => enfermedad_cardiovascular = si,si,triangular,"altura_cm, presion_diastolica",2,0.048775659696653734,0.0376676499250887,0.61672536533402,1.239648975545769,0.23726440862491546,1,1,1,500,55,0.5,exploratoria,False,2
RD_0892,892,edad_anios cercana a 54.75 con radio ±6.88 Y presion_sistolica cercana a 111.47 con radio ±36.21 Y colesterol = muy_arriba_de_lo_normal => enfermedad_cardiovascular = si,si,gaussiana,"colesterol, edad_anios, presion_sistolica",3,0.04871368651300406,0.012257986793007497,0.6484887551778513,1.3034949852821132,0.3004751346822912,1,1,1,500,55,0.5,exploratoria,False,2
RD_0894,894,presion_diastolica cercana a 86.53 con radio ±20.74 Y sexo = hombre Y colesterol = arriba_de_lo_normal Y actividad_fisica = si => enfermedad_cardiovascular = si,si,triangular,"actividad_fisica, colesterol, presion_diastolica, sexo",4,0.048288473672964516,0.012941642463587925,0.6767702712528033,1.360342253774479,0.35675675871204643,1,1,1,500,13,0.5,exploratoria,False,2
RD_0896,896,edad_anios cercana a 59.22 con radio ±7.75 Y fumador = si => enfermedad_cardiovascular = si,si,triangular,"edad_anios, fumador",2,0.04812462898721974,0.017820744720379665,0.6153893878161943,1.2369635936003907,0.23460574689789923,1,1,1,500,55,0.5,exploratoria,False,2
RD_0898,898,altura_cm cercana a 167.69 con radio ±16.69 Y sexo = hombre Y colesterol = arriba_de_lo_normal Y alcohol = no => enfermedad_cardiovascular = si,si,triangular,"alcohol, altura_cm, colesterol, sexo",4,0.048091462266382466,0.015509681872409474,0.676191646829466,1.3591791896069667,0.3556052673223204,1,1,1,500,55,0.5,exploratoria,False,2
RD_0901,901,altura_cm cercana a 160.24 con radio ±5.77 Y colesterol = arriba_de_lo_normal Y glucosa = normal Y alcohol = no => enfermedad_cardiovascular = si,si,triangular,"alcohol, altura_cm, colesterol, glucosa",4,0.04787420614304375,0.015460557625282369,0.6755526539683152,1.3578947818458598,0.35433363973794074,1,1,1,500,55,0.5,exploratoria,False,2
RD_0905,905,edad_anios cercana a 60.89 con radio ±5.35 Y peso_kg cercana a 67.74 con radio ±6.25 => enfermedad_cardiovascular = si,si,gaussiana,"edad_anios, peso_kg",2,0.047241972286262875,0.02458963962388544,0.6135702786599743,1.2333070927838679,0.23098562917407817,1,1,1,500,13,0.5,exploratoria,False,2
RD_0918,918,edad_anios cercana a 52.39 con radio ±2.96 Y presion_diastolica cercana a 87.28 con radio ±7.58 Y sexo = mujer Y fumador = no => enfermedad_cardiovascular = si,si,triangular,"edad_anios, fumador, presion_diastolica, sexo",4,0.04578909831780221,0.013693434384507477,0.6693705796480696,1.3454685018051649,0.34203100427476535,1,1,1,500,13,0.5,exploratoria,False,2
RD_0919,919,presion_diastolica cercana a 89.27 con radio ±7.61 Y sexo = mujer Y alcohol = no Y actividad_fisica = no => enfermedad_cardiovascular = si,si,gaussiana,"actividad_fisica, alcohol, presion_diastolica, sexo",4,0.045745372395079247,0.01582964171028569,0.6692399649725741,1.3452059597438675,0.3417710745722868,1,1,1,100,55,0.5,exploratoria,False,2
RD_0925,925,altura_cm cercana a 160.24 con radio ±5.77 Y colesterol = arriba_de_lo_normal Y glucosa = normal Y alcohol = no => enfermedad_cardiovascular = si,si,gaussiana,"alcohol, altura_cm, colesterol, glucosa",4,0.04534252381037285,0.012625995801327828,0.6680346927489266,1.3427833020078925,0.339372522883436,1,1,1,500,55,0.5,exploratoria,False,2
RD_0934,934,altura_cm cercana a 167.69 con radio ±16.69 Y sexo = hombre Y colesterol = arriba_de_lo_normal Y alcohol = no => enfermedad_cardiovascular = si,si,gaussiana,"alcohol, altura_cm, colesterol, sexo",4,0.044744084588743106,0.014822813843366693,0.666237814228412,1.3391714858862553,0.33579664523067065,1,1,1,500,55,0.5,exploratoria,False,2
RD_0940,940,presion_sistolica cercana a 134.65 con radio ±15.40 Y sexo = mujer Y glucosa = normal Y fumador = no => enfermedad_cardiovascular = si,si,triangular,"fumador, glucosa, presion_sistolica, sexo",4,0.04411976116432384,0.0704998715293385,0.6643549355161265,1.3353868050575406,0.3320496229176646,1,1,1,500,55,0.5,exploratoria,False,2
RD_0944,944,altura_cm cercana a 160.32 con radio ±4.49 Y colesterol = arriba_de_lo_normal Y glucosa = normal => enfermedad_cardiovascular = si,si,gaussiana,"altura_cm, colesterol, glucosa",3,0.04392022410227402,0.01034223836822656,0.6362499521878303,1.2788943762569454,0.27611930783647826,2,1,2,"100, 500",55,0.5,exploratoria,False,2
RD_0945,945,peso_kg cercana a 84.99 con radio ±8.11 Y actividad_fisica = no => enfermedad_cardiovascular = si,si,gaussiana,"actividad_fisica, peso_kg",2,0.04391069942678062,0.01403326223856975,0.6066214041186747,1.2193395057661802,0.21715702312174076,1,1,1,500,55,0.5,exploratoria,False,2
RD_0948,948,presion_diastolica cercana a 89.27 con radio ±7.61 Y sexo = mujer Y alcohol = no Y actividad_fisica = no => enfermedad_cardiovascular = si,si,triangular,"actividad_fisica, alcohol, presion_diastolica, sexo",4,0.04357388658011856,0.014915920923073431,0.6627016306678207,1.3320635792318005,0.32875946401556366,1,1,1,100,55,0.5,exploratoria,False,2
RD_0953,953,presion_sistolica cercana a 132.28 con radio ±15.33 Y fumador = no => enfermedad_cardiovascular = si,si,gaussiana,"fumador, presion_sistolica",2,0.04322281545410052,0.10365831608945818,0.6051696358185903,1.2164213785298297,0.21426793197729413,1,1,1,500,13,0.5,exploratoria,False,2
RD_0954,954,edad_anios cercana a 62.63 con radio ±6.16 Y actividad_fisica = no => enfermedad_cardiovascular = si,si,triangular,"actividad_fisica, edad_anios",2,0.04310500460335582,0.023730219722861254,0.604920404356621,1.2159204107670774,0.2137719489684,1,1,1,50,13,0.5,exploratoria,False,2
RD_0956,956,presion_sistolica cercana a 129.50 con radio ±14.68 Y presion_diastolica cercana a 99.00 con radio ±14.00 Y colesterol = normal Y fumador = no => enfermedad_cardiovascular = si,si,triangular,"colesterol, fumador, presion_diastolica, presion_sistolica",4,0.04296435113954348,0.01842139031482925,0.6608476762105108,1.3283370376090669,0.3250700024089767,1,1,1,100,55,0.5,exploratoria,False,2
RD_0959,959,presion_sistolica cercana a 133.54 con radio ±14.98 Y presion_diastolica cercana a 84.36 con radio ±14.00 Y sexo = mujer Y alcohol = no => enfermedad_cardiovascular = si,si,gaussiana,"alcohol, presion_diastolica, presion_sistolica, sexo",4,0.042554288469774715,0.05788888399263235,0.6595957280784467,1.3258205589516516,0.32257856334019247,1,1,1,100,55,0.5,exploratoria,False,2
RD_0963,963,presion_diastolica cercana a 87.29 con radio ±7.60 Y colesterol = normal Y alcohol = no => enfermedad_cardiovascular = si,si,triangular,"alcohol, colesterol, presion_diastolica",3,0.042364280177266525,0.05712625521462849,0.6321933017491709,1.2707403050234591,0.26804637164014106,1,1,1,100,13,0.5,exploratoria,False,2
RD_0964,964,altura_cm cercana a 160.24 con radio ±5.80 Y presion_sistolica cercana a 136.80 con radio ±16.80 Y sexo = mujer Y colesterol = normal => enfermedad_cardiovascular = si,si,gaussiana,"altura_cm, colesterol, presion_sistolica, sexo",4,0.042263219557626436,0.015857814707348317,0.6587047555993666,1.3240296594962142,0.32080548377983403,1,1,1,500,13,0.5,exploratoria,False,2
RD_0965,965,presion_sistolica cercana a 131.26 con radio ±13.42 Y sexo = mujer => enfermedad_cardiovascular = si,si,gaussiana,"presion_sistolica, sexo",2,0.04220088794880101,0.06945601517019644,0.6030018893143938,1.2120640991244096,0.20995400858585833,1,1,1,500,55,0.5,exploratoria,False,2
RD_0966,966,peso_kg cercana a 56.31 con radio ±27.59 Y colesterol = arriba_de_lo_normal => enfermedad_cardiovascular = si,si,triangular,"colesterol, peso_kg",2,0.042150495203015954,0.03336706749810383,0.6028946512635007,1.2118485452532677,0.2097405995293547,1,1,1,500,55,0.5,exploratoria,False,2
RD_0971,971,edad_anios cercana a 51.70 con radio ±2.95 Y presion_sistolica cercana a 133.85 con radio ±14.21 Y glucosa = normal Y fumador = no => enfermedad_cardiovascular = si,si,triangular,"edad_anios, fumador, glucosa, presion_sistolica",4,0.0418145736303071,0.014685201323853243,0.6573276287881491,1.3212615654033149,0.31806493291173954,1,1,1,100,13,0.5,exploratoria,False,2
RD_0976,976,peso_kg cercana a 84.99 con radio ±8.11 Y actividad_fisica = no => enfermedad_cardiovascular = si,si,triangular,"actividad_fisica, peso_kg",2,0.04160588061078606,0.01699230180593208,0.6017336080057543,1.209514789961315,0.20743006568309308,1,1,1,500,55,0.5,exploratoria,False,2
RD_0977,977,peso_kg cercana a 86.30 con radio ±8.27 Y presion_sistolica cercana a 133.12 con radio ±15.43 Y alcohol = no => enfermedad_cardiovascular = si,si,triangular,"alcohol, peso_kg, presion_sistolica",3,0.041487800494529506,0.02837072113815032,0.6298891366600973,1.2661088174072308,0.26346096847780553,1,1,1,50,13,0.5,exploratoria,False,2
RD_0979,979,presion_diastolica cercana a 88.21 con radio ±15.10 Y fumador = si => enfermedad_cardiovascular = si,si,triangular,"fumador, presion_diastolica",2,0.041313624972203034,0.02438101435327863,0.6011089819283681,1.208259260157524,0.20618702871317046,1,1,1,500,55,0.5,exploratoria,False,2
RD_0983,983,presion_sistolica cercana a 135.11 con radio ±15.71 Y glucosa = normal Y fumador = no Y actividad_fisica = no => enfermedad_cardiovascular = si,si,gaussiana,"actividad_fisica, fumador, glucosa, presion_sistolica",4,0.041151018942783994,0.018912726135181575,0.6552822835811994,1.3171503187561797,0.3139945941914417,1,1,1,100,13,0.5,exploratoria,False,2
RD_0987,987,presion_sistolica cercana a 149.22 con radio ±28.00 Y presion_diastolica cercana a 85.10 con radio ±7.35 Y alcohol = no Y actividad_fisica = no => enfermedad_cardiovascular = si,si,triangular,"actividad_fisica, alcohol, presion_diastolica, presion_sistolica",4,0.04069528686677054,0.012646732552142676,0.6538715505903888,1.3143146745535454,0.31118716535400764,1,1,1,500,13,0.5,exploratoria,False,2
RD_0989,989,peso_kg cercana a 88.93 con radio ±8.38 Y presion_diastolica cercana a 85.92 con radio ±7.47 Y sexo = mujer Y alcohol = no => enfermedad_cardiovascular = si,si,triangular,"alcohol, peso_kg, presion_diastolica, sexo",4,0.04026178525998819,0.015077414303219072,0.6525250586226449,1.311608158035467,0.30850757934854706,1,1,1,500,13,0.5,exploratoria,False,2
RD_0990,990,presion_diastolica cercana a 79.32 con radio ±9.24 Y sexo = mujer Y glucosa = muy_arriba_de_lo_normal => enfermedad_cardiovascular = si,si,gaussiana,"glucosa, presion_diastolica, sexo",3,0.040172726860178726,0.020603887253301437,0.6264055884519111,1.2591067104561027,0.25652853423265887,2,1,2,"50, 100",13,0.5,exploratoria,False,2
RD_0991,991,presion_diastolica cercana a 86.58 con radio ±7.09 Y sexo = mujer Y colesterol = normal Y glucosa = normal => enfermedad_cardiovascular = si,si,gaussiana,"colesterol, glucosa, presion_diastolica, sexo",4,0.040103718592295036,0.020209514270000114,0.6520329719479131,1.3106190390912826,0.3075283023839067,1,1,1,500,55,0.5,exploratoria,False,2
RD_0996,996,presion_diastolica cercana a 79.32 con radio ±9.24 Y sexo = mujer Y glucosa = muy_arriba_de_lo_normal => enfermedad_cardiovascular = si,si,triangular,"glucosa, presion_diastolica, sexo",3,0.039849979204162174,0.019662023738434363,0.625545728081365,1.2573783479022411,0.2548173693161493,2,1,2,"50, 100",13,0.5,exploratoria,False,2
RD_0997,997,altura_cm cercana a 159.73 con radio ±6.29 Y presion_diastolica cercana a 86.13 con radio ±7.56 Y sexo = mujer Y alcohol = no => enfermedad_cardiovascular = si,si,gaussiana,"alcohol, altura_cm, presion_diastolica, sexo",4,0.039770266771797,0.019053907225232713,0.6509929089047313,1.3085284601100127,0.3054585251835449,1,1,1,500,13,0.5,exploratoria,False,2
RD_1008,1008,peso_kg cercana a 88.88 con radio ±10.02 Y fumador = no Y alcohol = no => enfermedad_cardiovascular = si,si,gaussiana,"alcohol, fumador, peso_kg",3,0.039174976020226376,0.05449181289533376,0.6237410189599946,1.253750791879386,0.25122590837809866,1,1,1,500,13,0.5,exploratoria,False,2
RD_1012,1012,altura_cm cercana a 158.63 con radio ±6.25 Y presion_diastolica cercana a 91.25 con radio ±14.00 Y sexo = mujer Y fumador = no => enfermedad_cardiovascular = si,si,triangular,"altura_cm, fumador, presion_diastolica, sexo",4,0.038837388308216585,0.054606862293151266,0.6480687957314233,1.302650845691303,0.2996393944903946,1,1,1,100,55,0.5,exploratoria,False,2
RD_1017,1017,altura_cm cercana a 161.16 con radio ±5.64 Y presion_diastolica cercana a 87.06 con radio ±6.32 Y colesterol = normal Y alcohol = no => enfermedad_cardiovascular = si,si,triangular,"alcohol, altura_cm, colesterol, presion_diastolica",4,0.038179588981014985,0.014191991469353418,0.6459939802121615,1.2984803622355006,0.29551040838241094,1,1,1,500,55,0.5,exploratoria,False,2
RD_1018,1018,peso_kg cercana a 84.98 con radio ±8.66 Y alcohol = no Y actividad_fisica = no => enfermedad_cardiovascular = si,si,gaussiana,"actividad_fisica, alcohol, peso_kg",3,0.038091329463738555,0.013759811113244645,0.620825442245406,1.2478903361716704,0.2454237656624996,1,1,1,500,55,0.5,exploratoria,False,2
RD_1029,1029,edad_anios cercana a 53.07 con radio ±3.98 Y presion_sistolica cercana a 132.59 con radio ±14.36 Y sexo = mujer Y fumador = no => enfermedad_cardiovascular = si,si,gaussiana,"edad_anios, fumador, presion_sistolica, sexo",4,0.03712296587041279,0.015608306909642813,0.6426383271301805,1.2917353309149358,0.28883249180135434,1,1,1,500,55,0.5,exploratoria,False,2
RD_1035,1035,peso_kg cercana a 88.88 con radio ±10.02 Y fumador = no Y alcohol = no => enfermedad_cardiovascular = si,si,triangular,"alcohol, fumador, peso_kg",3,0.03662796083893206,0.06470633548435442,0.6168515672151552,1.2399026476686537,0.23751555664707508,1,1,1,500,13,0.5,exploratoria,False,2
RD_1036,1036,presion_sistolica cercana a 133.78 con radio ±19.88 Y sexo = mujer Y fumador = no Y alcohol = no => enfermedad_cardiovascular = si,si,gaussiana,"alcohol, fumador, presion_sistolica, sexo",4,0.03647811656377652,0.1034242316140355,0.6405762757479244,1.2875905040159286,0.28472890696104364,1,1,1,500,13,0.5,exploratoria,False,2
RD_1040,1040,presion_sistolica cercana a 135.11 con radio ±15.71 Y glucosa = normal Y fumador = no Y actividad_fisica = no => enfermedad_cardiovascular = si,si,triangular,"actividad_fisica, fumador, glucosa, presion_sistolica",4,0.03613942874282127,0.021167200743263,0.6394888862352177,1.285404796452699,0.2825649477317766,1,1,1,100,13,0.5,exploratoria,False,2
RD_1041,1041,peso_kg cercana a 84.98 con radio ±8.66 Y alcohol = no Y actividad_fisica = no => enfermedad_cardiovascular = si,si,triangular,"actividad_fisica, alcohol, peso_kg",3,0.03612957334615812,0.01667294679450354,0.6154883330465712,1.2371624784855704,0.23480265282899754,1,1,1,500,55,0.5,exploratoria,False,2
RD_1042,1042,presion_sistolica cercana a 135.00 con radio ±15.42 Y colesterol = normal Y glucosa = normal Y fumador = no => enfermedad_cardiovascular = si,si,gaussiana,"colesterol, fumador, glucosa, presion_sistolica",4,0.0360836659176214,0.05895631943729217,0.6393095641102952,1.2850443499704425,0.28220808778168194,1,1,1,500,55,0.5,exploratoria,False,2
RD_1044,1044,peso_kg cercana a 94.10 con radio ±15.13 Y sexo = mujer Y alcohol = no => enfermedad_cardiovascular = si,si,gaussiana,"alcohol, peso_kg, sexo",3,0.03602022336668607,0.038960581854219925,0.6151885507380999,1.2365599009811052,0.23420607112059677,2,1,2,"100, 500",13,0.5,exploratoria,False,2
RD_1045,1045,presion_diastolica cercana a 90.52 con radio ±14.00 Y colesterol = normal Y fumador = no Y alcohol = no => enfermedad_cardiovascular = si,si,gaussiana,"alcohol, colesterol, fumador, presion_diastolica",4,0.035873025835816655,0.08835187567047689,0.6386314434061838,1.2836812932787616,0.2808585938431519,1,1,1,100,55,0.5,exploratoria,False,2
RD_1050,1050,peso_kg cercana a 88.27 con radio ±9.96 Y alcohol = no Y actividad_fisica = no => enfermedad_cardiovascular = si,si,gaussiana,"actividad_fisica, alcohol, peso_kg",3,0.03539982907554268,0.0128954307322092,0.6134830790342998,1.2331318171543715,0.2308120975806961,1,1,1,500,13,0.5,exploratoria,False,2
RD_1052,1052,presion_sistolica cercana a 135.95 con radio ±14.27 Y colesterol = normal Y fumador = no Y actividad_fisica = no => enfermedad_cardiovascular = si,si,gaussiana,"actividad_fisica, colesterol, fumador, presion_sistolica",4,0.035072868412711705,0.012889244257747649,0.6360446480225852,1.2784817045680104,0.2757107423335029,1,1,1,500,55,0.5,exploratoria,False,2
RD_1053,1053,peso_kg cercana a 86.52 con radio ±7.99 Y presion_sistolica cercana a 131.35 con radio ±28.00 Y presion_diastolica cercana a 86.49 con radio ±7.66 Y fumador = no => enfermedad_cardiovascular = si,si,triangular,"fumador, peso_kg, presion_diastolica, presion_sistolica",4,0.03505846324942838,0.020794800796831867,0.6359979198319712,1.278387778556726,0.27561775090939544,1,1,1,500,13,0.5,exploratoria,False,2
RD_1056,1056,presion_diastolica cercana a 84.28 con radio ±7.06 Y sexo = mujer Y glucosa = muy_arriba_de_lo_normal Y fumador = no => enfermedad_cardiovascular = si,si,triangular,"fumador, glucosa, presion_diastolica, sexo",4,0.034674986283907,0.010144830683802586,0.6347518983610266,1.2758832127859832,0.2731381061910978,1,1,1,500,55,0.5,exploratoria,False,2
RD_1060,1060,edad_anios cercana a 52.08 con radio ±2.82 Y presion_sistolica cercana a 131.91 con radio ±12.47 Y sexo = mujer Y actividad_fisica = si => enfermedad_cardiovascular = si,si,triangular,"actividad_fisica, edad_anios, presion_sistolica, sexo",4,0.03440590504700808,0.01083418709190753,0.6338751730679362,1.274120950890324,0.271393379239674,1,1,1,100,55,0.5,exploratoria,False,2
RD_1061,1061,peso_kg cercana a 88.94 con radio ±7.95 Y alcohol = no Y actividad_fisica = no => enfermedad_cardiovascular = si,si,triangular,"actividad_fisica, alcohol, peso_kg",3,0.034312749392680496,0.011668081901073341,0.6104752946357053,1.2270860193682518,0.22482645698647818,1,1,1,500,13,0.5,exploratoria,False,2
RD_1062,1062,presion_sistolica cercana a 133.54 con radio ±14.98 Y presion_diastolica cercana a 84.36 con radio ±14.00 Y sexo = mujer Y alcohol = no => enfermedad_cardiovascular = si,si,triangular,"alcohol, presion_diastolica, presion_sistolica, sexo",4,0.034224343278802104,0.07602400911890711,0.6332824758560586,1.2729295997106704,0.2702138823006141,1,1,1,100,55,0.5,exploratoria,False,2
RD_1076,1076,altura_cm cercana a 154.26 con radio ±7.27 Y peso_kg cercana a 88.13 con radio ±10.47 Y sexo = mujer Y alcohol = no => enfermedad_cardiovascular = si,si,triangular,"alcohol, altura_cm, peso_kg, sexo",4,0.03319245958071742,0.01808878729012085,0.6298964511136795,1.2661235198264915,0.26347552460433743,1,1,1,500,13,0.5,exploratoria,False,2
RD_1080,1080,peso_kg cercana a 88.27 con radio ±9.96 Y alcohol = no Y actividad_fisica = no => enfermedad_cardiovascular = si,si,triangular,"actividad_fisica, alcohol, peso_kg",3,0.032945010224529614,0.014815919656250572,0.6066550615055681,1.219407158805162,0.21722400299615552,1,1,1,500,13,0.5,exploratoria,False,2
RD_1084,1084,altura_cm cercana a 173.97 con radio ±6.51 Y glucosa = normal Y fumador = si => enfermedad_cardiovascular = si,si,gaussiana,"altura_cm, fumador, glucosa",3,0.032805051979193936,0.01129071293002357,0.6062618417314031,1.2186167672993027,0.2164414760823942,1,1,1,500,13,0.5,exploratoria,False,2
RD_1087,1087,presion_sistolica cercana a 135.00 con radio ±15.42 Y colesterol = normal Y glucosa = normal Y fumador = no => enfermedad_cardiovascular = si,si,triangular,"colesterol, fumador, glucosa, presion_sistolica",4,0.03273473911336781,0.06607724646977871,0.6283848173209836,1.2630850599416756,0.2604672981512112,1,1,1,500,55,0.5,exploratoria,False,2
RD_1088,1088,peso_kg cercana a 94.10 con radio ±15.13 Y sexo = mujer Y alcohol = no => enfermedad_cardiovascular = si,si,triangular,"alcohol, peso_kg, sexo",3,0.03273386963336955,0.047837681796929314,0.6060616853155978,1.2182144428454227,0.21604315485691106,2,1,2,"100, 500",13,0.5,exploratoria,False,2
RD_1095,1095,altura_cm cercana a 154.26 con radio ±7.27 Y peso_kg cercana a 88.13 con radio ±10.47 Y sexo = mujer Y alcohol = no => enfermedad_cardiovascular = si,si,gaussiana,"alcohol, altura_cm, peso_kg, sexo",4,0.03228880470179236,0.01167491759398308,0.6269062961438739,1.2601131580781386,0.2575249674504954,1,1,1,500,13,0.5,exploratoria,False,2
RD_1099,1099,peso_kg cercana a 89.90 con radio ±8.76 Y sexo = mujer Y fumador = no Y alcohol = no => enfermedad_cardiovascular = si,si,gaussiana,"alcohol, fumador, peso_kg, sexo",4,0.03187152826704384,0.03211930274553657,0.6255175374431131,1.2573216833027399,0.2547612685435087,1,1,1,500,13,0.5,exploratoria,False,2
RD_1102,1102,edad_anios cercana a 52.60 con radio ±2.64 Y presion_diastolica cercana a 87.25 con radio ±7.64 Y fumador = no Y alcohol = no => enfermedad_cardiovascular = si,si,gaussiana,"alcohol, edad_anios, fumador, presion_diastolica",4,0.0317447293104211,0.010221336093443209,0.6250945162247392,1.2564713893964607,0.2539194352731129,1,1,1,500,13,0.5,exploratoria,False,2
RD_1103,1103,edad_anios cercana a 52.07 con radio ±4.47 Y presion_sistolica cercana a 143.10 con radio ±27.36 Y glucosa = normal Y fumador = no => enfermedad_cardiovascular = si,si,triangular,"edad_anios, fumador, glucosa, presion_sistolica",4,0.03169469533035354,0.04076327922729676,0.6249274641276551,1.256135606286744,0.2535869932888659,1,1,1,500,13,0.5,exploratoria,False,2
RD_1108,1108,presion_sistolica cercana a 141.47 con radio ±19.64 Y presion_diastolica cercana a 84.10 con radio ±6.77 Y colesterol = normal Y alcohol = no => enfermedad_cardiovascular = si,si,gaussiana,"alcohol, colesterol, presion_diastolica, presion_sistolica",4,0.03139571713517446,0.011575635816551539,0.62392769363613,1.2541260173590552,0.2515974002709055,1,1,1,500,13,0.5,exploratoria,False,2
RD_1114,1114,peso_kg cercana a 87.17 con radio ±10.14 Y glucosa = normal Y alcohol = no Y actividad_fisica = no => enfermedad_cardiovascular = si,si,gaussiana,"actividad_fisica, alcohol, glucosa, peso_kg",4,0.030467042959020092,0.011867677385025262,0.6208051141088347,1.2478494755956475,0.24538331165937247,1,1,1,500,13,0.5,exploratoria,False,2
RD_1116,1116,presion_sistolica cercana a 136.64 con radio ±17.98 Y colesterol = normal Y glucosa = normal Y fumador = no => enfermedad_cardiovascular = si,si,triangular,"colesterol, fumador, glucosa, presion_sistolica",4,0.03032471534055363,0.08255544411541862,0.6203242318745219,1.2468828781397425,0.24442633208860085,1,1,1,500,13,0.5,exploratoria,False,2
RD_1117,1117,presion_sistolica cercana a 134.46 con radio ±13.41 Y sexo = mujer Y alcohol = no Y actividad_fisica = no => enfermedad_cardiovascular = si,si,triangular,"actividad_fisica, alcohol, presion_sistolica, sexo",4,0.030145429460286862,0.013082698758498802,0.6197175916019764,1.24566350070749,0.24321908776512713,1,1,1,500,13,0.5,exploratoria,False,2
RD_1123,1123,edad_anios cercana a 52.60 con radio ±2.64 Y presion_diastolica cercana a 87.25 con radio ±7.64 Y fumador = no Y alcohol = no => enfermedad_cardiovascular = si,si,triangular,"alcohol, edad_anios, fumador, presion_diastolica",4,0.029778248841694527,0.015470542098044335,0.6184720749627448,1.243159949673859,0.24074044768705438,1,1,1,500,13,0.5,exploratoria,False,2
RD_1124,1124,presion_sistolica cercana a 131.29 con radio ±13.66 Y presion_diastolica cercana a 89.19 con radio ±14.00 Y sexo = mujer Y colesterol = normal => enfermedad_cardiovascular = si,si,gaussiana,"colesterol, presion_diastolica, presion_sistolica, sexo",4,0.02958655988221592,0.024775506957963322,0.6178201751754908,1.2418495983426951,0.2394431346775937,1,1,1,100,55,0.5,exploratoria,False,2
RD_1125,1125,presion_diastolica cercana a 87.28 con radio ±7.51 Y sexo = mujer Y alcohol = no Y actividad_fisica = no => enfermedad_cardiovascular = si,si,triangular,"actividad_fisica, alcohol, presion_diastolica, sexo",4,0.029397606683369007,0.011367552622265131,0.617176450315344,1.240555679025817,0.238162090179789,1,1,1,500,55,0.5,exploratoria,False,2
RD_1132,1132,altura_cm cercana a 159.70 con radio ±6.77 Y peso_kg cercana a 84.06 con radio ±11.11 Y presion_diastolica cercana a 85.84 con radio ±7.83 Y sexo = mujer => enfermedad_cardiovascular = si,si,triangular,"altura_cm, peso_kg, presion_diastolica, sexo",4,0.028776920979217042,0.018156456570001735,0.6150539400010363,1.2362893266352488,0.2339381890567887,1,1,1,500,13,0.5,exploratoria,False,2
RD_1133,1133,altura_cm cercana a 160.07 con radio ±5.51 Y peso_kg cercana a 88.80 con radio ±8.17 Y fumador = no Y alcohol = no => enfermedad_cardiovascular = si,si,gaussiana,"alcohol, altura_cm, fumador, peso_kg",4,0.028728785083225496,0.012237995731683689,0.6148888193316902,1.235957425792342,0.23360959070983117,1,1,1,500,55,0.5,exploratoria,False,2
RD_1135,1135,peso_kg cercana a 88.67 con radio ±8.16 Y sexo = mujer Y fumador = no Y alcohol = no => enfermedad_cardiovascular = si,si,gaussiana,"alcohol, fumador, peso_kg, sexo",4,0.028561273289948053,0.031844211873785784,0.6143136218785924,1.234801250007221,0.23246491916137793,1,1,1,500,55,0.5,exploratoria,False,2
RD_1136,1136,presion_sistolica cercana a 135.95 con radio ±14.27 Y colesterol = normal Y fumador = no Y actividad_fisica = no => enfermedad_cardiovascular = si,si,triangular,"actividad_fisica, colesterol, fumador, presion_sistolica",4,0.028480260269359847,0.01429673261982759,0.6140351166236678,1.2342414404495836,0.2319106798480952,1,1,1,500,55,0.5,exploratoria,False,2
RD_1144,1144,altura_cm cercana a 160.07 con radio ±5.51 Y peso_kg cercana a 88.80 con radio ±8.17 Y fumador = no Y alcohol = no => enfermedad_cardiovascular = si,si,triangular,"alcohol, altura_cm, fumador, peso_kg",4,0.028195032952933376,0.0171604265880078,0.6130528723387246,1.2322670800778384,0.22995596485318337,1,1,1,500,55,0.5,exploratoria,False,2
RD_1147,1147,altura_cm cercana a 162.00 con radio ±4.90 Y peso_kg cercana a 89.15 con radio ±10.04 Y sexo = mujer Y fumador = no => enfermedad_cardiovascular = si,si,gaussiana,"altura_cm, fumador, peso_kg, sexo",4,0.027851508997161552,0.011808272781324583,0.6118663434153968,1.2298820973173805,0.22759471326447128,1,1,1,500,13,0.5,exploratoria,False,2
RD_1148,1148,peso_kg cercana a 89.90 con radio ±8.76 Y sexo = mujer Y fumador = no Y alcohol = no => enfermedad_cardiovascular = si,si,triangular,"alcohol, fumador, peso_kg, sexo",4,0.027765945912592044,0.03691370765283953,0.6115702056189642,1.2292868454652548,0.2270053843163468,1,1,1,500,13,0.5,exploratoria,False,2
RD_1152,1152,altura_cm cercana a 160.85 con radio ±5.51 Y presion_sistolica cercana a 132.11 con radio ±12.63 Y glucosa = normal Y fumador = no => enfermedad_cardiovascular = si,si,gaussiana,"altura_cm, fumador, glucosa, presion_sistolica",4,0.027388053568451004,0.01755478202903652,0.6102594011097542,1.2266520625321693,0.22439681812886408,1,1,1,100,13,0.5,exploratoria,False,2
RD_1153,1153,altura_cm cercana a 160.85 con radio ±5.51 Y presion_sistolica cercana a 132.11 con radio ±12.63 Y glucosa = normal Y fumador = no => enfermedad_cardiovascular = si,si,triangular,"altura_cm, fumador, glucosa, presion_sistolica",4,0.02738416233516962,0.027670512067992543,0.6102458787691966,1.2266248819481338,0.22436990799840115,1,1,1,100,13,0.5,exploratoria,False,2
RD_1158,1158,peso_kg cercana a 88.67 con radio ±8.16 Y sexo = mujer Y fumador = no Y alcohol = no => enfermedad_cardiovascular = si,si,triangular,"alcohol, fumador, peso_kg, sexo",4,0.02704418852023264,0.0369679001999276,0.6090624840427882,1.2242461990809812,0.22201489361748894,1,1,1,500,55,0.5,exploratoria,False,2
RD_1161,1161,peso_kg cercana a 88.52 con radio ±8.51 Y glucosa = normal Y fumador = no Y actividad_fisica = si => enfermedad_cardiovascular = si,si,gaussiana,"actividad_fisica, fumador, glucosa, peso_kg",4,0.02667391961033194,0.030088982811289404,0.6077691993765222,1.2216466319126074,0.2194411927890989,1,1,1,500,55,0.5,exploratoria,False,2
RD_1163,1163,edad_anios cercana a 52.84 con radio ±2.77 Y presion_sistolica cercana a 138.08 con radio ±14.33 Y colesterol = normal Y alcohol = no => enfermedad_cardiovascular = si,si,triangular,"alcohol, colesterol, edad_anios, presion_sistolica",4,0.02654608806349349,0.010983086557730122,0.6073216229144847,1.2207469807326325,0.21855049336215857,1,1,1,500,55,0.5,exploratoria,False,2
RD_1166,1166,peso_kg cercana a 87.17 con radio ±10.14 Y glucosa = normal Y alcohol = no Y actividad_fisica = no => enfermedad_cardiovascular = si,si,triangular,"actividad_fisica, alcohol, glucosa, peso_kg",4,0.026352625910382194,0.013397695241008676,0.6066431895130658,1.2193832955036499,0.21720037714042956,1,1,1,500,13,0.5,exploratoria,False,2
RD_1167,1167,peso_kg cercana a 85.86 con radio ±10.47 Y presion_sistolica cercana a 134.35 con radio ±14.37 Y presion_diastolica cercana a 82.57 con radio ±6.43 Y fumador = no => enfermedad_cardiovascular = si,si,triangular,"fumador, peso_kg, presion_diastolica, presion_sistolica",4,0.0261950216891434,0.010290248485020626,0.6060895506992933,1.218270453666921,0.21609860835680256,1,1,1,100,13,0.5,exploratoria,False,2
RD_1169,1169,peso_kg cercana a 88.52 con radio ±8.51 Y glucosa = normal Y fumador = no Y actividad_fisica = si => enfermedad_cardiovascular = si,si,triangular,"actividad_fisica, fumador, glucosa, peso_kg",4,0.025939354247744635,0.035602766745098206,0.6051896022434353,1.2164615120471063,0.2143076661560902,1,1,1,500,55,0.5,exploratoria,False,2
RD_1172,1172,presion_sistolica cercana a 133.02 con radio ±14.26 Y sexo = mujer Y colesterol = normal Y glucosa = normal => enfermedad_cardiovascular = si,si,gaussiana,"colesterol, glucosa, presion_sistolica, sexo",4,0.02578972579175494,0.03778075256957158,0.6046618550312483,1.2154007136306497,0.21325742294775774,1,1,1,50,55,0.5,exploratoria,False,2
RD_1173,1173,presion_sistolica cercana a 135.30 con radio ±17.59 Y presion_diastolica cercana a 85.29 con radio ±6.73 Y sexo = mujer Y glucosa = normal => enfermedad_cardiovascular = si,si,gaussiana,"glucosa, presion_diastolica, presion_sistolica, sexo",4,0.025656315756520567,0.012700639732679623,0.6041906502332814,1.2144535683081035,0.21231970195677902,1,1,1,500,13,0.5,exploratoria,False,2
RD_1178,1178,presion_diastolica cercana a 86.58 con radio ±7.09 Y sexo = mujer Y colesterol = normal Y glucosa = normal => enfermedad_cardiovascular = si,si,triangular,"colesterol, glucosa, presion_diastolica, sexo",4,0.025139579247610164,0.03299460115571473,0.60235960869244,1.2107730827988743,0.20867583819391045,1,1,1,500,55,0.5,exploratoria,False,2
RD_1179,1179,presion_sistolica cercana a 130.09 con radio ±12.75 Y sexo = mujer Y alcohol = no Y actividad_fisica = si => enfermedad_cardiovascular = si,si,gaussiana,"actividad_fisica, alcohol, presion_sistolica, sexo",4,0.02510604656102915,0.05304488148878274,0.6022404588310493,1.2105335855900488,0.2084387240418891,1,1,1,100,55,0.5,exploratoria,False,2
