regla_id_dominante,soporte_busqueda,confianzas_superadas,mejor_confianza_minima,particula,metodo_similitud,consecuente_dominante,consecuente_anomalo,Z,numero_condiciones_Z,fitness,soporte_anomalo,confianza_anomala,confianza_inversa,cf_directo,cf_inverso
RD_0138,0.001,0.60,0.6,23,triangular,0,1,"presion_sistolica(c=0.679, r=0.220)",1,0.12562169113371924,0.014149424085620673,0.7710986992182636,0.4814584436933363,0.6800702374565378,0.369437402829285
RD_0138,0.001,0.60,0.6,3,triangular,0,1,"presion_sistolica(c=0.691, r=0.238)",1,0.1255296634288294,0.01422430738261543,0.7682816950369623,0.4840064764197255,0.676132979451757,0.3713164931863411
RD_0138,0.001,0.60,0.6,4,triangular,0,1,"presion_sistolica(c=0.678, r=0.224)",1,0.12552171185167216,0.014313740786905029,0.7652664696399964,0.4870496015238226,0.6719186724907575,0.3736217402215407
RD_0138,0.001,0.60,0.6,17,triangular,0,1,"presion_sistolica(c=0.672, r=0.204)",1,0.1253952474152672,0.013750640187887379,0.7842174762161991,0.4678891370126671,0.6984060319473353,0.3590898178975719
RD_0138,0.001,0.60,0.6,19,triangular,0,1,"presion_sistolica(c=0.667, r=0.208)",1,0.1252897167712021,0.014220708919614964,0.767652374844094,0.48388403253894224,0.6752533939746078,0.3710894840046179
RD_0138,0.001,0.60,0.6,27,triangular,0,1,"presion_sistolica(c=0.699, r=0.232)",1,0.1252693597692909,0.013613212746812138,0.7887275866461964,0.46321293241942973,0.7047097032414085,0.3555204623779051
RD_0138,0.001,0.60,0.6,2,triangular,0,1,"presion_sistolica(c=0.674, r=0.196)",1,0.12506655603298392,0.013308413192580772,0.7992570254322343,0.45284160436178894,0.7194264428974455,0.3476840676839347
RD_0138,0.001,0.60,0.6,1,triangular,0,1,"presion_sistolica(c=0.667, r=0.188)",1,0.1248642309945281,0.013220816166347585,0.8018729273196449,0.4498609651734241,0.7230826251332741,0.3453664260609606
RD_0138,0.001,0.60,0.6,14,triangular,0,1,"presion_sistolica(c=0.667, r=0.190)",1,0.12479792601043747,0.0133573807800345,0.7965362012521223,0.45450781058362716,0.7156236133333804,0.3487809057309547
RD_0138,0.001,0.60,0.6,15,triangular,0,1,"presion_sistolica(c=0.650, r=0.198)",1,0.12474324975758053,0.014663753426321584,0.7514894967015651,0.498959382418562,0.6526629335949664,0.38225933582737964
RD_0138,0.001,0.60,0.6,18,triangular,0,1,"presion_sistolica(c=0.676, r=0.189)",1,0.1243209044958437,0.012683872740894568,0.8209796024488025,0.43159054339472464,0.7497875587277546,0.33161634398626827
RD_0138,0.001,0.60,0.6,28,triangular,0,1,"presion_sistolica(c=0.696, r=0.216)",1,0.12351855168366314,0.012907409399572339,0.8093222273199616,0.4391967619336672,0.7334943299688392,0.3367948370886808
RD_0138,0.001,0.60,0.6,13,triangular,0,1,"presion_sistolica(c=0.644, r=0.151)",1,0.12326123085840524,0.012346442188242516,0.8311074561544034,0.42010888960080534,0.7639430127161854,0.32269744943448647
RD_0138,0.001,0.60,0.6,21,triangular,0,1,"presion_sistolica(c=0.690, r=0.187)",1,0.12056415515677592,0.01147699113981668,0.8595250329888304,0.3905243251613205,0.8036615664231734,0.3000371305383342
RD_0138,0.001,0.60,0.6,29,triangular,0,1,"presion_sistolica(c=0.634, r=0.183)",1,0.12014914566534121,0.014572430167480587,0.7403661198734295,0.49585195176919217,0.6371160612305311,0.3771656468156969
RD_0138,0.001,0.60,0.6,32,triangular,0,1,"presion_sistolica(c=0.698, r=0.187)",1,0.11469814853987048,0.010956837686546525,0.8610189192541126,0.37282521100814,0.8057495348029354,0.2846992609630797
RD_0138,0.001,0.60,0.6,30,triangular,0,1,"presion_sistolica(c=0.619, r=0.175)",1,0.1116667147753959,0.01444748038198674,0.7180262906099536,0.491600320826501,0.6058922269966648,0.36860256593458685
RD_0138,0.001,0.60,0.6,5,triangular,0,1,"presion_sistolica(c=0.613, r=0.166)",1,0.10824211052978439,0.014193750335516704,0.7148611215373665,0.48296672043736244,0.6014683474191158,0.35992620723683405
RD_0138,0.001,0.60,0.6,26,triangular,0,1,"presion_sistolica(c=0.691, r=0.217) Y alcohol=0",2,0.07660634716716491,0.01210598902568141,0.8106463910576353,0.41192705797802853,0.7353450813132649,0.3125322346496928
RD_0138,0.001,0.60,0.6,34,triangular,0,1,"presion_sistolica(c=0.668, r=0.243) Y glucosa=1",2,0.06916696087160962,0.014076528459952253,0.7040164084204605,0.47897804489590146,0.5863109565240243,0.35390926999728756
RD_0138,0.001,0.60,0.6,33,triangular,0,1,"presion_sistolica(c=0.668, r=0.177) Y fumador=0",2,0.06457289381733153,0.010275719593904505,0.8183353411738274,0.3496489986852611,0.7460917392679416,0.25964458692716474
RD_0138,0.001,0.60,0.6,35,triangular,0,1,"presion_sistolica(c=0.615, r=0.119) Y glucosa=1",2,0.06378625366778407,0.010271949160548384,0.8133365363972859,0.34952070321791895,0.7391050318106301,0.25890604551097307
RD_0138,0.001,0.60,0.6,7,triangular,0,1,"presion_sistolica(c=0.678, r=0.182) Y actividad_fisica=1",2,0.0631289488427639,0.009354316815901882,0.8549805542003721,0.3182966874655639,0.7973098593131225,0.23753230229894226
RD_0138,0.001,0.60,0.6,16,triangular,0,1,"presion_sistolica(c=0.602, r=0.169) Y glucosa=1",2,0.06159394819710966,0.013018430509412473,0.6975127054586263,0.44297444577700174,0.5772208895950607,0.3201232802245939
RD_1037,0.001,0.60,0.6,15,gaussiana,0,1,"presion_sistolica(c=0.613, r=0.182)",1,0.06076721721555535,0.006837739863316149,0.7115813869414834,0.3624588239880988,0.5511144354291743,0.22052486129576174
RD_1037,0.001,0.60,0.6,25,gaussiana,0,1,"presion_sistolica(c=0.622, r=0.190)",1,0.060393227834623774,0.006771492092080124,0.7130382460222134,0.35894712425484854,0.5533818446092501,0.2182696393925543
RD_1037,0.001,0.60,0.6,29,gaussiana,0,1,"presion_sistolica(c=0.615, r=0.179)",1,0.059918594089002575,0.006716345607876595,0.7135677655132329,0.3560238878915108,0.5542059719190547,0.21623222096117745
RD_1037,0.001,0.60,0.6,12,gaussiana,0,1,"presion_sistolica(c=0.614, r=0.178)",1,0.059867322302875586,0.006713556120576843,0.71347816486569,0.3558760211539032,0.5540665203183704,0.21610156942338046
RD_1037,0.001,0.60,0.6,21,gaussiana,0,1,"presion_sistolica(c=0.615, r=0.178)",1,0.05965661737430886,0.006687751773734057,0.7137744498792266,0.3545081695834457,0.5545276488986823,0.21516192201701637
RD_1037,0.001,0.60,0.6,13,gaussiana,0,1,"presion_sistolica(c=0.612, r=0.165)",1,0.0579477816565572,0.006428713872330234,0.718594978199946,0.34077694040713713,0.562030165999882,0.20620879505093814
RD_1037,0.001,0.60,0.6,27,gaussiana,0,1,"presion_sistolica(c=0.621, r=0.200)",1,0.05687948966315939,0.007263261754914525,0.6776690622730713,0.3850151316998605,0.4983343709137097,0.22827841298150592
RD_1037,0.001,0.60,0.6,32,gaussiana,0,1,"presion_sistolica(c=0.598, r=0.173)",1,0.056650835576718864,0.0072014342515397565,0.6791937668039252,0.38173774405258165,0.5007073725965004,0.22628320922436845
RD_1037,0.001,0.60,0.6,22,gaussiana,0,1,"presion_sistolica(c=0.603, r=0.152)",1,0.05644018614131384,0.006280709464012798,0.7190136207971496,0.332931438113083,0.5626817280353773,0.20061140545073927
RD_0735,0.001,0.60,0.6,32,triangular,1,0,"presion_sistolica(c=0.399, r=0.134)",1,0.056414869997844924,0.01957807838031686,0.6013137846020056,0.49564755393207244,0.387053845714648,0.2915091562709147
RD_1037,0.001,0.60,0.6,11,gaussiana,0,1,"presion_sistolica(c=0.600, r=0.184)",1,0.056235163016366226,0.00753283691519934,0.6648767754650888,0.39930492591935723,0.47842486221363106,0.23508461812026624
RD_1037,0.001,0.60,0.6,30,gaussiana,0,1,"presion_sistolica(c=0.638, r=0.199)",1,0.055847575307895976,0.0063503032850921485,0.7129177455719153,0.33662050716945185,0.5531943015374299,0.2019094381582933
RD_1037,0.001,0.60,0.6,6,gaussiana,0,1,"presion_sistolica(c=0.641, r=0.208)",1,0.05583644667443891,0.0063937640225436776,0.7107889311111417,0.33892429878791464,0.5498810823559167,0.20308553418572833
RD_0138,0.001,0.60,0.6,22,triangular,0,1,"presion_sistolica(c=0.681, r=0.271) Y alcohol=0",2,0.05548646869736485,0.015172319026090507,0.612135186599863,0.5162641999644256,0.4578908148346751,0.36353515008200366
RD_1037,0.001,0.60,0.6,33,gaussiana,0,1,"presion_sistolica(c=0.594, r=0.177)",1,0.05506756410370735,0.007507582318741752,0.661264170860537,0.39796621583162484,0.47280231920127563,0.2329411759093536
RD_1037,0.001,0.60,0.6,10,gaussiana,0,1,"presion_sistolica(c=0.609, r=0.147)",1,0.05482635613161191,0.0059983947219500525,0.7257503979994544,0.31796633685915204,0.573166634005128,0.19131035506550922
RD_1037,0.001,0.60,0.6,4,gaussiana,0,1,"presion_sistolica(c=0.623, r=0.145)",1,0.05424522786619739,0.00553767830311272,0.7483681174371376,0.29354441752588256,0.6083681338370028,0.178330273560091
RD_1037,0.001,0.60,0.6,23,gaussiana,0,1,"presion_sistolica(c=0.619, r=0.143)",1,0.05424298547995906,0.005574456548242802,0.7462001659879494,0.29549397977081576,0.6049940030903386,0.1793174319179472
RD_1105,0.001,0.60,0.6,13,triangular,0,1,"presion_sistolica(c=0.630, r=0.110)",1,0.054105490935416015,0.006494547785692031,0.7760419402373245,0.2798746501817903,0.643262240833878,0.16822218840414954
RD_1105,0.001,0.60,0.6,31,triangular,0,1,"presion_sistolica(c=0.631, r=0.109)",1,0.05406030492346062,0.006445775720331527,0.7783190643283371,0.2777728772513506,0.6468894206122339,0.167139245753305
RD_1105,0.001,0.60,0.6,29,triangular,0,1,"presion_sistolica(c=0.632, r=0.108)",1,0.05402925387413441,0.006425570047798567,0.7792044382429577,0.2769021383302654,0.6482997128190006,0.16667986366737414
RD_1105,0.001,0.60,0.6,4,triangular,0,1,"presion_sistolica(c=0.629, r=0.113)",1,0.054015921587453046,0.006569736541069843,0.7717458181198085,0.28311481828946505,0.6364190444830489,0.16974954491290925
RD_1105,0.001,0.60,0.6,33,triangular,0,1,"presion_sistolica(c=0.631, r=0.108)",1,0.053925932710978876,0.006420495558970381,0.7789123717469909,0.2766834593964112,0.6478344866627769,0.16648058669667404
RD_1105,0.001,0.60,0.6,10,triangular,0,1,"presion_sistolica(c=0.627, r=0.114)",1,0.05385252242612425,0.006582561603625019,0.7702401145798503,0.28366749878618835,0.6340206431601298,0.1698762430122425
RD_1105,0.001,0.60,0.6,22,triangular,0,1,"presion_sistolica(c=0.632, r=0.107)",1,0.05381333806902063,0.006372033125918866,0.7808469044111824,0.2745950296943259,0.6509159602582736,0.16534650048423552
RD_1105,0.001,0.60,0.6,27,triangular,0,1,"presion_sistolica(c=0.628, r=0.120)",1,0.053702682455771554,0.006687268871705088,0.7642927756797255,0.2881797313530133,0.6245472607130758,0.1719731582665389
RD_1105,0.001,0.60,0.6,8,triangular,0,1,"presion_sistolica(c=0.628, r=0.121)",1,0.053686297676779,0.006701971911862825,0.7634943688504479,0.2888133410140002,0.6232754964216666,0.17227148503350898
RD_1105,0.001,0.60,0.6,15,triangular,0,1,"presion_sistolica(c=0.633, r=0.106)",1,0.05356372788616735,0.006319026309199594,0.7822980230106884,0.27231076529654297,0.6532274144565311,0.16399718291287893
RD_1105,0.001,0.60,0.6,20,triangular,0,1,"presion_sistolica(c=0.630, r=0.122)",1,0.05335489430122297,0.006693591847602747,0.7621767220422354,0.2884522123210283,0.6211766464395218,0.17178654286842268
RD_1105,0.001,0.60,0.6,23,triangular,0,1,"presion_sistolica(c=0.634, r=0.106)",1,0.0532614343122226,0.006288576112375362,0.7822651314620954,0.27099855104154535,0.6531750222481284,0.16308472460843618
RD_1105,0.001,0.60,0.6,12,triangular,0,1,"presion_sistolica(c=0.627, r=0.112)",1,0.05326075058123932,0.006489514918960366,0.7717845529507311,0.279657764901642,0.6364807443245266,0.16736013164942792
RD_1037,0.001,0.60,0.6,17,gaussiana,0,1,"presion_sistolica(c=0.612, r=0.134)",1,0.05305612332053666,0.005476961034749659,0.7457548752302787,0.29032588185085445,0.6043009667046647,0.17559503043610508
RD_1105,0.001,0.60,0.6,7,triangular,0,1,"presion_sistolica(c=0.639, r=0.182)",1,0.05292434479213271,0.009011584486487156,0.6728820812391743,0.38834329024349384,0.4789412203093625,0.22100559545886359
RD_1139,0.001,0.60,0.6,6,triangular,0,1,"presion_sistolica(c=0.653, r=0.225)",1,0.052847097693097,0.0036797043063292838,0.6942185888061565,0.3715777354787324,0.5044148010046399,0.20953825140674603
RD_1105,0.001,0.60,0.6,30,triangular,0,1,"presion_sistolica(c=0.627, r=0.107)",1,0.052622690968042,0.006330228348740928,0.7765476845117962,0.2727935035873999,0.6440678295203369,0.1634072951826587
RD_1105,0.001,0.60,0.6,32,triangular,0,1,"presion_sistolica(c=0.636, r=0.111)",1,0.05262151229187472,0.006339882402526167,0.7760355142927852,0.27320953331189163,0.6432520050912665,0.16361087684261047
RD_1105,0.001,0.60,0.6,11,triangular,0,1,"presion_sistolica(c=0.636, r=0.101)",1,0.052381267737486685,0.006065406376611877,0.7895707303299975,0.26138132228459154,0.6648119464662774,0.1575822095734368
RD_1139,0.001,0.60,0.6,10,triangular,0,1,"presion_sistolica(c=0.664, r=0.226)",1,0.05232580268904491,0.003514485206938585,0.7046756523612908,0.35489385718344807,0.5213627439899416,0.20072704961079613
RD_1105,0.001,0.60,0.6,14,triangular,0,1,"presion_sistolica(c=0.635, r=0.100)",1,0.05220623092719969,0.006035412093220145,0.7902597474700049,0.2600887550653298,0.6659094663805585,0.15679678263460672
RD_1139,0.001,0.60,0.6,31,triangular,0,1,"presion_sistolica(c=0.644, r=0.215)",1,0.0521575326573225,0.0037174067994025788,0.688642981368853,0.3753849454694865,0.49537831801325105,0.2105765664775313
RD_1139,0.001,0.60,0.6,20,triangular,0,1,"presion_sistolica(c=0.646, r=0.215)",1,0.05212169000867881,0.003667414935333036,0.6921435634643913,0.370336750805755,0.5010517716991495,0.20804911968248524
RD_1037,0.001,0.60,0.6,1,gaussiana,0,1,"presion_sistolica(c=0.631, r=0.130)",1,0.052118193862936694,0.00477214847228941,0.7868872630811637,0.2529647745803177,0.6683181081325122,0.155968223002579
RD_1139,0.001,0.60,0.6,25,triangular,0,1,"presion_sistolica(c=0.645, r=0.214)",1,0.05208903771864204,0.003676549186854698,0.6913371414137719,0.37125913048987097,0.49974478959428525,0.20846255450078913
RD_1105,0.001,0.60,0.6,5,triangular,0,1,"presion_sistolica(c=0.638, r=0.107)",1,0.05200283613019013,0.006189393825294706,0.7806035574333328,0.2667244108216392,0.6505283383273195,0.15987877258015595
RD_1139,0.001,0.60,0.6,21,triangular,0,1,"presion_sistolica(c=0.642, r=0.212)",1,0.05196553932452778,0.003690754328914701,0.6897911169197575,0.3726935703468265,0.49723912107268853,0.20901629466492133
RD_1037,0.001,0.60,0.6,2,gaussiana,0,1,"presion_sistolica(c=0.614, r=0.125)",1,0.05190573326181972,0.005091692665664996,0.7634748103319591,0.2699033558744837,0.6318797106280409,0.1642899190740887
RD_1139,0.001,0.60,0.6,23,triangular,0,1,"presion_sistolica(c=0.643, r=0.211)",1,0.051833175902904316,0.003666793971181595,0.6909986764878031,0.3702740456441448,0.49919623366005006,0.20766653435210983
RD_1139,0.001,0.60,0.6,7,triangular,0,1,"presion_sistolica(c=0.661, r=0.221)",1,0.05165753773513808,0.003471832421485699,0.7051808465322984,0.35058676506107755,0.522181520882862,0.19785279895695934
RD_1105,0.001,0.60,0.6,34,triangular,0,1,"presion_sistolica(c=0.626, r=0.103)",1,0.051597454235674904,0.0061782992966419505,0.7789251247479618,0.26624630558196993,0.6478548006313558,0.15928709391484477
RD_1037,0.001,0.60,0.6,16,gaussiana,0,1,"presion_sistolica(c=0.634, r=0.147)",1,0.05141753718134595,0.005162288804010588,0.7561843993561854,0.27364555633755233,0.620533146645537,0.16572051778151617
RD_1139,0.001,0.60,0.6,15,triangular,0,1,"presion_sistolica(c=0.643, r=0.208)",1,0.051382218234656205,0.003619435440220161,0.6926262023563241,0.36549176581258863,0.5018339928628479,0.20477775107075719
RD_1105,0.001,0.60,0.6,17,triangular,0,1,"presion_sistolica(c=0.631, r=0.096)",1,0.05133720339918743,0.0058955059302815485,0.7932297579920459,0.2540596688682923,0.6706403293798873,0.15309906413369673
RD_1139,0.001,0.60,0.6,17,triangular,0,1,"presion_sistolica(c=0.651, r=0.212)",1,0.051318440423440546,0.0035259914925510542,0.6994560503381826,0.35605576564014085,0.512903245104122,0.20010963437372145
RD_0138,0.001,0.60,0.6,10,triangular,0,1,"presion_sistolica(c=0.680, r=0.245) Y glucosa=1 Y alcohol=0",3,0.051253755558887906,0.012079186220508908,0.7656990788928002,0.41101504652181087,0.6725233198870411,0.304844480738581
RD_1139,0.001,0.60,0.6,1,triangular,0,1,"presion_sistolica(c=0.643, r=0.207)",1,0.051132221076013736,0.003587694062311989,0.6939510097453215,0.3622865111665003,0.5039811310127553,0.20291323595096905
RD_1139,0.001,0.60,0.6,3,triangular,0,1,"presion_sistolica(c=0.637, r=0.204)",1,0.05112975045557645,0.003649567737178782,0.68934759149232,0.36853453494199895,0.49652029177447216,0.205952309714667
RD_0138,0.001,0.60,0.6,24,triangular,0,1,"presion_sistolica(c=0.680, r=0.235) Y glucosa=1 Y alcohol=0",3,0.051085668683651636,0.011838099196955163,0.7735827084162433,0.4028116466906613,0.6835420764987424,0.29894673899417584
RD_1139,0.001,0.60,0.6,30,triangular,0,1,"presion_sistolica(c=0.640, r=0.205)",1,0.051082311797826484,0.0036168460292065213,0.6915623315251391,0.36523028624777226,0.5001097590857857,0.20428440305266726
RD_1139,0.001,0.60,0.6,29,triangular,0,1,"presion_sistolica(c=0.653, r=0.211)",1,0.05105851716342103,0.0034759995451929967,0.7022461126219038,0.3510075625659081,0.5174251470951194,0.19735614880749053
RD_1037,0.001,0.60,0.6,34,gaussiana,0,1,"presion_sistolica(c=0.603, r=0.133)",1,0.05104868787638665,0.005615900743084215,0.7273979160125179,0.2976908773456917,0.575730778689107,0.1773352746317313
RD_1105,0.001,0.60,0.6,6,triangular,0,1,"presion_sistolica(c=0.625, r=0.102)",1,0.05102672896973768,0.006089976933774194,0.7804817925288103,0.262440160608289,0.650334381747992,0.15692459264597458
RD_1105,0.001,0.60,0.6,19,triangular,0,1,"presion_sistolica(c=0.625, r=0.102)",1,0.05097885661134026,0.00608683744458226,0.7803801168883966,0.26230486813399573,0.6501724249058876,0.15681642179370942
RD_1139,0.001,0.60,0.6,5,triangular,0,1,"presion_sistolica(c=0.623, r=0.193)",1,0.050828010500331214,0.0037560109909475156,0.6805020237444112,0.37928320926464565,0.48218412779557224,0.2108240714297438
RD_1037,0.001,0.60,0.6,31,gaussiana,0,1,"presion_sistolica(c=0.623, r=0.113)",1,0.05077646490052903,0.004496788299991775,0.799734739754368,0.23836832513660383,0.6883135125851083,0.14753877113301808
RD_1139,0.001,0.60,0.6,35,triangular,0,1,"presion_sistolica(c=0.628, r=0.194)",1,0.050480975250339136,0.0036741283442697868,0.6848741440284403,0.3710146730197138,0.4892700984323506,0.20635217812035958
RD_1037,0.001,0.60,0.6,14,gaussiana,0,1,"presion_sistolica(c=0.587, r=0.183)",1,0.05038332476639191,0.007898442099289105,0.6300237985370932,0.41868513454356493,0.42418079641152867,0.23755589688464526
RD_1139,0.001,0.60,0.6,19,triangular,0,1,"presion_sistolica(c=0.621, r=0.189)",1,0.05022412191905267,0.003717526960545608,0.6807333406642954,0.3753970793807202,0.4825590271111462,0.20815742364087914
RD_1105,0.001,0.60,0.6,16,triangular,0,1,"presion_sistolica(c=0.643, r=0.105)",1,0.05020211355070425,0.0059758326030782275,0.7820286078183937,0.25752124928791226,0.6527982690527605,0.15380590277468034
RD_1139,0.001,0.60,0.6,12,triangular,0,1,"presion_sistolica(c=0.616, r=0.184)",1,0.050162184307601505,0.0037407368740785024,0.6788582667598633,0.3777408239844309,0.4795200625435129,0.2092182923130548
RD_1105,0.001,0.60,0.6,9,triangular,0,1,"presion_sistolica(c=0.657, r=0.141)",1,0.050150879748160966,0.006466590819358329,0.756169537117585,0.27866987866713194,0.6116079366052465,0.16399682458839682
RD_1139,0.001,0.60,0.6,22,triangular,0,1,"presion_sistolica(c=0.620, r=0.187)",1,0.05008542919105186,0.0037125135526459886,0.6805162009054117,0.37489082382340067,0.48220710496455116,0.20773409879447474
RD_1139,0.001,0.60,0.6,13,triangular,0,1,"presion_sistolica(c=0.646, r=0.199)",1,0.049517514717880254,0.0033931780763787663,0.7020455298639837,0.3426442237568412,0.5171000591651148,0.191520050482411
RD_1139,0.001,0.60,0.6,14,triangular,0,1,"presion_sistolica(c=0.658, r=0.205)",1,0.04863052756635144,0.0032403275325903654,0.7106288690052336,0.32720932622176074,0.5310112247253536,0.18316195704338953
RD_0138,0.001,0.60,0.6,20,triangular,0,1,"presion_sistolica(c=0.667, r=0.207) Y alcohol=0 Y actividad_fisica=1",3,0.04806433067818794,0.010131203705845842,0.8219690644869272,0.34473159751524507,0.7511705056739795,0.2559436522873738
RD_1037,0.001,0.60,0.6,18,gaussiana,0,1,"presion_sistolica(c=0.650, r=0.152)",1,0.04798551943309825,0.0047509980612931045,0.7635789607410485,0.25184362150198636,0.632041807015263,0.1518428651411645
RD_1037,0.001,0.60,0.6,20,gaussiana,0,1,"presion_sistolica(c=0.616, r=0.107)",1,0.04795647356421471,0.004332439118557198,0.7947950268672145,0.22965640976442508,0.6806255004119208,0.1409188269766296
RD_1139,0.001,0.60,0.6,24,triangular,0,1,"presion_sistolica(c=0.597, r=0.166)",1,0.04779350866093172,0.003735411809692575,0.6695104159437841,0.37720309725394385,0.46436983974619334,0.20584243234682859
RD_1139,0.001,0.60,0.6,27,triangular,0,1,"presion_sistolica(c=0.636, r=0.184)",1,0.0476635546541339,0.0033169739899446514,0.6997800347181412,0.3349491103688689,0.5134283321680685,0.18566780081209638
RD_1037,0.001,0.60,0.6,19,gaussiana,0,1,"presion_sistolica(c=0.629, r=0.099)",1,0.047363774147762834,0.0040423013428384355,0.8156555843950996,0.21427662066982445,0.7130922092829848,0.132840531788693
RD_1105,0.001,0.60,0.6,2,triangular,0,1,"presion_sistolica(c=0.609, r=0.111)",1,0.046883958607603075,0.006298331446446763,0.7463087985447882,0.2714189453169797,0.5959009877867484,0.15735486118838643
RD_1037,0.001,0.60,0.6,24,gaussiana,0,1,"presion_sistolica(c=0.631, r=0.097)",1,0.04642652967791207,0.003950777854415767,0.8174036244428299,0.20942509126916073,0.7158128032675298,0.1297169580258555
RD_1139,0.001,0.60,0.6,34,triangular,0,1,"presion_sistolica(c=0.657, r=0.194)",1,0.04586605541911532,0.0030040801176277297,0.7181145277051028,0.30335298556049434,0.5431433606910492,0.16889115743128766
RD_1139,0.001,0.60,0.6,33,triangular,0,1,"presion_sistolica(c=0.613, r=0.188)",1,0.04580488049623071,0.003976732467506132,0.6462761655790695,0.4015717356253378,0.4267136900621771,0.21468671647050466
RD_1139,0.001,0.60,0.6,8,triangular,0,1,"presion_sistolica(c=0.620, r=0.157)",1,0.04539185496691794,0.003105881500693175,0.7066451460305313,0.31363292227252754,0.5245547362964063,0.17306813503355234
RD_1105,0.001,0.60,0.6,25,triangular,0,1,"presion_sistolica(c=0.655, r=0.109)",1,0.045337058750441486,0.005677433880728101,0.7695111916483385,0.24466211870819385,0.6328595582075817,0.1432768397426042
RD_0138,0.001,0.60,0.6,8,triangular,0,1,"presion_sistolica(c=0.655, r=0.212) Y fumador=0 Y actividad_fisica=1",3,0.045233663318979545,0.010339079768030607,0.7874397113436793,0.3518049373752247,0.702909671357305,0.257408114653675
RD_0138,0.001,0.60,0.6,12,triangular,0,1,"presion_sistolica(c=0.694, r=0.243) Y glucosa=1 Y actividad_fisica=1",3,0.044826559940123974,0.010100419253216414,0.7944888564645612,0.343684103669331,0.7127620894823055,0.2515653433402019
RD_1105,0.001,0.60,0.6,21,triangular,0,1,"presion_sistolica(c=0.602, r=0.115)",1,0.04482089253016583,0.007066949941305714,0.7020263065159923,0.30454162598241746,0.5253644016358219,0.17062782476546742
RD_1105,0.001,0.60,0.6,35,triangular,0,1,"presion_sistolica(c=0.598, r=0.118)",1,0.044480793861914364,0.0075030344574420925,0.6843193861927928,0.32333415864685444,0.4971594462771043,0.1789397514016937
RD_1139,0.001,0.60,0.6,16,triangular,0,1,"presion_sistolica(c=0.654, r=0.236)",1,0.04442281119261957,0.004127312855176203,0.632342337992007,0.4167773920585772,0.4041308957368415,0.2198436776857884
RD_0138,0.001,0.60,0.6,6,triangular,0,1,"altura_cm(c=0.734, r=0.191) Y presion_sistolica(c=0.643, r=0.174)",2,0.04429339735170086,0.007987525502435826,0.7804682560201637,0.27178926676399034,0.6931658383663277,0.19170043400909412
RD_0735,0.001,0.60,0.6,8,triangular,1,0,"presion_sistolica(c=0.375, r=0.116)",1,0.04425422501984924,0.015289901049888104,0.617295967424587,0.38708610252881276,0.4116250927752155,0.21502199839899483
RD_1180,0.001,0.60,0.6,3,triangular,0,1,"presion_sistolica(c=0.642, r=0.206)",1,0.044088541679340856,0.010749115898210378,0.7198331504649457,0.3027919971326867,0.537339147556791,0.1640994961182543
RD_1181,0.001,0.60,0.6,28,gaussiana,0,1,"presion_sistolica(c=0.647, r=0.217)",1,0.04408707890243452,0.00900938320206097,0.7698122773535432,0.2537854423115766,0.6198734855379612,0.14224540952634315
RD_1180,0.001,0.60,0.6,5,triangular,0,1,"presion_sistolica(c=0.642, r=0.204)",1,0.04403963618889242,0.010682995147367983,0.7212382820479836,0.3009294407709291,0.5396595483361196,0.16321266370501772
RD_0736,0.001,0.60,0.6,30,gaussiana,1,0,"presion_sistolica(c=0.420, r=0.101)",1,0.0439782297764041,0.015639228246599253,0.6108334605275101,0.3959298290278292,0.40168953795385903,0.21896626932541996
RD_1181,0.001,0.60,0.6,13,gaussiana,0,1,"presion_sistolica(c=0.646, r=0.215)",1,0.0439257561489281,0.008965653835157343,0.7703144768013218,0.2525536291593618,0.6207028057269534,0.1415355488766745
RD_1181,0.001,0.60,0.6,30,gaussiana,0,1,"presion_sistolica(c=0.646, r=0.214)",1,0.043844333587702906,0.008923094108622985,0.7712575689665895,0.25135476362318265,0.6222602056329,0.14091961269838524
RD_1181,0.001,0.60,0.6,24,gaussiana,0,1,"presion_sistolica(c=0.647, r=0.214)",1,0.04383153485596759,0.008903983764494545,0.7718255362474883,0.2508164440702689,0.6231981332527329,0.1406664510600903
RD_1181,0.001,0.60,0.6,10,gaussiana,0,1,"presion_sistolica(c=0.648, r=0.214)",1,0.04380908923024642,0.008862991224088831,0.7730807814688526,0.2496617246222206,0.6252710152696648,0.1401283224726244
RD_1180,0.001,0.60,0.6,30,triangular,0,1,"presion_sistolica(c=0.639, r=0.208)",1,0.04378579000118574,0.010928687849709661,0.713911623353691,0.3078503619636524,0.5275604789327006,0.16599344245713055
RD_0736,0.001,0.60,0.6,32,gaussiana,1,0,"presion_sistolica(c=0.413, r=0.104)",1,0.04376100317197351,0.015377686919141723,0.6138820988478678,0.38930852959852463,0.40637656013345663,0.21537168953643449
RD_1181,0.001,0.60,0.6,29,gaussiana,0,1,"presion_sistolica(c=0.650, r=0.215)",1,0.043737261617228074,0.008773220535645365,0.7757262349903162,0.2471329728350807,0.6296396541124488,0.13892791323278675
RD_1181,0.001,0.60,0.6,4,gaussiana,0,1,"presion_sistolica(c=0.664, r=0.232)",1,0.0437093757439903,0.008620823771974873,0.7809008183307865,0.24284010625281333,0.6381848376104731,0.13698030153035087
RD_1181,0.001,0.60,0.6,34,gaussiana,0,1,"presion_sistolica(c=0.647, r=0.212)",1,0.0436695829675182,0.00882145175533848,0.7736581036448567,0.248491598741929,0.6262243913401302,0.1394694412144011
RD_1181,0.001,0.60,0.6,12,gaussiana,0,1,"presion_sistolica(c=0.640, r=0.208)",1,0.043619628402042226,0.00904249013507789,0.765955496203286,0.25471803197402504,0.613504489143041,0.14219823709186302
RD_1181,0.001,0.60,0.6,35,gaussiana,0,1,"presion_sistolica(c=0.656, r=0.219)",1,0.043545980504009284,0.008586254120791498,0.7811251268869007,0.24186631326173233,0.6385552554095608,0.13638907560499045
RD_0736,0.001,0.60,0.6,16,gaussiana,1,0,"presion_sistolica(c=0.430, r=0.100)",1,0.043443684805559164,0.015894143716906863,0.6049103554504818,0.4023833852381485,0.39258326756332573,0.2213221417978619
RD_1181,0.001,0.60,0.6,15,gaussiana,0,1,"presion_sistolica(c=0.659, r=0.220)",1,0.043380784810449734,0.008483076505598207,0.7838158273671387,0.2389599015661467,0.6429986140007795,0.13493274749235196
RD_1037,0.001,0.60,0.6,5,gaussiana,0,1,"presion_sistolica(c=0.574, r=0.152)",1,0.04332391494431734,0.006599470824690832,0.6451858121909482,0.3498285225640514,0.44777847267405335,0.19350601955290359
RD_1181,0.001,0.60,0.6,3,gaussiana,0,1,"presion_sistolica(c=0.650, r=0.210)",1,0.04329088602377319,0.00856867540090783,0.7801731470319925,0.2413711380537417,0.6369831785849417,0.1359247386090914
RD_1180,0.001,0.60,0.6,31,triangular,0,1,"presion_sistolica(c=0.636, r=0.206)",1,0.04328488980495089,0.01092881341959675,0.7114039465511247,0.3078538991435704,0.5234193612770867,0.16539277301221889
RD_1181,0.001,0.60,0.6,19,gaussiana,0,1,"presion_sistolica(c=0.644, r=0.204)",1,0.043165062694502356,0.008689822287214459,0.775129871501972,0.24478372640040727,0.6286548336729813,0.1373251596342813
RD_1180,0.001,0.60,0.6,7,triangular,0,1,"presion_sistolica(c=0.635, r=0.205)",1,0.043124968515344864,0.010918794656128447,0.7108421272570826,0.3075716804543225,0.5224915862960997,0.16507430797519346
RD_1180,0.001,0.60,0.6,34,triangular,0,1,"presion_sistolica(c=0.635, r=0.204)",1,0.043060202965357286,0.010875652388783092,0.7115496454767357,0.3063564053178336,0.5236599650074535,0.16445864050250392
RD_1181,0.001,0.60,0.6,23,gaussiana,0,1,"presion_sistolica(c=0.670, r=0.233)",1,0.04303502165520672,0.008338645080885929,0.786945854114703,0.2348914107291811,0.6481674655105186,0.13278982344882392
RD_1037,0.001,0.60,0.6,9,gaussiana,0,1,"presion_sistolica(c=0.628, r=0.088)",1,0.042949250336964256,0.003636381334143693,0.8217638580653354,0.19275938077392402,0.7225989323267593,0.11887438083714909
RD_1180,0.001,0.60,0.6,26,triangular,0,1,"presion_sistolica(c=0.658, r=0.220)",1,0.04287843198056741,0.01032096561173118,0.7244793334823525,0.29073142568256843,0.5450117433653527,0.15734865350166785
RD_0736,0.001,0.60,0.6,23,gaussiana,1,0,"presion_sistolica(c=0.422, r=0.097)",1,0.042873031871005225,0.015372351220318036,0.6102479143728301,0.38917344861564646,0.40078931053237826,0.21394299071527595
RD_1180,0.001,0.60,0.6,10,triangular,0,1,"presion_sistolica(c=0.643, r=0.145)",1,0.04284113432922116,0.0075794627625976494,0.8162100218818313,0.21350599331260983,0.6964936141167857,0.12301946051162992
RD_1181,0.001,0.60,0.6,21,gaussiana,0,1,"presion_sistolica(c=0.631, r=0.198)",1,0.04273976505324863,0.009068325135826016,0.759915408140511,0.25544577847397226,0.6035300317916694,0.14163260418497892
RD_1180,0.001,0.60,0.6,18,triangular,0,1,"presion_sistolica(c=0.635, r=0.197)",1,0.04260722738429931,0.010588717993638294,0.7162500577242635,0.29827374629967024,0.5314221136730957,0.16035172902311381
RD_1180,0.001,0.60,0.6,19,triangular,0,1,"presion_sistolica(c=0.655, r=0.206)",1,0.042559637183618826,0.009921584122147184,0.7334768843706665,0.27948124287738546,0.5598700842818345,0.15203397494692578
RD_1180,0.001,0.60,0.6,35,triangular,0,1,"presion_sistolica(c=0.646, r=0.149)",1,0.042541515447244875,0.007649129265355496,0.8111411494023625,0.21546843001001398,0.6881229990130756,0.12364509109057262
RD_1180,0.001,0.60,0.6,11,triangular,0,1,"presion_sistolica(c=0.642, r=0.176)",1,0.042526426347784946,0.009350345548201232,0.7498493998143306,0.26339001544228824,0.5869072657484359,0.14491702123862582
RD_1180,0.001,0.60,0.6,27,triangular,0,1,"presion_sistolica(c=0.642, r=0.167)",1,0.04250082521082359,0.00892713766346158,0.7630793435206937,0.25146866657638256,0.608754879208485,0.139631982140608
RD_0138,0.001,0.60,0.6,31,triangular,0,1,"presion_sistolica(c=0.690, r=0.246) Y glucosa=1 Y fumador=0",3,0.04249361969351573,0.010738911677097519,0.7472122263174106,0.36540990444055715,0.646684697151297,0.2628398035747799
RD_1180,0.001,0.60,0.6,17,triangular,0,1,"presion_sistolica(c=0.640, r=0.179)",1,0.04240165655078033,0.009556325753626844,0.7429867091203747,0.2691922747500519,0.5755743820336462,0.1473368442874918
RD_1181,0.001,0.60,0.6,8,gaussiana,0,1,"presion_sistolica(c=0.634, r=0.193)",1,0.04237960865951576,0.008768093668741568,0.7676438381533423,0.24698855404905828,0.6162925767669871,0.13753081006373694
RD_1180,0.001,0.60,0.6,4,triangular,0,1,"presion_sistolica(c=0.642, r=0.153)",1,0.042340207721332006,0.008145004564397141,0.7897757606163125,0.2294367482928772,0.6528407056049197,0.1297106854944032
RD_1180,0.001,0.60,0.6,8,triangular,0,1,"presion_sistolica(c=0.645, r=0.161)",1,0.04233822534345893,0.00839452870972819,0.780468828505119,0.2364655974571321,0.6374714599167103,0.1328317517116474
RD_1181,0.001,0.60,0.6,32,gaussiana,0,1,"presion_sistolica(c=0.650, r=0.228)",1,0.04226000272995264,0.009471692821997684,0.7446760522123355,0.266808248506977,0.578364122919453,0.14613632158451867
RD_1180,0.001,0.60,0.6,16,triangular,0,1,"presion_sistolica(c=0.640, r=0.177)",1,0.04224582566655589,0.009469575819893113,0.7446579153644466,0.2667486146448764,0.5783341721614714,0.14609486245181036
RD_1180,0.001,0.60,0.6,6,triangular,0,1,"presion_sistolica(c=0.653, r=0.194)",1,0.042235400783712934,0.009492718114465809,0.7439136293316662,0.2674005102666425,0.5771050759605496,0.14636988147579597
RD_1181,0.001,0.60,0.6,6,gaussiana,0,1,"presion_sistolica(c=0.631, r=0.192)",1,0.04219415182010369,0.008866915967711685,0.7632156492297669,0.2497722807806108,0.6089799712051196,0.13857320048344135
RD_1181,0.001,0.60,0.6,11,gaussiana,0,1,"presion_sistolica(c=0.645, r=0.225)",1,0.04218120038448925,0.009580077829468642,0.7410469685477137,0.2698613473089758,0.572371140720995,0.14739108030972745
RD_1181,0.001,0.60,0.6,16,gaussiana,0,1,"presion_sistolica(c=0.652, r=0.236)",1,0.042173459255427884,0.009706791942780521,0.7373610139472576,0.273430758951564,0.5662842432156547,0.14894802304914992
RD_1180,0.001,0.60,0.6,13,triangular,0,1,"presion_sistolica(c=0.649, r=0.155)",1,0.042138962826179044,0.007769539102249674,0.8033416083393211,0.21886025640139925,0.6752430229456678,0.12481124985891094
RD_1119,0.001,0.60,0.6,13,gaussiana,0,1,"presion_sistolica(c=0.615, r=0.185)",1,0.04211824260021612,0.0022923004665960692,0.7133999265961011,0.2822110562670285,0.5394833752684818,0.15614287494681503
RD_1119,0.001,0.60,0.6,21,gaussiana,0,1,"presion_sistolica(c=0.615, r=0.185)",1,0.04210864389109874,0.002294286446668714,0.7131108696508667,0.28245555542505496,0.5390189108767126,0.15624180540385552
RD_1119,0.001,0.60,0.6,30,gaussiana,0,1,"presion_sistolica(c=0.615, r=0.185)",1,0.042108139919283596,0.00229658501137219,0.712835177724437,0.2827385376877726,0.5385759217528188,0.15636844581629578
RD_1105,0.001,0.60,0.6,3,triangular,0,1,"presion_sistolica(c=0.607, r=0.076)",1,0.042100426002717094,0.005134131182473872,0.780668624483799,0.22124914868559784,0.6506319821694009,0.1294139456912085
RD_1037,0.001,0.60,0.6,7,gaussiana,0,1,"presion_sistolica(c=0.603, r=0.100)",1,0.042092565176169765,0.00410722458238216,0.7730906518455225,0.21771810886986018,0.6468455008066512,0.13014719936577768
RD_0138,0.001,0.60,0.6,9,triangular,0,1,"presion_sistolica(c=0.649, r=0.185) Y glucosa=1 Y fumador=0",3,0.042090442664343974,0.010335548132609907,0.7599425047185465,0.3516847674175605,0.664477496633337,0.25337467635909877
RD_1119,0.001,0.60,0.6,6,gaussiana,0,1,"presion_sistolica(c=0.613, r=0.184)",1,0.04208550284929359,0.002308160594459047,0.711343561995107,0.28416363774662295,0.5361791539051725,0.15698298802842583
RD_1181,0.001,0.60,0.6,27,gaussiana,0,1,"presion_sistolica(c=0.659, r=0.243)",1,0.04207174876042276,0.00949797959963695,0.7428262434210438,0.26754872111653377,0.5753093928053933,0.1462578198324467
RD_1119,0.001,0.60,0.6,23,gaussiana,0,1,"presion_sistolica(c=0.614, r=0.184)",1,0.04206610660443289,0.0022885095551582343,0.7135640143134202,0.2817443473269589,0.5397470357792494,0.1558734140844359
RD_1119,0.001,0.60,0.6,5,gaussiana,0,1,"presion_sistolica(c=0.614, r=0.184)",1,0.042065697741335624,0.0022850012612848154,0.7139805912903945,0.2813124321683048,0.5404164027514857,0.1556788340515261
RD_1119,0.001,0.60,0.6,15,gaussiana,0,1,"presion_sistolica(c=0.616, r=0.184)",1,0.04205738235649154,0.0022743587677161617,0.7152114722933786,0.28000220718031066,0.5423942151023623,0.15508049748854472
RD_1139,0.001,0.60,0.6,32,triangular,0,1,"presion_sistolica(c=0.599, r=0.136)",1,0.04204843699558585,0.003069028460036689,0.6931103193880621,0.3099114902625998,0.5026186096731838,0.1673174696930815
RD_1119,0.001,0.60,0.6,1,gaussiana,0,1,"presion_sistolica(c=0.614, r=0.183)",1,0.04203602143780287,0.002282561907370653,0.7141082490799832,0.2810121169806771,0.5406215266849301,0.15550998013551587
RD_1181,0.001,0.60,0.6,26,gaussiana,0,1,"presion_sistolica(c=0.680, r=0.241)",1,0.04203238382709296,0.008046406272847265,0.7915561119705518,0.2266593316295004,0.6557807353642139,0.12819035863793288
RD_1180,0.001,0.60,0.6,28,triangular,0,1,"presion_sistolica(c=0.651, r=0.149)",1,0.042028148014074444,0.007263014685671255,0.8246690191133252,0.20459196297665508,0.7104626003706288,0.11831206313224514
RD_1180,0.001,0.60,0.6,29,triangular,0,1,"presion_sistolica(c=0.649, r=0.162)",1,0.04200839652570468,0.008147104578996714,0.787534969633645,0.22949590363371025,0.6491403168262027,0.12942778452305492
RD_1181,0.001,0.60,0.6,5,gaussiana,0,1,"presion_sistolica(c=0.642, r=0.227)",1,0.04199277223840998,0.009870377177647034,0.7317775945361548,0.27803879373653617,0.5570639175826408,0.15076464625688243
RD_1119,0.001,0.60,0.6,17,gaussiana,0,1,"presion_sistolica(c=0.612, r=0.181)",1,0.041955446742780116,0.002283125998000881,0.7135949570032495,0.2810815636413164,0.5397967553166908,0.15544905125695124
RD_1181,0.001,0.60,0.6,2,gaussiana,0,1,"presion_sistolica(c=0.638, r=0.222)",1,0.041782913123946275,0.00990407821769418,0.7296972316543987,0.2789881188082868,0.5536284559430437,0.15094207198137527
RD_1119,0.001,0.60,0.6,31,gaussiana,0,1,"presion_sistolica(c=0.616, r=0.179)",1,0.04172436555875449,0.002218825370261761,0.7201466821353912,0.2731653465758301,0.5503242416086099,0.15163557191954055
RD_1119,0.001,0.60,0.6,27,gaussiana,0,1,"presion_sistolica(c=0.608, r=0.176)",1,0.04168404271342064,0.0022842954015992057,0.7119531986321307,0.2812255319515335,0.537158734276735,0.1552019544820274
RD_1119,0.001,0.60,0.6,33,gaussiana,0,1,"presion_sistolica(c=0.612, r=0.176)",1,0.041607438743389936,0.0022309461400397447,0.7179808487853678,0.2746575659823434,0.5468441229462602,0.15217293922523809
RD_1181,0.001,0.60,0.6,9,gaussiana,0,1,"presion_sistolica(c=0.656, r=0.197)",1,0.04160557737266068,0.007788690691621579,0.798936895263639,0.21939973779215713,0.6679691848390368,0.12457334355232733
RD_1180,0.001,0.60,0.6,25,triangular,0,1,"presion_sistolica(c=0.654, r=0.174)",1,0.04155214131525666,0.00840767996100567,0.7750067676248201,0.23683605523959633,0.6284515428666754,0.13223657985058637
RD_1119,0.001,0.60,0.6,20,gaussiana,0,1,"presion_sistolica(c=0.619, r=0.179)",1,0.041540562322405036,0.0021753604169544227,0.7245926598169808,0.2678142634337166,0.5574681568604106,0.14903295125000923
RD_1119,0.001,0.60,0.6,19,gaussiana,0,1,"presion_sistolica(c=0.618, r=0.178)",1,0.04153508643322398,0.0021773266695231104,0.7243087112631736,0.2680563338875613,0.5570119007679273,0.1491353645261849
RD_1180,0.001,0.60,0.6,2,triangular,0,1,"presion_sistolica(c=0.667, r=0.215)",1,0.04151929429075843,0.009538038333967571,0.7385117453361396,0.26867713616810057,0.5681845335826158,0.146147217450513
RD_1119,0.001,0.60,0.6,22,gaussiana,0,1,"presion_sistolica(c=0.611, r=0.173)",1,0.04146478836569527,0.0022059370143191234,0.7202783743439178,0.27157862764560264,0.5505358481537648,0.15063429022741548
RD_1105,0.001,0.60,0.6,18,triangular,0,1,"presion_sistolica(c=0.591, r=0.105)",1,0.041440144506736325,0.006926833948479177,0.6898116422491198,0.2985034974211657,0.5059079374918296,0.16382484414926018
RD_1119,0.001,0.60,0.6,2,gaussiana,0,1,"presion_sistolica(c=0.620, r=0.182)",1,0.041429701484565366,0.002182389620178177,0.7230527194542773,0.2686796468751103,0.554993739705881,0.14929790561789416
RD_1119,0.001,0.60,0.6,24,gaussiana,0,1,"presion_sistolica(c=0.654, r=0.218)",1,0.04139732759908681,0.0020299591143982374,0.7434848819397065,0.24991353193060975,0.5878246821128476,0.14084923229249352
RD_1119,0.001,0.60,0.6,4,gaussiana,0,1,"presion_sistolica(c=0.613, r=0.171)",1,0.041320470054473805,0.0021702960978403217,0.7239675675361139,0.26719078197162627,0.5564637419490268,0.14851091612814854
RD_1181,0.001,0.60,0.6,31,gaussiana,0,1,"presion_sistolica(c=0.645, r=0.186)",1,0.04127716208730528,0.007894700447765014,0.792470235047675,0.2223859281060567,0.6572902964090045,0.1255979658084598
RD_1119,0.001,0.60,0.6,10,gaussiana,0,1,"presion_sistolica(c=0.641, r=0.209)",1,0.04122341441247878,0.002138502980137108,0.7275288033527633,0.26327664878542606,0.5621860304281547,0.14665399772058896
RD_1119,0.001,0.60,0.6,29,gaussiana,0,1,"presion_sistolica(c=0.616, r=0.172)",1,0.041221754747448554,0.0021364205383487965,0.7277927425122305,0.26302027397537914,0.5626101348933376,0.14653754772925867
RD_1180,0.001,0.60,0.6,15,triangular,0,1,"presion_sistolica(c=0.662, r=0.196)",1,0.04117993797681513,0.008908123998641134,0.7557364370370169,0.2509330703842573,0.5966289785932388,0.13804203099189455
RD_1119,0.001,0.60,0.6,12,gaussiana,0,1,"presion_sistolica(c=0.622, r=0.179)",1,0.04102440847915414,0.002127391199908634,0.7278180209308361,0.2619086486994943,0.5626507529290434,0.14582548149305605
RD_1139,0.001,0.60,0.6,11,triangular,0,1,"presion_sistolica(c=0.578, r=0.150)",1,0.040948846692818994,0.003746916889511434,0.6401740462638141,0.3783648839492064,0.4168238802031101,0.19648032964361553
RD_1181,0.001,0.60,0.6,17,gaussiana,0,1,"presion_sistolica(c=0.628, r=0.214)",1,0.04081497012582016,0.010185593728369618,0.7169740390406159,0.28691813319351034,0.5326176791496409,0.1532617925525264
RD_1181,0.001,0.60,0.6,20,gaussiana,0,1,"presion_sistolica(c=0.626, r=0.200)",1,0.0407671464820756,0.009595681647510318,0.7325867407924695,0.2703008914791639,0.5584001224095827,0.14601410295599174
RD_1119,0.001,0.60,0.6,16,gaussiana,0,1,"presion_sistolica(c=0.616, r=0.164)",1,0.04076668519307176,0.0020584764647238493,0.7355962666837895,0.25342437689818875,0.5751490451937293,0.1417604203075402
RD_0247,0.001,0.60,0.6,11,gaussiana,0,1,"peso_kg(c=0.549, r=0.117) Y presion_diastolica(c=0.436, r=0.097)",2,0.04076431470975565,0.0010516851526793606,0.8456594818473829,0.1730300754678452,0.820916066878435,0.1489713127363807
RD_0247,0.001,0.60,0.6,17,gaussiana,0,1,"peso_kg(c=0.550, r=0.118) Y presion_diastolica(c=0.435, r=0.099)",2,0.04072588677954686,0.0010512842020300756,0.8453175079382721,0.17296410846153357,0.8205192687245765,0.14890285334621672
RD_1180,0.001,0.60,0.6,14,triangular,0,1,"presion_sistolica(c=0.666, r=0.188)",1,0.040700203939121306,0.008332149940024326,0.7722582088575785,0.23470844901476975,0.6239126384804048,0.13046763738670306
RD_0138,0.001,0.60,0.6,25,triangular,0,1,"presion_diastolica(c=0.607, r=0.122)",1,0.04060324262295876,0.008376882235626512,0.6141569106970742,0.28503779798824097,0.460716529272034,0.17626128017206097
RD_1180,0.001,0.60,0.6,24,triangular,0,1,"presion_sistolica(c=0.668, r=0.174)",1,0.04059566299089825,0.007392269675881343,0.8086007308248314,0.20823294861637584,0.6839278123712812,0.11871329768019506
RD_0247,0.001,0.60,0.6,1,gaussiana,0,1,"peso_kg(c=0.550, r=0.116) Y presion_diastolica(c=0.436, r=0.093)",2,0.040580614659259266,0.0010430783872711169,0.8481103093429444,0.17161403449367307,0.8237598037827885,0.14778803653531883
RD_0247,0.001,0.60,0.6,2,gaussiana,0,1,"peso_kg(c=0.554, r=0.124) Y presion_diastolica(c=0.438, r=0.084)",2,0.04057739476835933,0.001049906727301079,0.8438891272456477,0.1727374773678967,0.8188618942678111,0.14866021383731057
RD_0247,0.001,0.60,0.6,6,gaussiana,0,1,"peso_kg(c=0.553, r=0.119) Y presion_diastolica(c=0.427, r=0.088)",2,0.040452031451357194,0.0010399600671546238,0.8480519516418525,0.17110098820437722,0.8236920903478164,0.14733186803193307
RD_1180,0.001,0.60,0.6,23,triangular,0,1,"presion_sistolica(c=0.669, r=0.167)",1,0.04043703151833386,0.006993340089454838,0.8256560241647373,0.19699549547760106,0.7120925169692909,0.11357240963698462
RD_0247,0.001,0.60,0.6,27,gaussiana,0,1,"peso_kg(c=0.553, r=0.106) Y presion_diastolica(c=0.439, r=0.079)",2,0.04040833741668717,0.0010010492549827625,0.8722407685282041,0.1646991285323457,0.8517587867501294,0.1423231719306277
RD_0247,0.001,0.60,0.6,32,gaussiana,0,1,"peso_kg(c=0.550, r=0.115) Y presion_diastolica(c=0.430, r=0.086)",2,0.04028790894141811,0.0010344845437427908,0.8489029331731555,0.17020011951115502,0.8246794987190185,0.14655842301402297
RD_0247,0.001,0.60,0.6,12,gaussiana,0,1,"peso_kg(c=0.550, r=0.114) Y presion_diastolica(c=0.423, r=0.097)",2,0.04028742140305752,0.0010323690116478233,0.8502105100826252,0.16985205842356213,0.8261967024877347,0.1462875170588893
RD_1105,0.001,0.60,0.6,24,triangular,0,1,"presion_sistolica(c=0.623, r=0.070)",1,0.040171916244475483,0.004699600626020841,0.795785601131746,0.2025235820266665,0.6747114744657257,0.1190787996492452
RD_1180,0.001,0.60,0.6,32,triangular,0,1,"presion_sistolica(c=0.674, r=0.191)",1,0.040118144247813146,0.007944059956185301,0.782765430986242,0.22377633679395215,0.6412640144726931,0.12512208183333667
RD_0247,0.001,0.60,0.6,4,gaussiana,0,1,"peso_kg(c=0.554, r=0.118) Y presion_diastolica(c=0.425, r=0.102)",2,0.04008677100430599,0.0010269807835883852,0.8504532549532002,0.168965552128986,0.8264783634973516,0.1455093300979117
RD_0247,0.001,0.60,0.6,5,gaussiana,0,1,"peso_kg(c=0.555, r=0.119) Y presion_diastolica(c=0.425, r=0.080)",2,0.04005574128210966,0.0010264071455558025,0.8503282552733218,0.16887117347220248,0.8263333242388373,0.14542221682396622
RD_1180,0.001,0.60,0.6,21,triangular,0,1,"presion_sistolica(c=0.634, r=0.141)",1,0.040042835999951294,0.007695497932075473,0.7920086338040363,0.21677458963592883,0.6565280191259315,0.12198363156918214
RD_0247,0.001,0.60,0.6,35,gaussiana,0,1,"peso_kg(c=0.554, r=0.112) Y presion_diastolica(c=0.419, r=0.080)",2,0.04003989582924198,0.0010121415111117033,0.8591352398103766,0.16652409859131206,0.8365522184651546,0.14358898923023938
RD_1180,0.001,0.60,0.6,22,triangular,0,1,"presion_sistolica(c=0.634, r=0.149)",1,0.040024343040783165,0.008167193995339297,0.7738153843727181,0.230061802685614,0.6264841209824703,0.12777448525915022
RD_0247,0.001,0.60,0.6,23,gaussiana,0,1,"peso_kg(c=0.553, r=0.108) Y presion_diastolica(c=0.423, r=0.070)",2,0.04002103368948551,0.0010058513126707577,0.8629058871874975,0.16548919426831035,0.840927364867356,0.14277463914781122
RD_0247,0.001,0.60,0.6,16,gaussiana,0,1,"peso_kg(c=0.552, r=0.107) Y presion_diastolica(c=0.439, r=0.073)",2,0.039965956556134816,0.0010059213414547808,0.8619833436637702,0.16550071585892479,0.8398569218969524,0.14275987557213407
RD_0247,0.001,0.60,0.6,31,gaussiana,0,1,"peso_kg(c=0.548, r=0.109) Y presion_diastolica(c=0.423, r=0.082)",2,0.03995664015621845,0.0010184332697103025,0.85380201015273,0.1675592596015892,0.8303639812169973,0.1443582852581969
RD_1139,0.001,0.60,0.6,26,triangular,0,1,"presion_sistolica(c=0.641, r=0.132)",1,0.039905728169236515,0.002134092999998568,0.7830974137936433,0.21550140397871453,0.6484622432475392,0.1230780314036054
RD_1037,0.001,0.60,0.6,35,gaussiana,0,1,"presion_sistolica(c=0.650, r=0.099)",1,0.039895768518330835,0.0035188683598656924,0.809246139328432,0.18653018584817688,0.7031167526478299,0.11348262822095899
RD_0247,0.001,0.60,0.6,19,gaussiana,0,1,"peso_kg(c=0.557, r=0.111) Y presion_diastolica(c=0.422, r=0.092)",2,0.039877794749721265,0.0010027280978045928,0.8626567002660868,0.16497534266299102,0.8406382290363841,0.14231256694844638
RD_1119,0.001,0.60,0.6,8,gaussiana,0,1,"presion_sistolica(c=0.616, r=0.156)",1,0.03982939002169636,0.0019777653160363063,0.7412469540951957,0.24348781803273598,0.5842287200982308,0.13634862050259886
RD_1119,0.001,0.60,0.6,34,gaussiana,0,1,"presion_sistolica(c=0.620, r=0.160)",1,0.039732524414741115,0.0019616723816459477,0.7429899434256025,0.24150657513769655,0.5870294017374529,0.13536808990194793
RD_1139,0.001,0.60,0.6,4,triangular,0,1,"presion_sistolica(c=0.574, r=0.131)",1,0.039537185722348024,0.0034571496953565545,0.652172713793694,0.3491040986097712,0.4362703272983036,0.18125085869208854
RD_0247,0.001,0.60,0.6,24,gaussiana,0,1,"peso_kg(c=0.550, r=0.114) Y presion_diastolica(c=0.443, r=0.085)",2,0.03951612455730147,0.0010176651188699827,0.8473532655647421,0.16743287843367735,0.822881392987176,0.1440649584280391
RD_1119,0.001,0.60,0.6,11,gaussiana,0,1,"presion_sistolica(c=0.607, r=0.155)",1,0.03943775537838948,0.002042993714894087,0.7295796265176977,0.2515182554071158,0.5654813476645388,0.13948384165549943
RD_1180,0.001,0.60,0.6,12,triangular,0,1,"presion_sistolica(c=0.690, r=0.210)",1,0.03921737051851546,0.007876544079312802,0.7792566496747095,0.22187448110740288,0.6354696967105294,0.1234279800327909
RD_1037,0.001,0.60,0.6,26,gaussiana,0,1,"presion_sistolica(c=0.650, r=0.097)",1,0.03920416487518354,0.0034343409604895435,0.8121702606065228,0.18204950913553683,0.707667762088136,0.11079822192126618
RD_0247,0.001,0.60,0.6,26,gaussiana,0,1,"peso_kg(c=0.544, r=0.109) Y presion_diastolica(c=0.420, r=0.077)",2,0.03899544969264785,0.0010111215652803208,0.8432393691840582,0.16635629047523512,0.818107968917296,0.14299622240908635
RD_1180,0.001,0.60,0.6,1,triangular,0,1,"presion_sistolica(c=0.637, r=0.122)",1,0.0388936914108303,0.006834476984964562,0.821569501303386,0.19252047844970596,0.7053441305927475,0.11028288100489432
RD_0247,0.001,0.60,0.6,14,gaussiana,0,1,"peso_kg(c=0.543, r=0.108) Y presion_diastolica(c=0.435, r=0.079)",2,0.03866920343942652,0.0010038422492727479,0.8426372824389906,0.1651586501026048,0.8174093574076441,0.14192106961705148
RD_1119,0.001,0.60,0.6,14,gaussiana,0,1,"presion_sistolica(c=0.638, r=0.183)",1,0.03861799178427932,0.0018867076444926067,0.7470290801174158,0.23227747190140058,0.5935195940603337,0.13013215459354704
RD_1180,0.001,0.60,0.6,9,triangular,0,1,"presion_sistolica(c=0.629, r=0.139)",1,0.03856958929893029,0.0077187537438919394,0.7808882209340177,0.2174296829265335,0.6381640345699374,0.12087672513516863
RD_1119,0.001,0.60,0.6,7,gaussiana,0,1,"presion_sistolica(c=0.601, r=0.157)",1,0.0384750561729255,0.0021103097925445065,0.7148111560537125,0.2598057123327291,0.5417509763155514,0.14203963760100397
RD_1180,0.001,0.60,0.6,20,triangular,0,1,"presion_sistolica(c=0.626, r=0.203)",1,0.03821295736177273,0.011489131481668018,0.6739415790499894,0.32363750652585965,0.4615549011834687,0.16558358394111397
RD_1181,0.001,0.60,0.6,1,gaussiana,0,1,"presion_sistolica(c=0.670, r=0.185)",1,0.03809758010168429,0.006560637554258969,0.8288979545117849,0.18480669166926675,0.7174461634139567,0.10620331404491044
RD_1119,0.001,0.60,0.6,25,gaussiana,0,1,"presion_sistolica(c=0.607, r=0.179)",1,0.03774059715666141,0.0024009325822061125,0.6775525248293711,0.29558503779238954,0.4818828161655386,0.15663807004770464
RD_1181,0.001,0.60,0.6,18,gaussiana,0,1,"presion_sistolica(c=0.658, r=0.168)",1,0.0376984515424086,0.006549771375714248,0.8262513738753318,0.1845006021327957,0.7130756632803643,0.10573478659749594
RD_1119,0.001,0.60,0.6,32,gaussiana,0,1,"presion_sistolica(c=0.609, r=0.186)",1,0.03728216736261022,0.0024782721834882633,0.6674707195673496,0.3051065167115633,0.4656831031810846,0.16011818813238216
RD_1119,0.001,0.60,0.6,9,gaussiana,0,1,"presion_sistolica(c=0.610, r=0.192)",1,0.03674585701354657,0.002549579983245591,0.6580315904250856,0.31388540489958344,0.45051605928827176,0.16312784530521696
RD_1119,0.001,0.60,0.6,26,gaussiana,0,1,"presion_sistolica(c=0.624, r=0.142)",1,0.03673976637794945,0.001685488883857202,0.7673059574395841,0.20750490835348837,0.6261010201346404,0.11736050636061483
RD_0247,0.001,0.60,0.6,8,gaussiana,0,1,"peso_kg(c=0.536, r=0.117) Y presion_diastolica(c=0.409, r=0.098)",2,0.03636012980439363,0.0010116987108426967,0.8010729640649137,0.16645124621361307,0.7691815705565838,0.14181357638905698
RD_0820,0.001,0.60,0.6,30,gaussiana,1,0,"presion_diastolica(c=0.143, r=0.138)",1,0.03609463389198795,0.005913450823299022,0.8553550038482032,0.15359612528049407,0.7709787560929885,0.09363327745864515
RD_0820,0.001,0.60,0.6,14,gaussiana,1,0,"presion_diastolica(c=0.146, r=0.132)",1,0.036088581429208524,0.005907944345608064,0.8556457324693306,0.15345309988592373,0.7714390764097736,0.09356171480750598
RD_0820,0.001,0.60,0.6,1,gaussiana,1,0,"presion_diastolica(c=0.148, r=0.133)",1,0.036038470047701325,0.005896288968754797,0.8558998035556764,0.15315036282479993,0.771841355629821,0.09338310207100527
RD_0820,0.001,0.60,0.6,10,gaussiana,1,0,"presion_diastolica(c=0.148, r=0.138)",1,0.035776885272307504,0.005974060586328798,0.848487827428413,0.15517040483970904,0.760105726761654,0.0941366023506518
RD_0820,0.001,0.60,0.6,28,gaussiana,1,0,"presion_diastolica(c=0.143, r=0.148)",1,0.03561684405098871,0.006025148288601081,0.8438217864536165,0.1564973581454826,0.7527178285515596,0.09463531405792663
RD_1181,0.001,0.60,0.6,14,gaussiana,0,1,"presion_sistolica(c=0.680, r=0.176)",1,0.03534940272492737,0.005714324834957832,0.8525552266605186,0.16096689675937556,0.7565132183384711,0.09345349656299519
RD_0820,0.001,0.60,0.6,16,gaussiana,1,0,"presion_diastolica(c=0.139, r=0.155)",1,0.03526541150262644,0.0060242242785440835,0.8405128772315612,0.1564733578842619,0.7474787222833054,0.09435830198591347
RD_0820,0.001,0.60,0.6,23,gaussiana,1,0,"presion_diastolica(c=0.138, r=0.152)",1,0.03519655693300494,0.005971293942003134,0.8430606503120448,0.15509854394813335,0.7515126963274044,0.09366856236763083
RD_0820,0.001,0.60,0.6,19,gaussiana,1,0,"presion_diastolica(c=0.141, r=0.161)",1,0.03518784790995986,0.006097681060596784,0.8354001271133213,0.15838132624926712,0.7393835345960922,0.09518158374782353
RD_1105,0.001,0.60,0.6,26,triangular,0,1,"presion_sistolica(c=0.571, r=0.095)",1,0.034831998640930284,0.007177091554048206,0.6462594038803271,0.30928804503328267,0.43653455598095237,0.15958415279476815
RD_0820,0.001,0.60,0.6,26,gaussiana,1,0,"presion_diastolica(c=0.154, r=0.155)",1,0.03468664120525745,0.0060856436769310155,0.8313416758905505,0.15806866693327312,0.7329576534933717,0.09464841806327116
RD_1119,0.001,0.60,0.6,3,gaussiana,0,1,"presion_sistolica(c=0.605, r=0.195)",1,0.034543991301599304,0.002676327109632287,0.6360377513785292,0.32948957238881116,0.415175773424721,0.16640658493462296
RD_1181,0.001,0.60,0.6,25,gaussiana,0,1,"presion_sistolica(c=0.598, r=0.150)",1,0.03437800519897757,0.00833945536835665,0.7307335778758702,0.23491423572835632,0.5553398533729966,0.12380888924205272
RD_0820,0.001,0.60,0.6,20,gaussiana,1,0,"presion_diastolica(c=0.130, r=0.150)",1,0.03412492580881002,0.005686447739276817,0.8503978997807752,0.1476999412799173,0.7631300079862274,0.08943410808561963
RD_0820,0.001,0.60,0.6,12,gaussiana,1,0,"presion_diastolica(c=0.136, r=0.086)",1,0.03357185265511594,0.005581089943737087,0.8516528616339288,0.14496337516200225,0.7651170309203874,0.08775612435324076
RD_0820,0.001,0.60,0.6,21,gaussiana,1,0,"presion_diastolica(c=0.163, r=0.127)",1,0.032658261975326466,0.005503079560608679,0.8473189442488674,0.14293713144438128,0.7582549950607068,0.0861405785337736
RD_1139,0.001,0.60,0.6,28,triangular,0,1,"presion_sistolica(c=0.598, r=0.103)",1,0.03243628304719924,0.0022429396558836176,0.7166315532398914,0.22649277462733755,0.5407398784369205,0.11997000532293113
RD_0311,0.001,0.60,0.6,32,triangular,0,1,"peso_kg(c=0.565, r=0.118) Y presion_diastolica(c=0.423, r=0.079)",2,0.032357778979756883,0.0014440669622427626,0.8253291173502839,0.14682134033005614,0.7929666911577025,0.12241792501718719
RD_0311,0.001,0.60,0.6,24,triangular,0,1,"peso_kg(c=0.565, r=0.116) Y presion_diastolica(c=0.419, r=0.086)",2,0.03235392768390339,0.0014382000693945862,0.827667266456366,0.1462248409335155,0.795738044566213,0.12197705477890307
RD_0311,0.001,0.60,0.6,19,triangular,0,1,"peso_kg(c=0.565, r=0.120) Y presion_diastolica(c=0.424, r=0.074)",2,0.032327119908925867,0.0014485489830400365,0.822961178687284,0.14727703685802113,0.7901600288846342,0.12273635236101924
RD_0311,0.001,0.60,0.6,12,triangular,0,1,"peso_kg(c=0.566, r=0.119) Y presion_diastolica(c=0.427, r=0.075)",2,0.03232372806577744,0.001444726422185767,0.8244563393464936,0.1468883890163411,0.7919322078181303,0.12244884504003159
RD_0311,0.001,0.60,0.6,34,triangular,0,1,"peso_kg(c=0.565, r=0.114) Y presion_diastolica(c=0.437, r=0.089)",2,0.032234215953258,0.0014255087340615015,0.830788636673098,0.1449344860449252,0.799437731625033,0.12096332714144552
RD_0311,0.001,0.60,0.6,23,triangular,0,1,"peso_kg(c=0.569, r=0.121) Y presion_diastolica(c=0.425, r=0.076)",2,0.032139706129619375,0.0014347331644835816,0.8252758617045002,0.14587235338332602,0.7929035684872614,0.12160257844823558
RD_0311,0.001,0.60,0.6,26,triangular,0,1,"peso_kg(c=0.564, r=0.120) Y presion_diastolica(c=0.431, r=0.076)",2,0.03205936495680055,0.001453908714780755,0.8160767811666372,0.14782197211279605,0.7820001136402399,0.12298987326573266
RD_0311,0.001,0.60,0.6,6,triangular,0,1,"peso_kg(c=0.565, r=0.120) Y presion_diastolica(c=0.432, r=0.069)",2,0.03203137567433158,0.001453716570032478,0.8156603881651932,0.14780243635010842,0.7815065727617605,0.1229601008772177
RD_0311,0.001,0.60,0.6,17,triangular,0,1,"peso_kg(c=0.561, r=0.103) Y presion_diastolica(c=0.424, r=0.071)",2,0.03201051787788105,0.0013952613891691768,0.8395745847583819,0.14185917455686275,0.8098515102458278,0.11857921164398778
RD_0820,0.001,0.60,0.6,9,gaussiana,1,0,"presion_diastolica(c=0.146, r=0.233)",1,0.031944819606946416,0.007301486738660824,0.7483739069748214,0.18964900619898242,0.6015920193768006,0.10620094209374187
RD_0311,0.001,0.60,0.6,13,triangular,0,1,"peso_kg(c=0.569, r=0.118) Y presion_diastolica(c=0.416, r=0.083)",2,0.03179098757302813,0.0014095536204974458,0.8294729881982904,0.14331229592504688,0.7978783242820302,0.11953321680333358
RD_0820,0.001,0.60,0.6,2,gaussiana,1,0,"presion_diastolica(c=0.150, r=0.235)",1,0.031722923498874095,0.007446595928596961,0.7408834683234018,0.1934180760674535,0.5897321581787196,0.10758417379457336
RD_0311,0.001,0.60,0.6,30,triangular,0,1,"peso_kg(c=0.573, r=0.122) Y presion_diastolica(c=0.420, r=0.075)",2,0.031683348885176384,0.0014050613830225785,0.8294088919214094,0.14285556064587632,0.7978023524652864,0.11913984254598313
RD_1139,0.001,0.60,0.6,9,triangular,0,1,"presion_sistolica(c=0.620, r=0.088)",1,0.031679796799008855,0.0018578386821351935,0.7623010586834337,0.18760515327418606,0.6147572323855875,0.10306441349563067
RD_0311,0.001,0.60,0.6,28,triangular,0,1,"peso_kg(c=0.565, r=0.107) Y presion_diastolica(c=0.426, r=0.047)",2,0.031549199321207616,0.0013792498161827947,0.8380138990319846,0.14023124408818,0.8080016659838798,0.11713787476956904
RD_1119,0.001,0.60,0.6,28,gaussiana,0,1,"presion_sistolica(c=0.579, r=0.147)",1,0.031529231576936455,0.0021962255399013034,0.6629699731226846,0.27038302284016763,0.4584511840233091,0.13754673420293057
RD_0311,0.001,0.60,0.6,33,triangular,0,1,"peso_kg(c=0.563, r=0.119) Y presion_diastolica(c=0.443, r=0.075)",2,0.03145336373998228,0.0014296356858248705,0.8150831752602452,0.14535408195371483,0.7808224158158229,0.12084705729324773
RD_0311,0.001,0.60,0.6,3,triangular,0,1,"peso_kg(c=0.573, r=0.122) Y presion_diastolica(c=0.413, r=0.084)",2,0.031091589432509743,0.0013853342217565018,0.8269175415645702,0.14084985846327516,0.7948494132000957,0.11734898050940398
RD_0311,0.001,0.60,0.6,2,triangular,0,1,"peso_kg(c=0.585, r=0.137) Y presion_diastolica(c=0.437, r=0.068)",2,0.03103156005545402,0.001390371208826509,0.8236724580978624,0.14136197958520363,0.7910030917217229,0.11769192957732842
RD_0311,0.001,0.60,0.6,1,triangular,0,1,"peso_kg(c=0.574, r=0.134) Y presion_diastolica(c=0.422, r=0.049)",2,0.030977005676699202,0.0014564791529610192,0.7959989290516297,0.1480833139956377,0.7582023054723366,0.12256757379839997
RD_0138,0.001,0.60,0.6,11,triangular,0,1,"altura_cm(c=0.708, r=0.196) Y presion_sistolica(c=0.665, r=0.154) Y glucosa=1",3,0.030935265811233178,0.006411999578473789,0.8499518824527358,0.2181792926223471,0.7902814075191138,0.15657848213003783
RD_0247,0.001,0.60,0.6,30,gaussiana,0,1,"peso_kg(c=0.530, r=0.143) Y presion_diastolica(c=0.433, r=0.075)",2,0.030901449983572846,0.001061838075876866,0.6899974837676363,0.17470050036887944,0.6402987980798603,0.14478295169180705
RD_0820,0.001,0.60,0.6,3,gaussiana,1,0,"presion_diastolica(c=0.145, r=0.271)",1,0.03087194020925836,0.00802037213574448,0.7137288695650443,0.20832135417518127,0.5467373768113203,0.11293151527085847
RD_0820,0.001,0.60,0.6,32,gaussiana,1,0,"presion_diastolica(c=0.120, r=0.213)",1,0.030855212994008598,0.006141270667416851,0.7915622696549612,0.15951352382900913,0.6699735936203554,0.09210874365144872
RD_0247,0.001,0.60,0.6,21,gaussiana,0,1,"peso_kg(c=0.549, r=0.120) Y presion_diastolica(c=0.430, r=0.098) Y glucosa=1",3,0.030714912162421778,0.001063361722417698,0.8414849022959957,0.1749511805988654,0.8160722310915678,0.1505499684572671
RD_0820,0.001,0.60,0.6,33,gaussiana,1,0,"presion_diastolica(c=0.154, r=0.290)",1,0.030652761136118693,0.008983174250538092,0.6832458714426014,0.2333292013126777,0.49847262978411894,0.12298673710287342
RD_1037,0.001,0.60,0.6,3,gaussiana,0,1,"presion_sistolica(c=0.574, r=0.091)",1,0.030463092088450106,0.004147485977827206,0.6864738430980013,0.21985230793809638,0.5120378520088052,0.11898765674818215
RD_0311,0.001,0.60,0.6,7,triangular,0,1,"peso_kg(c=0.549, r=0.120) Y presion_diastolica(c=0.421, r=0.078)",2,0.030460407310846593,0.0015394249457709218,0.757013190686621,0.1565165880705291,0.711993422291995,0.12834559852866662
RD_0561,0.001,0.60,0.6,29,gaussiana,1,0,sexo=2 Y colesterol=1,2,0.03029586260733801,0.0065,0.8125,0.21311475409836064,0.7035714285714285,0.12918032786885245
RD_0560,0.001,0.60,0.6,29,triangular,1,0,sexo=2 Y colesterol=1,2,0.03029586260733801,0.0065,0.8125,0.21311475409836064,0.7035714285714285,0.12918032786885245
RD_0311,0.001,0.60,0.6,29,triangular,0,1,"peso_kg(c=0.545, r=0.120) Y presion_diastolica(c=0.441, r=0.095)",2,0.030254801191168027,0.001556990691757795,0.7476754588338494,0.15830253459317825,0.7009256272866977,0.1294922029386421
RD_0311,0.001,0.60,0.6,11,triangular,0,1,"peso_kg(c=0.558, r=0.126) Y presion_diastolica(c=0.428, r=0.077)",2,0.030241214973689298,0.0015057648577824372,0.7650182557647445,0.1530942957784725,0.7214816385618207,0.1257462977185582
RD_0311,0.001,0.60,0.6,27,triangular,0,1,"peso_kg(c=0.566, r=0.132) Y presion_diastolica(c=0.430, r=0.077)",2,0.030127642241533137,0.0014835442384836116,0.771030292147637,0.1508350784473381,0.7286075645681981,0.12404884483756896
RD_0820,0.001,0.60,0.6,4,gaussiana,1,0,"presion_diastolica(c=0.172, r=0.270)",1,0.029640389606319928,0.009043471537604259,0.674570357783633,0.23489536461309762,0.48473639982408556,0.1222948786890221
RD_1105,0.001,0.60,0.6,28,triangular,0,1,"presion_sistolica(c=0.574, r=0.076)",1,0.029478184245266104,0.00488148471441459,0.7040055665423597,0.21036165594537434,0.5285171204411268,0.1115505367949562
RD_1105,0.001,0.60,0.6,1,triangular,0,1,"presion_sistolica(c=0.595, r=0.107) Y fumador=0",2,0.029225626207549996,0.006685658025834106,0.7121613989656189,0.2881103139063312,0.5415083625776725,0.1619123261648131
RD_0311,0.001,0.60,0.6,8,triangular,0,1,"peso_kg(c=0.558, r=0.114) Y presion_diastolica(c=0.456, r=0.074)",2,0.028983859171847842,0.001343661316510022,0.8050229782333665,0.1366128861041589,0.7688982997497413,0.1130859276757983
RD_0820,0.001,0.60,0.6,15,gaussiana,1,0,"presion_diastolica(c=0.197, r=0.291)",1,0.02814072312411242,0.010697194534297936,0.6276544870210987,0.27784920868306323,0.41045293778340636,0.1371203396719851
RD_0820,0.001,0.60,0.6,11,gaussiana,1,0,"presion_diastolica(c=0.191, r=0.278)",1,0.02803291074995918,0.009934152162364339,0.6425160066354088,0.2580299262951776,0.43398367717273056,0.12918877932269215
RD_0763,0.001,0.60,0.6,12,gaussiana,1,0,"presion_diastolica(c=0.171, r=0.300)",1,0.027546294381230026,0.0114881202497596,0.6378407328170791,0.24442809042041702,0.4387590303890407,0.12556456949412603
RD_0763,0.001,0.60,0.6,19,gaussiana,1,0,"presion_diastolica(c=0.170, r=0.300)",1,0.027544816710459274,0.011440007327466733,0.6387569545817724,0.24340441122269643,0.44017890622321454,0.1251528245494404
RD_0763,0.001,0.60,0.6,18,gaussiana,1,0,"presion_diastolica(c=0.170, r=0.300)",1,0.027543951564948026,0.011425573183945418,0.6390301314526511,0.2430973017860727,0.44060225049679846,0.12502864673928019
RD_0763,0.001,0.60,0.6,1,gaussiana,1,0,"presion_diastolica(c=0.172, r=0.300)",1,0.02754255645121585,0.011524903646932374,0.6371109324419757,0.24521071589217813,0.43762805319955295,0.12587198763812696
RD_0763,0.001,0.60,0.6,21,gaussiana,1,0,"presion_diastolica(c=0.169, r=0.300)",1,0.027541041931980887,0.01133273066145605,0.6408194798169958,0.24112192896715,0.4433752172602567,0.1242335649798603
RD_0763,0.001,0.60,0.6,4,gaussiana,1,0,"presion_diastolica(c=0.163, r=0.300)",1,0.027533640432267005,0.011053847654090596,0.6463523547654759,0.23518824795937437,0.45194955563070827,0.12184386549000159
RD_0763,0.001,0.60,0.6,27,gaussiana,1,0,"presion_diastolica(c=0.165, r=0.299)",1,0.027528836936437935,0.011113218631885741,0.6451098993878143,0.23645146025288813,0.4500241130863788,0.1223438306344886
RD_0763,0.001,0.60,0.6,16,gaussiana,1,0,"presion_diastolica(c=0.170, r=0.299)",1,0.027514028400297486,0.01136841263385643,0.6399326226489158,0.24188111986928573,0.4420008479646941,0.12449762721946288
RD_0763,0.001,0.60,0.6,26,gaussiana,1,0,"presion_diastolica(c=0.159, r=0.300)",1,0.027490613695652037,0.010856175682640355,0.65014150364184,0.2309824613327735,0.45782162845080465,0.12009311918563519
RD_0763,0.001,0.60,0.6,25,gaussiana,1,0,"presion_diastolica(c=0.176, r=0.299)",1,0.027489538523481877,0.011701901795383439,0.6334135004605289,0.24897663394432848,0.4318981147487729,0.12729640433587922
RD_0763,0.001,0.60,0.6,20,gaussiana,1,0,"presion_diastolica(c=0.186, r=0.300)",1,0.027327132391876,0.01230098118610919,0.6216621003537213,0.26172300395977,0.4136868806651236,0.13211505449696437
RD_0763,0.001,0.60,0.6,14,gaussiana,1,0,"presion_diastolica(c=0.154, r=0.286)",1,0.02719369922042795,0.010078695202440492,0.6652391841046126,0.2144403234561807,0.48121861864165105,0.11302014580062736
RD_0763,0.001,0.60,0.6,3,gaussiana,1,0,"presion_diastolica(c=0.147, r=0.299)",1,0.027156934588198876,0.010200512944358956,0.6621087887321857,0.2170321903055097,0.47636742113467373,0.1140167584236259
RD_0763,0.001,0.60,0.6,33,gaussiana,1,0,"presion_diastolica(c=0.164, r=0.281)",1,0.02715288344694671,0.010366468833259599,0.6582919704951911,0.22056316666509787,0.4704524688960563,0.11543305750169623
RD_0763,0.001,0.60,0.6,30,gaussiana,1,0,"presion_diastolica(c=0.196, r=0.300)",1,0.027057960370082068,0.012870511729609756,0.6106017470355489,0.2738406750980799,0.3965465670433945,0.13646800965557765
RD_0819,0.001,0.60,0.6,32,triangular,1,0,"presion_diastolica(c=0.173, r=0.229)",1,0.02704468691050417,0.008722609042762682,0.6643799397735748,0.2265612738379917,0.46860157130816016,0.11542721393360048
RD_0311,0.001,0.60,0.6,9,triangular,0,1,"peso_kg(c=0.532, r=0.118) Y presion_diastolica(c=0.462, r=0.112)",2,0.02699880424774022,0.0015514405584507345,0.6953490949563848,0.15773824080870752,0.6389044129383245,0.12677391344147673
RD_0820,0.001,0.60,0.6,24,gaussiana,1,0,"presion_diastolica(c=0.205, r=0.284)",1,0.026962918676357733,0.01073802602421144,0.6196586967743983,0.2789097668626348,0.39779293655946407,0.1355625814252093
RD_0763,0.001,0.60,0.6,9,gaussiana,1,0,"presion_diastolica(c=0.144, r=0.264)",1,0.026954162074315967,0.008785532443173007,0.6974242558109707,0.18692622219517038,0.5310960689468258,0.10150390353205442
RD_0763,0.001,0.60,0.6,32,gaussiana,1,0,"presion_diastolica(c=0.194, r=0.297)",1,0.026949981680484552,0.012632187056382712,0.6137195612862891,0.26876993736984495,0.401378267490448,0.13428719919982168
RD_0763,0.001,0.60,0.6,22,gaussiana,1,0,"presion_diastolica(c=0.173, r=0.280)",1,0.026943491032875716,0.01073373090922788,0.6487221743259001,0.22837725338782724,0.45562208301966967,0.11827122537303592
RD_0763,0.001,0.60,0.6,28,gaussiana,1,0,"presion_diastolica(c=0.201, r=0.300)",1,0.026862187020034102,0.013145336368134808,0.6051360232888131,0.2796880078326555,0.38807629340079225,0.13843766020663226
RD_0763,0.001,0.60,0.6,15,gaussiana,1,0,"presion_diastolica(c=0.205, r=0.300)",1,0.026743697642395103,0.013396911603492007,0.60066221169114,0.2850406724147236,0.381143193556445,0.14033412163470538
RD_0763,0.001,0.60,0.6,34,gaussiana,1,0,"presion_diastolica(c=0.196, r=0.294)",1,0.026712151460058255,0.012542208969499554,0.6136494315365265,0.26685550998935226,0.40126958688409076,0.1331381810791169
RD_0763,0.001,0.60,0.6,11,gaussiana,1,0,"presion_diastolica(c=0.137, r=0.285)",1,0.02668556620675057,0.009014032648948504,0.688514399789624,0.191787928701032,0.5172883973347975,0.10317481058628591
RD_1181,0.001,0.60,0.6,22,gaussiana,0,1,"presion_sistolica(c=0.649, r=0.223) Y fumador=0",2,0.026555310227518173,0.008990892828927495,0.7449813222152295,0.25326458673035196,0.5788682385205625,0.1376235996056029
RD_0820,0.001,0.60,0.6,34,gaussiana,1,0,"presion_diastolica(c=0.182, r=0.193)",1,0.026382378171022472,0.006767033539277251,0.7212145215130465,0.17576710491629224,0.5585896590623237,0.09446067517722845
RD_0763,0.001,0.60,0.6,7,gaussiana,1,0,"presion_diastolica(c=0.164, r=0.215)",1,0.026353390148808605,0.008139538561773813,0.7122176851040094,0.1731816715271024,0.5540215587869152,0.09513489044185194
RD_0763,0.001,0.60,0.6,24,gaussiana,1,0,"presion_diastolica(c=0.205, r=0.284)",1,0.025686057126102634,0.012572301761560848,0.6065195643994169,0.2674957821608691,0.39022037757804373,0.1316489788950883
RD_0311,0.001,0.60,0.6,14,triangular,0,1,"peso_kg(c=0.593, r=0.119) Y presion_diastolica(c=0.414, r=0.074)",2,0.025557607407877908,0.001169295316335578,0.8143286241277385,0.118884726314503,0.7799280640195545,0.09830755650525146
RD_1181,0.001,0.60,0.6,7,gaussiana,0,1,"presion_sistolica(c=0.658, r=0.184) Y fumador=0",2,0.025415547116396486,0.006943677219820964,0.8105140552283209,0.19559654140340743,0.687087430652273,0.11097079927194448
RD_0311,0.001,0.60,0.6,10,triangular,0,1,"peso_kg(c=0.564, r=0.115) Y presion_diastolica(c=0.423, r=0.071) Y glucosa=1",3,0.024303001640769418,0.001441567053819082,0.8271731562359098,0.14656716935664285,0.7951523872870946,0.12225581928357927
RD_0311,0.001,0.60,0.6,5,triangular,0,1,"peso_kg(c=0.564, r=0.115) Y presion_diastolica(c=0.433, r=0.069) Y glucosa=1",3,0.024294702502788923,0.0014388724132481214,0.8280845174899198,0.14629319955421644,0.7962326024500691,0.12204826794598589
RD_0311,0.001,0.60,0.6,31,triangular,0,1,"peso_kg(c=0.564, r=0.116) Y presion_diastolica(c=0.422, r=0.076) Y glucosa=1",3,0.024293577823019212,0.0014402858203452077,0.8274762702520083,0.14643690364125125,0.7955116612356622,0.12215322040802863
RD_0311,0.001,0.60,0.6,4,triangular,0,1,"peso_kg(c=0.565, r=0.117) Y presion_diastolica(c=0.428, r=0.079) Y glucosa=1",3,0.024270422470443195,0.0014444441574645308,0.8252243768794759,0.14685969056551898,0.7928425447292186,0.1224476291379259
RD_0311,0.001,0.60,0.6,35,triangular,0,1,"peso_kg(c=0.565, r=0.120) Y presion_diastolica(c=0.424, r=0.074) Y glucosa=1",3,0.024244489906818125,0.0014480490425537696,0.8231440994604448,0.14722620685207388,0.7903768405956015,0.12269838214666456
RD_0311,0.001,0.60,0.6,16,triangular,0,1,"peso_kg(c=0.566, r=0.120) Y presion_diastolica(c=0.425, r=0.073) Y glucosa=1",3,0.024241225832236833,0.001445920221732017,0.8239327514138524,0.1470097651395048,0.791311611296717,0.12253693986627039
RD_0356,0.001,0.60,0.6,1,triangular,0,1,colesterol=3,1,0.024192264388755224,0.02473756271560895,0.6791070798452079,0.1693668632642573,0.5171895921486904,0.09355278898110549
RD_0356,0.001,0.60,0.6,3,triangular,0,1,colesterol=3,1,0.024192264388755224,0.02473756271560895,0.6791070798452079,0.1693668632642573,0.5171895921486904,0.09355278898110549
RD_0356,0.001,0.60,0.6,8,triangular,0,1,colesterol=3,1,0.024192264388755224,0.02473756271560895,0.6791070798452079,0.1693668632642573,0.5171895921486904,0.09355278898110549
RD_0356,0.001,0.60,0.6,10,triangular,0,1,colesterol=3,1,0.024192264388755224,0.02473756271560895,0.6791070798452079,0.1693668632642573,0.5171895921486904,0.09355278898110549
RD_0356,0.001,0.60,0.6,13,triangular,0,1,colesterol=3,1,0.024192264388755224,0.02473756271560895,0.6791070798452079,0.1693668632642573,0.5171895921486904,0.09355278898110549
RD_0356,0.001,0.60,0.6,15,triangular,0,1,colesterol=3,1,0.024192264388755224,0.02473756271560895,0.6791070798452079,0.1693668632642573,0.5171895921486904,0.09355278898110549
RD_0356,0.001,0.60,0.6,16,triangular,0,1,colesterol=3,1,0.024192264388755224,0.02473756271560895,0.6791070798452079,0.1693668632642573,0.5171895921486904,0.09355278898110549
RD_0356,0.001,0.60,0.6,17,triangular,0,1,colesterol=3,1,0.024192264388755224,0.02473756271560895,0.6791070798452079,0.1693668632642573,0.5171895921486904,0.09355278898110549
RD_0356,0.001,0.60,0.6,19,triangular,0,1,colesterol=3,1,0.024192264388755224,0.02473756271560895,0.6791070798452079,0.1693668632642573,0.5171895921486904,0.09355278898110549
RD_0356,0.001,0.60,0.6,21,triangular,0,1,colesterol=3,1,0.024192264388755224,0.02473756271560895,0.6791070798452079,0.1693668632642573,0.5171895921486904,0.09355278898110549
RD_0356,0.001,0.60,0.6,22,triangular,0,1,colesterol=3,1,0.024192264388755224,0.02473756271560895,0.6791070798452079,0.1693668632642573,0.5171895921486904,0.09355278898110549
RD_0356,0.001,0.60,0.6,23,triangular,0,1,colesterol=3,1,0.024192264388755224,0.02473756271560895,0.6791070798452079,0.1693668632642573,0.5171895921486904,0.09355278898110549
RD_0356,0.001,0.60,0.6,24,triangular,0,1,colesterol=3,1,0.024192264388755224,0.02473756271560895,0.6791070798452079,0.1693668632642573,0.5171895921486904,0.09355278898110549
RD_0356,0.001,0.60,0.6,25,triangular,0,1,colesterol=3,1,0.024192264388755224,0.02473756271560895,0.6791070798452079,0.1693668632642573,0.5171895921486904,0.09355278898110549
RD_0356,0.001,0.60,0.6,29,triangular,0,1,colesterol=3,1,0.024192264388755224,0.02473756271560895,0.6791070798452079,0.1693668632642573,0.5171895921486904,0.09355278898110549
RD_0356,0.001,0.60,0.6,30,triangular,0,1,colesterol=3,1,0.024192264388755224,0.02473756271560895,0.6791070798452079,0.1693668632642573,0.5171895921486904,0.09355278898110549
RD_0356,0.001,0.60,0.6,31,triangular,0,1,colesterol=3,1,0.024192264388755224,0.02473756271560895,0.6791070798452079,0.1693668632642573,0.5171895921486904,0.09355278898110549
RD_0356,0.001,0.60,0.6,32,triangular,0,1,colesterol=3,1,0.024192264388755224,0.02473756271560895,0.6791070798452079,0.1693668632642573,0.5171895921486904,0.09355278898110549
RD_0356,0.001,0.60,0.6,34,triangular,0,1,colesterol=3,1,0.024192264388755224,0.02473756271560895,0.6791070798452079,0.1693668632642573,0.5171895921486904,0.09355278898110549
RD_0311,0.001,0.60,0.6,21,triangular,0,1,"peso_kg(c=0.568, r=0.121) Y presion_diastolica(c=0.438, r=0.074) Y glucosa=1",3,0.024156934314292854,0.0014378132782120897,0.8252505152561255,0.14618551505644273,0.7928735259352642,0.121870303518068
RD_0311,0.001,0.60,0.6,25,triangular,0,1,"peso_kg(c=0.569, r=0.122) Y presion_diastolica(c=0.426, r=0.073) Y glucosa=1",3,0.024129047083878166,0.0014370669444818515,0.8248944042970326,0.14610963372858735,0.7924514359506166,0.12179445194610927
RD_0819,0.001,0.60,0.6,11,triangular,1,0,"presion_diastolica(c=0.103, r=0.276)",1,0.02409746831132548,0.007575975671770787,0.6732662154039194,0.1967785888771633,0.48267150772287243,0.09985038654969096
RD_0560,0.001,0.60,0.6,13,triangular,1,0,sexo=2 Y colesterol=1 Y fumador=0,3,0.023753837169034994,0.006,0.8571428571428571,0.19672131147540983,0.7741496598639455,0.12273511647972389
RD_0311,0.001,0.60,0.6,15,triangular,0,1,"peso_kg(c=0.565, r=0.121) Y presion_diastolica(c=0.421, r=0.045) Y glucosa=1",3,0.023749551756989427,0.0014439151806599241,0.813121303609785,0.146805908375713,0.778497055268277,0.12202770246217629
RD_0279,0.001,0.60,0.6,1,gaussiana,0,1,colesterol=3,1,0.023180141674318304,0.020235358393235127,0.6648597508837301,0.16377873953806532,0.5055795658512856,0.0916973044006951
RD_0279,0.001,0.60,0.6,3,gaussiana,0,1,colesterol=3,1,0.023180141674318304,0.020235358393235127,0.6648597508837301,0.16377873953806532,0.5055795658512856,0.0916973044006951
RD_0279,0.001,0.60,0.6,7,gaussiana,0,1,colesterol=3,1,0.023180141674318304,0.020235358393235127,0.6648597508837301,0.16377873953806532,0.5055795658512856,0.0916973044006951
RD_0279,0.001,0.60,0.6,8,gaussiana,0,1,colesterol=3,1,0.023180141674318304,0.020235358393235127,0.6648597508837301,0.16377873953806532,0.5055795658512856,0.0916973044006951
RD_0279,0.001,0.60,0.6,10,gaussiana,0,1,colesterol=3,1,0.023180141674318304,0.020235358393235127,0.6648597508837301,0.16377873953806532,0.5055795658512856,0.0916973044006951
RD_0279,0.001,0.60,0.6,13,gaussiana,0,1,colesterol=3,1,0.023180141674318304,0.020235358393235127,0.6648597508837301,0.16377873953806532,0.5055795658512856,0.0916973044006951
RD_0279,0.001,0.60,0.6,15,gaussiana,0,1,colesterol=3,1,0.023180141674318304,0.020235358393235127,0.6648597508837301,0.16377873953806532,0.5055795658512856,0.0916973044006951
RD_0279,0.001,0.60,0.6,16,gaussiana,0,1,colesterol=3,1,0.023180141674318304,0.020235358393235127,0.6648597508837301,0.16377873953806532,0.5055795658512856,0.0916973044006951
RD_0279,0.001,0.60,0.6,17,gaussiana,0,1,colesterol=3,1,0.023180141674318304,0.020235358393235127,0.6648597508837301,0.16377873953806532,0.5055795658512856,0.0916973044006951
RD_0279,0.001,0.60,0.6,19,gaussiana,0,1,colesterol=3,1,0.023180141674318304,0.020235358393235127,0.6648597508837301,0.16377873953806532,0.5055795658512856,0.0916973044006951
RD_0279,0.001,0.60,0.6,21,gaussiana,0,1,colesterol=3,1,0.023180141674318304,0.020235358393235127,0.6648597508837301,0.16377873953806532,0.5055795658512856,0.0916973044006951
RD_0279,0.001,0.60,0.6,22,gaussiana,0,1,colesterol=3,1,0.023180141674318304,0.020235358393235127,0.6648597508837301,0.16377873953806532,0.5055795658512856,0.0916973044006951
RD_0279,0.001,0.60,0.6,23,gaussiana,0,1,colesterol=3,1,0.023180141674318304,0.020235358393235127,0.6648597508837301,0.16377873953806532,0.5055795658512856,0.0916973044006951
RD_0279,0.001,0.60,0.6,24,gaussiana,0,1,colesterol=3,1,0.023180141674318304,0.020235358393235127,0.6648597508837301,0.16377873953806532,0.5055795658512856,0.0916973044006951
RD_0279,0.001,0.60,0.6,29,gaussiana,0,1,colesterol=3,1,0.023180141674318304,0.020235358393235127,0.6648597508837301,0.16377873953806532,0.5055795658512856,0.0916973044006951
RD_0279,0.001,0.60,0.6,30,gaussiana,0,1,colesterol=3,1,0.023180141674318304,0.020235358393235127,0.6648597508837301,0.16377873953806532,0.5055795658512856,0.0916973044006951
RD_0279,0.001,0.60,0.6,31,gaussiana,0,1,colesterol=3,1,0.023180141674318304,0.020235358393235127,0.6648597508837301,0.16377873953806532,0.5055795658512856,0.0916973044006951
RD_0279,0.001,0.60,0.6,32,gaussiana,0,1,colesterol=3,1,0.023180141674318304,0.020235358393235127,0.6648597508837301,0.16377873953806532,0.5055795658512856,0.0916973044006951
RD_0279,0.001,0.60,0.6,33,gaussiana,0,1,colesterol=3,1,0.023180141674318304,0.020235358393235127,0.6648597508837301,0.16377873953806532,0.5055795658512856,0.0916973044006951
RD_1180,0.001,0.60,0.6,33,triangular,0,1,"presion_sistolica(c=0.652, r=0.139) Y glucosa=1",2,0.022711115020656647,0.006194583601543465,0.8142737964598291,0.17449531271953425,0.6932961776400847,0.09827451421106846
RD_0311,0.001,0.60,0.6,18,triangular,0,1,"peso_kg(c=0.544, r=0.120) Y presion_diastolica(c=0.417, r=0.090) Y glucosa=1",3,0.02257469609202418,0.0015590232456250653,0.7444371641548189,0.15850918864100869,0.6970873523994596,0.12953725821775033
RD_0820,0.001,0.60,0.6,13,gaussiana,1,0,"presion_diastolica(c=0.155, r=0.177) Y fumador=0",2,0.022440524041765626,0.006413500999708091,0.8037051494457029,0.16658444155085952,0.6891998199556963,0.0976807743937375
RD_0820,0.001,0.60,0.6,5,gaussiana,1,0,"presion_diastolica(c=0.082, r=0.270)",1,0.02239519226732212,0.005480603534506255,0.7373436273526373,0.14235333855860402,0.584127409975009,0.0766791350136446
RD_0732,0.001,0.60,0.6,1,gaussiana,0,1,colesterol=3,1,0.021820617765406343,0.03055786158093444,0.6974537456902549,0.17640184872890105,0.5046670213520935,0.08647530685458699
RD_0732,0.001,0.60,0.6,3,gaussiana,0,1,colesterol=3,1,0.021820617765406343,0.03055786158093444,0.6974537456902549,0.17640184872890105,0.5046670213520935,0.08647530685458699
RD_0732,0.001,0.60,0.6,8,gaussiana,0,1,colesterol=3,1,0.021820617765406343,0.03055786158093444,0.6974537456902549,0.17640184872890105,0.5046670213520935,0.08647530685458699
RD_0732,0.001,0.60,0.6,10,gaussiana,0,1,colesterol=3,1,0.021820617765406343,0.03055786158093444,0.6974537456902549,0.17640184872890105,0.5046670213520935,0.08647530685458699
RD_0732,0.001,0.60,0.6,13,gaussiana,0,1,colesterol=3,1,0.021820617765406343,0.03055786158093444,0.6974537456902549,0.17640184872890105,0.5046670213520935,0.08647530685458699
RD_0732,0.001,0.60,0.6,15,gaussiana,0,1,colesterol=3,1,0.021820617765406343,0.03055786158093444,0.6974537456902549,0.17640184872890105,0.5046670213520935,0.08647530685458699
RD_0732,0.001,0.60,0.6,16,gaussiana,0,1,colesterol=3,1,0.021820617765406343,0.03055786158093444,0.6974537456902549,0.17640184872890105,0.5046670213520935,0.08647530685458699
RD_0732,0.001,0.60,0.6,17,gaussiana,0,1,colesterol=3,1,0.021820617765406343,0.03055786158093444,0.6974537456902549,0.17640184872890105,0.5046670213520935,0.08647530685458699
RD_0732,0.001,0.60,0.6,19,gaussiana,0,1,colesterol=3,1,0.021820617765406343,0.03055786158093444,0.6974537456902549,0.17640184872890105,0.5046670213520935,0.08647530685458699
RD_0732,0.001,0.60,0.6,21,gaussiana,0,1,colesterol=3,1,0.021820617765406343,0.03055786158093444,0.6974537456902549,0.17640184872890105,0.5046670213520935,0.08647530685458699
RD_0732,0.001,0.60,0.6,22,gaussiana,0,1,colesterol=3,1,0.021820617765406343,0.03055786158093444,0.6974537456902549,0.17640184872890105,0.5046670213520935,0.08647530685458699
RD_0732,0.001,0.60,0.6,24,gaussiana,0,1,colesterol=3,1,0.021820617765406343,0.03055786158093444,0.6974537456902549,0.17640184872890105,0.5046670213520935,0.08647530685458699
RD_0732,0.001,0.60,0.6,26,gaussiana,0,1,colesterol=3,1,0.021820617765406343,0.03055786158093444,0.6974537456902549,0.17640184872890105,0.5046670213520935,0.08647530685458699
RD_0732,0.001,0.60,0.6,29,gaussiana,0,1,colesterol=3,1,0.021820617765406343,0.03055786158093444,0.6974537456902549,0.17640184872890105,0.5046670213520935,0.08647530685458699
RD_0732,0.001,0.60,0.6,30,gaussiana,0,1,colesterol=3,1,0.021820617765406343,0.03055786158093444,0.6974537456902549,0.17640184872890105,0.5046670213520935,0.08647530685458699
RD_0732,0.001,0.60,0.6,31,gaussiana,0,1,colesterol=3,1,0.021820617765406343,0.03055786158093444,0.6974537456902549,0.17640184872890105,0.5046670213520935,0.08647530685458699
RD_0732,0.001,0.60,0.6,32,gaussiana,0,1,colesterol=3,1,0.021820617765406343,0.03055786158093444,0.6974537456902549,0.17640184872890105,0.5046670213520935,0.08647530685458699
RD_0146,0.001,0.60,0.6,9,triangular,0,1,colesterol=3,1,0.02167862337661226,0.012518792947045568,0.6280028498418679,0.1573852679666735,0.4755423862717008,0.09117430539294216
RD_0146,0.001,0.60,0.6,16,triangular,0,1,colesterol=3,1,0.02167862337661226,0.012518792947045568,0.6280028498418679,0.1573852679666735,0.4755423862717008,0.09117430539294216
RD_0146,0.001,0.60,0.6,20,triangular,0,1,colesterol=3,1,0.02167862337661226,0.012518792947045568,0.6280028498418679,0.1573852679666735,0.4755423862717008,0.09117430539294216
RD_0146,0.001,0.60,0.6,24,triangular,0,1,colesterol=3,1,0.02167862337661226,0.012518792947045568,0.6280028498418679,0.1573852679666735,0.4755423862717008,0.09117430539294216
RD_0146,0.001,0.60,0.6,30,triangular,0,1,colesterol=3,1,0.02167862337661226,0.012518792947045568,0.6280028498418679,0.1573852679666735,0.4755423862717008,0.09117430539294216
RD_0820,0.001,0.60,0.6,17,gaussiana,1,0,"presion_diastolica(c=0.157, r=0.200) Y fumador=0",2,0.021540386837395984,0.00686649914468204,0.7698309672771603,0.17835062713459843,0.6355656981888371,0.10167502855540819
RD_1139,0.001,0.60,0.6,18,triangular,0,1,"presion_sistolica(c=0.558, r=0.113) Y glucosa=1 Y alcohol=0",3,0.020218317836613906,0.0029791043813297497,0.6924094555892747,0.3008309276006863,0.5014827076448864,0.16126831516536397
RD_0736,0.001,0.60,0.6,8,gaussiana,1,0,"presion_diastolica(c=0.172, r=0.278)",1,0.019472372203131767,0.00797574880808613,0.609599282309596,0.20191769134395268,0.39979209389094356,0.09741249264645788
RD_0820,0.001,0.60,0.6,31,gaussiana,1,0,"presion_diastolica(c=0.206, r=0.196)",1,0.01934606542761218,0.00689530019818272,0.6509340319985529,0.17909870644630443,0.4473122173310422,0.08649915954920026
RD_1037,0.001,0.60,0.6,8,gaussiana,0,1,"presion_sistolica(c=0.580, r=0.168) Y presion_diastolica(c=0.621, r=0.300)",2,0.018801079597474228,0.0052969777966955615,0.6152697150653816,0.280785227466992,0.40121800972209737,0.14058002738085024
RD_0735,0.001,0.60,0.6,31,triangular,1,0,"presion_diastolica(c=0.168, r=0.237)",1,0.018735849111623275,0.007671199996713511,0.6105185554474012,0.1942075948535066,0.4012053981708345,0.09339779173980851
RD_0820,0.001,0.60,0.6,18,gaussiana,1,0,"presion_diastolica(c=0.146, r=0.128) Y alcohol=0",2,0.01836088803920624,0.004907184707568989,0.831028794525633,0.12745934305374,0.7324622579989191,0.07520205104916139
RD_0820,0.001,0.60,0.6,25,gaussiana,1,0,"presion_diastolica(c=0.174, r=0.162) Y glucosa=1",2,0.018255415710590184,0.004742229148247887,0.8411359788401076,0.12317478307137368,0.7484652998301704,0.07317139103736302
RD_0819,0.001,0.60,0.6,8,triangular,1,0,"presion_sistolica(c=0.378, r=0.104) Y actividad_fisica=1",2,0.01806965283401962,0.010378987986392038,0.6273900646670582,0.26958410354265033,0.41003426905617546,0.1322059217802406
RD_0763,0.001,0.60,0.6,13,gaussiana,1,0,"presion_diastolica(c=0.158, r=0.260) Y glucosa=1",2,0.017973429731757036,0.006892769647452139,0.766406241212293,0.1466546733500455,0.6379979761477054,0.08451482796363577
RD_0819,0.001,0.60,0.6,7,triangular,1,0,"presion_sistolica(c=0.427, r=0.103) Y fumador=0 Y actividad_fisica=1",3,0.017684571002125817,0.013722069230089111,0.614534518377098,0.35641738259971717,0.38967965409707195,0.18152932354759754
RD_1037,0.001,0.60,0.6,28,gaussiana,0,1,"peso_kg(c=0.529, r=0.087)",1,0.01764630625209702,0.0030457210768596987,0.6445812440179032,0.16144932416000718,0.44683754198029196,0.07898309606615517
RD_0763,0.001,0.60,0.6,2,gaussiana,1,0,"presion_diastolica(c=0.160, r=0.300) Y glucosa=1",2,0.01727761342160703,0.00791669879393666,0.7155893903229003,0.16844039987099274,0.559246715997477,0.09268331629336726
RD_0763,0.001,0.60,0.6,35,gaussiana,1,0,"presion_diastolica(c=0.168, r=0.300) Y sexo=1",2,0.01714079972831683,0.00981601758682494,0.6597604645236816,0.2088514380175519,0.47272820525599785,0.10877793754045958
RD_0052,0.001,0.60,0.6,23,triangular,0,1,"peso_kg(c=0.556, r=0.099) Y presion_diastolica(c=0.443, r=0.108)",2,0.016994735452662682,0.0017213330108348216,0.7500988672709162,0.10310203268231964,0.6793451168858002,0.0750490510503789
RD_0052,0.001,0.60,0.6,6,triangular,0,1,"peso_kg(c=0.552, r=0.097) Y presion_diastolica(c=0.424, r=0.101)",2,0.01692435990148116,0.0017521495488974186,0.7408451226073555,0.10494783921393604,0.6674713875390849,0.07606779953765493
RD_0039,0.001,0.60,0.6,2,gaussiana,0,1,"peso_kg(c=0.559, r=0.112) Y presion_diastolica(c=0.414, r=0.109) Y alcohol=0",3,0.016716619533292357,0.0010278121411373192,0.8795821706772667,0.10008603523226035,0.8488502982593787,0.07877299244670512
RD_0763,0.001,0.60,0.6,5,gaussiana,1,0,"presion_diastolica(c=0.192, r=0.300) Y sexo=1",2,0.016414507926518565,0.010839261727265103,0.6293969484154198,0.23062258994181073,0.42567363350927634,0.11568375370959538
RD_0052,0.001,0.60,0.6,33,triangular,0,1,"peso_kg(c=0.556, r=0.099) Y presion_diastolica(c=0.443, r=0.102) Y alcohol=0",3,0.016105470953801222,0.0017301849365227752,0.8559557906265445,0.10363223312920368,0.8151729901520881,0.07902848179891926
RD_0052,0.001,0.60,0.6,20,triangular,0,1,"peso_kg(c=0.555, r=0.099) Y presion_diastolica(c=0.444, r=0.106) Y alcohol=0",3,0.016105181378659978,0.0017364683687279875,0.8540374350183827,0.10400858949284814,0.8127114963341572,0.07926641348771135
RD_0052,0.001,0.60,0.6,7,triangular,0,1,"peso_kg(c=0.555, r=0.099) Y presion_diastolica(c=0.443, r=0.100) Y alcohol=0",3,0.01610384491292177,0.0017346456573538978,0.8545473902020179,0.10389941523866317,0.8133658335835176,0.07919607265513792
RD_0052,0.001,0.60,0.6,13,triangular,0,1,"peso_kg(c=0.554, r=0.098) Y presion_diastolica(c=0.444, r=0.110) Y alcohol=0",3,0.016102085868082972,0.0017427708664478332,0.8520375761796826,0.10438608781641576,0.8101454235230208,0.07950219997817674
RD_0052,0.001,0.60,0.6,24,triangular,0,1,"peso_kg(c=0.555, r=0.099) Y presion_diastolica(c=0.440, r=0.103) Y alcohol=0",3,0.016099061709914143,0.0017363849930483637,0.8538682471265813,0.10400359557128189,0.8124944067872732,0.07925746479202134
RD_0052,0.001,0.60,0.6,28,triangular,0,1,"peso_kg(c=0.557, r=0.100) Y presion_diastolica(c=0.443, r=0.109) Y alcohol=0",3,0.01609076297116272,0.0017273318299597861,0.8563574095770848,0.10346134168388087,0.8156883182589901,0.07890642840396164
RD_0052,0.001,0.60,0.6,2,triangular,0,1,"peso_kg(c=0.554, r=0.099) Y presion_diastolica(c=0.436, r=0.114) Y alcohol=0",3,0.01608696318385368,0.0017445868531351105,0.8510137031668059,0.10449485928457666,0.8088316644468517,0.07955654503143282
RD_0052,0.001,0.60,0.6,1,triangular,0,1,"peso_kg(c=0.553, r=0.099) Y presion_diastolica(c=0.444, r=0.103) Y alcohol=0",3,0.016075901383701508,0.0017569279096625392,0.8469903996302222,0.10523404688245362,0.8036692551725617,0.08001252395924856
RD_0052,0.001,0.60,0.6,14,triangular,0,1,"peso_kg(c=0.556, r=0.096) Y presion_diastolica(c=0.436, r=0.098) Y alcohol=0",3,0.01599501108530501,0.0017086870637650112,0.8590244976417254,0.10234458317087496,0.8191105308847718,0.07810917077590401
RD_0052,0.001,0.60,0.6,8,triangular,0,1,"peso_kg(c=0.554, r=0.105) Y presion_diastolica(c=0.444, r=0.107) Y alcohol=0",3,0.0159498846042192,0.0017962490307718013,0.8317236894658898,0.10758924921006506,0.7840801276251113,0.08136864609758479
RD_0052,0.001,0.60,0.6,5,triangular,0,1,"peso_kg(c=0.548, r=0.098) Y presion_diastolica(c=0.444, r=0.103) Y alcohol=0",3,0.01593646621036831,0.001792518928713278,0.8323618603796527,0.10736582869705247,0.7848989819357132,0.08121537460051682
RD_0356,0.001,0.60,0.6,4,triangular,0,1,colesterol=3 Y alcohol=0,2,0.015889093697109516,0.02383798294700012,0.6851981977633232,0.16320784891766085,0.5263541917443969,0.0905612263357376
RD_0356,0.001,0.60,0.6,5,triangular,0,1,colesterol=3 Y alcohol=0,2,0.015889093697109516,0.02383798294700012,0.6851981977633232,0.16320784891766085,0.5263541917443969,0.0905612263357376
RD_0356,0.001,0.60,0.6,7,triangular,0,1,colesterol=3 Y alcohol=0,2,0.015889093697109516,0.02383798294700012,0.6851981977633232,0.16320784891766085,0.5263541917443969,0.0905612263357376
RD_0356,0.001,0.60,0.6,26,triangular,0,1,colesterol=3 Y alcohol=0,2,0.015889093697109516,0.02383798294700012,0.6851981977633232,0.16320784891766085,0.5263541917443969,0.0905612263357376
RD_0356,0.001,0.60,0.6,27,triangular,0,1,colesterol=3 Y alcohol=0,2,0.015889093697109516,0.02383798294700012,0.6851981977633232,0.16320784891766085,0.5263541917443969,0.0905612263357376
RD_0052,0.001,0.60,0.6,31,triangular,0,1,"peso_kg(c=0.548, r=0.100) Y presion_diastolica(c=0.411, r=0.099) Y alcohol=0",3,0.01587789101755585,0.0017972718947533884,0.8292189048685337,0.10765051530732535,0.7808661709554463,0.08133476187412807
RD_0052,0.001,0.60,0.6,19,triangular,0,1,"peso_kg(c=0.559, r=0.097) Y presion_diastolica(c=0.443, r=0.107) Y alcohol=0",3,0.015839667191129662,0.001678164580748397,0.8635563643695284,0.10051638954319433,0.8249254913054122,0.07680532294408317
RD_0052,0.001,0.60,0.6,3,triangular,0,1,"peso_kg(c=0.549, r=0.095) Y presion_diastolica(c=0.455, r=0.086)",2,0.015816895180242124,0.0016974522697650657,0.7268176425833234,0.10167165696143697,0.6494723496060755,0.07306036287689022
RD_0052,0.001,0.60,0.6,9,triangular,0,1,"peso_kg(c=0.546, r=0.098) Y presion_diastolica(c=0.443, r=0.107) Y alcohol=0",3,0.015795381463169205,0.0018029754506060523,0.8250917982053225,0.10799213903627575,0.7755705690898618,0.08146457378703893
RD_0052,0.001,0.60,0.6,12,triangular,0,1,"peso_kg(c=0.558, r=0.099) Y presion_diastolica(c=0.449, r=0.108) Y alcohol=0",3,0.015789932239364347,0.0016883175766836784,0.8587202350232865,0.10112451970287516,0.8187201233132411,0.0771444687372031
RD_0820,0.001,0.60,0.6,29,gaussiana,1,0,"presion_sistolica(c=0.477, r=0.099) Y presion_diastolica(c=0.382, r=0.263)",2,0.015669003505223766,0.00954572406111861,0.620024529753438,0.2479408847043795,0.39837217210961023,0.11799772626371488
RD_0052,0.001,0.60,0.6,18,triangular,0,1,"peso_kg(c=0.562, r=0.099) Y presion_diastolica(c=0.408, r=0.103) Y alcohol=0",3,0.015570976440948535,0.0016521045204820884,0.8630112586838454,0.09895547996418318,0.8242260514988825,0.07556653378102862
RD_0735,0.001,0.60,0.6,27,triangular,1,0,"presion_sistolica(c=0.299, r=0.199) Y glucosa=1",2,0.015448757293329712,0.009495882279940726,0.6051981342952897,0.2404020830364741,0.3930257030662277,0.11792173264601846
RD_0052,0.001,0.60,0.6,32,triangular,0,1,"peso_kg(c=0.557, r=0.100) Y presion_diastolica(c=0.458, r=0.108) Y alcohol=0",3,0.015377871085108047,0.0016636632625593463,0.8529019949849571,0.09964780956915485,0.8112545826050146,0.07582266486916232
RD_0279,0.001,0.60,0.6,4,gaussiana,0,1,colesterol=3 Y alcohol=0,2,0.015264854964064007,0.019575899925435288,0.6705383977164042,0.15844128642579086,0.5139570706117297,0.08910192603768585
RD_0279,0.001,0.60,0.6,5,gaussiana,0,1,colesterol=3 Y alcohol=0,2,0.015264854964064007,0.019575899925435288,0.6705383977164042,0.15844128642579086,0.5139570706117297,0.08910192603768585
RD_0279,0.001,0.60,0.6,18,gaussiana,0,1,colesterol=3 Y alcohol=0,2,0.015264854964064007,0.019575899925435288,0.6705383977164042,0.15844128642579086,0.5139570706117297,0.08910192603768585
RD_0279,0.001,0.60,0.6,26,gaussiana,0,1,colesterol=3 Y alcohol=0,2,0.015264854964064007,0.019575899925435288,0.6705383977164042,0.15844128642579086,0.5139570706117297,0.08910192603768585
RD_0279,0.001,0.60,0.6,27,gaussiana,0,1,colesterol=3 Y alcohol=0,2,0.015264854964064007,0.019575899925435288,0.6705383977164042,0.15844128642579086,0.5139570706117297,0.08910192603768585
RD_0052,0.001,0.60,0.6,11,triangular,0,1,"peso_kg(c=0.541, r=0.099) Y presion_diastolica(c=0.450, r=0.109) Y alcohol=0",3,0.015251136199763942,0.001833545681951671,0.8002700923632127,0.10982319262756976,0.7437211688947643,0.08202609707844398
RD_0763,0.001,0.60,0.6,23,gaussiana,1,0,"presion_diastolica(c=0.169, r=0.297) Y alcohol=0",2,0.014894391516795714,0.010054141340099878,0.6273549489655849,0.2139179008531889,0.42250913143789465,0.105756707312621
RD_0052,0.001,0.60,0.6,22,triangular,0,1,"peso_kg(c=0.567, r=0.099) Y presion_diastolica(c=0.449, r=0.107) Y alcohol=0",3,0.014788185533730808,0.0015509587051073836,0.8698966109394278,0.09289718729402456,0.8330608326725532,0.07100650974689875
RD_0561,0.001,0.60,0.6,17,gaussiana,1,0,sexo=2 Y colesterol=1 Y alcohol=0,3,0.01475109589863688,0.005,0.7692307692307693,0.16393442622950818,0.6351648351648352,0.09289617486338796
RD_0560,0.001,0.60,0.6,17,triangular,1,0,sexo=2 Y colesterol=1 Y alcohol=0,3,0.01475109589863688,0.005,0.7692307692307693,0.16393442622950818,0.6351648351648352,0.09289617486338796
RD_0052,0.001,0.60,0.6,27,triangular,0,1,"peso_kg(c=0.535, r=0.101) Y presion_diastolica(c=0.433, r=0.104) Y alcohol=0",3,0.01454217710581561,0.0018475159705364512,0.7752688972600372,0.11065996572213262,0.7116414611880572,0.0817387850423331
RD_0736,0.001,0.60,0.6,15,gaussiana,1,0,"presion_sistolica(c=0.456, r=0.102) Y presion_diastolica(c=0.352, r=0.245) Y alcohol=0",3,0.014510918714305043,0.011314291683098382,0.6083839734116804,0.28643776412907296,0.3979236598029916,0.14586635759722624
RD_0052,0.001,0.60,0.6,21,triangular,0,1,"peso_kg(c=0.532, r=0.107) Y presion_diastolica(c=0.455, r=0.105) Y alcohol=0",3,0.014487980328169345,0.0019102315721504204,0.7587425643551907,0.11441641840536956,0.6904360777308529,0.08393524495872058
RD_0356,0.001,0.60,0.6,28,triangular,0,1,colesterol=3 Y fumador=0,2,0.014434000051632964,0.022264919493475106,0.6799153610135666,0.1524377974820333,0.5184057191993139,0.08352917136365613
RD_0356,0.001,0.60,0.6,35,triangular,0,1,colesterol=3 Y fumador=0,2,0.014434000051632964,0.022264919493475106,0.6799153610135666,0.1524377974820333,0.5184057191993139,0.08352917136365613
RD_0735,0.001,0.60,0.6,35,triangular,1,0,"presion_sistolica(c=0.390, r=0.181) Y presion_diastolica(c=0.210, r=0.287) Y fumador=0",3,0.014342152823725297,0.011314927847456946,0.6063505693227184,0.28645386955587204,0.3947974739247235,0.14531149534619295
RD_0052,0.001,0.60,0.6,35,triangular,0,1,"peso_kg(c=0.569, r=0.096) Y presion_diastolica(c=0.445, r=0.102) Y alcohol=0",3,0.01433351113588743,0.0014864818166183764,0.8763580977491352,0.08903523947660377,0.8413517406611808,0.06814515472267693
RD_0146,0.001,0.60,0.6,4,triangular,0,1,colesterol=3 Y alcohol=0,2,0.014327522216398946,0.012166679719462638,0.6332831278028407,0.15295852851086772,0.48298674969775585,0.08899326260212011
RD_0732,0.001,0.60,0.6,4,gaussiana,0,1,colesterol=3 Y alcohol=0,2,0.01417050847887308,0.029289505106126715,0.7017050458692321,0.1690799873345504,0.5116273097403387,0.0830908058019708
RD_0561,0.001,0.60,0.6,4,gaussiana,1,0,colesterol=1 Y fumador=0 Y actividad_fisica=0,3,0.01402793011788654,0.0035,0.875,0.11475409836065574,0.8023809523809524,0.06993152106246109
RD_0561,0.001,0.60,0.6,10,gaussiana,1,0,colesterol=1 Y fumador=0 Y actividad_fisica=0,3,0.01402793011788654,0.0035,0.875,0.11475409836065574,0.8023809523809524,0.06993152106246109
RD_0561,0.001,0.60,0.6,19,gaussiana,1,0,colesterol=1 Y alcohol=0 Y actividad_fisica=0,3,0.01402793011788654,0.0035,0.875,0.11475409836065574,0.8023809523809524,0.06993152106246109
RD_0561,0.001,0.60,0.6,20,gaussiana,1,0,colesterol=1 Y fumador=0 Y actividad_fisica=0,3,0.01402793011788654,0.0035,0.875,0.11475409836065574,0.8023809523809524,0.06993152106246109
RD_0561,0.001,0.60,0.6,26,gaussiana,1,0,colesterol=1 Y alcohol=0 Y actividad_fisica=0,3,0.01402793011788654,0.0035,0.875,0.11475409836065574,0.8023809523809524,0.06993152106246109
RD_0560,0.001,0.60,0.6,4,triangular,1,0,colesterol=1 Y fumador=0 Y actividad_fisica=0,3,0.01402793011788654,0.0035,0.875,0.11475409836065574,0.8023809523809524,0.06993152106246109
RD_0560,0.001,0.60,0.6,10,triangular,1,0,colesterol=1 Y fumador=0 Y actividad_fisica=0,3,0.01402793011788654,0.0035,0.875,0.11475409836065574,0.8023809523809524,0.06993152106246109
RD_0560,0.001,0.60,0.6,19,triangular,1,0,colesterol=1 Y alcohol=0 Y actividad_fisica=0,3,0.01402793011788654,0.0035,0.875,0.11475409836065574,0.8023809523809524,0.06993152106246109
RD_0560,0.001,0.60,0.6,20,triangular,1,0,colesterol=1 Y fumador=0 Y actividad_fisica=0,3,0.01402793011788654,0.0035,0.875,0.11475409836065574,0.8023809523809524,0.06993152106246109
RD_0560,0.001,0.60,0.6,25,triangular,1,0,colesterol=1 Y alcohol=0 Y actividad_fisica=0,3,0.01402793011788654,0.0035,0.875,0.11475409836065574,0.8023809523809524,0.06993152106246109
RD_0560,0.001,0.60,0.6,26,triangular,1,0,colesterol=1 Y alcohol=0 Y actividad_fisica=0,3,0.01402793011788654,0.0035,0.875,0.11475409836065574,0.8023809523809524,0.06993152106246109
RD_0052,0.001,0.60,0.6,10,triangular,0,1,"presion_diastolica(c=0.392, r=0.110) Y colesterol=3",2,0.013969332560735079,0.0015646016024066722,0.7112339560637194,0.09371435075651495,0.6294765011484811,0.06657595256652793
RD_0279,0.001,0.60,0.6,28,gaussiana,0,1,colesterol=3 Y fumador=0,2,0.013731711342679417,0.018172341949564606,0.6644230795450079,0.14708132176939281,0.504935360228593,0.08158496566647364
RD_0279,0.001,0.60,0.6,35,gaussiana,0,1,colesterol=3 Y fumador=0,2,0.013731711342679417,0.018172341949564606,0.6644230795450079,0.14708132176939281,0.504935360228593,0.08158496566647364
RD_1119,0.001,0.60,0.6,18,gaussiana,0,1,"presion_sistolica(c=0.558, r=0.113) Y glucosa=1 Y alcohol=0",3,0.013585932101673682,0.0017448017430052873,0.6863460965479107,0.2148070682903376,0.4960125612108212,0.10956119392225816
RD_0732,0.001,0.60,0.6,28,gaussiana,0,1,colesterol=3 Y fumador=0,2,0.013442995826311869,0.027606441063153603,0.7042819885320485,0.15936413703124144,0.5158463164766471,0.07818023739006644
RD_0732,0.001,0.60,0.6,35,gaussiana,0,1,colesterol=3 Y fumador=0,2,0.013442995826311869,0.027606441063153603,0.7042819885320485,0.15936413703124144,0.5158463164766471,0.07818023739006644
RD_0763,0.001,0.60,0.6,29,gaussiana,1,0,"presion_diastolica(c=0.229, r=0.300) Y glucosa=1",2,0.013246349631628629,0.010175536019390072,0.6047911961357424,0.2165007663700015,0.3875419121401856,0.10254129334148271
RD_0146,0.001,0.60,0.6,8,triangular,0,1,"presion_diastolica(c=0.443, r=0.094) Y colesterol=3",2,0.01305369122351212,0.008983935540706752,0.6939149445752144,0.11294532216088318,0.568468097947153,0.06888877988396268
RD_0146,0.001,0.60,0.6,33,triangular,0,1,"presion_diastolica(c=0.451, r=0.090) Y colesterol=3",2,0.013045399409005865,0.008936160052591737,0.6953567383226711,0.1123446925290148,0.5705008009072646,0.06859972530236504
RD_0146,0.001,0.60,0.6,3,triangular,0,1,"presion_diastolica(c=0.455, r=0.099) Y colesterol=3",2,0.013043815030126228,0.008926801629398302,0.6956416765911214,0.11222703917790704,0.5709025191577077,0.0685431291284404
RD_0146,0.001,0.60,0.6,13,triangular,0,1,"presion_diastolica(c=0.451, r=0.081) Y colesterol=3",2,0.01304285735091747,0.008921106839269412,0.6958154744563176,0.11215544472992468,0.5711475468779823,0.06850869318556609
RD_0052,0.001,0.60,0.6,29,triangular,0,1,"presion_diastolica(c=0.430, r=0.108) Y colesterol=3 Y fumador=0",3,0.012871345812421074,0.001329706754793165,0.8796942048309493,0.07964494285977632,0.8456323896310085,0.060883882737923424
RD_0820,0.001,0.60,0.6,27,gaussiana,1,0,"presion_diastolica(c=0.142, r=0.121) Y actividad_fisica=1",2,0.012784750869629092,0.0038816396688818723,0.7951873438927736,0.10082180958134733,0.6757132944968915,0.056761133636484516
RD_0052,0.001,0.60,0.6,25,triangular,0,1,"peso_kg(c=0.617, r=0.193) Y presion_diastolica(c=0.488, r=0.091) Y alcohol=0",3,0.012633644807379774,0.0017823467279054583,0.7318157863253579,0.1067565482303807,0.6558856026389359,0.07704785564158557
RD_0146,0.001,0.60,0.6,5,triangular,0,1,"presion_diastolica(c=0.458, r=0.084) Y colesterol=3",2,0.012629998672116277,0.008699234441910212,0.6941409945373055,0.10936608261965612,0.5687867929254647,0.0666154638040515
RD_0736,0.001,0.60,0.6,22,gaussiana,1,0,"presion_diastolica(c=0.165, r=0.295) Y sexo=1",2,0.01252642986635685,0.007257514777927999,0.621948299253952,0.18373455133994937,0.41877765735641603,0.08973566029356557
RD_0732,0.001,0.60,0.6,7,gaussiana,0,1,colesterol=3 Y actividad_fisica=1,2,0.012301030104392475,0.02490596742974689,0.7092316494700754,0.1437750703645539,0.5239499709123091,0.07043246943772369
RD_0732,0.001,0.60,0.6,23,gaussiana,0,1,colesterol=3 Y actividad_fisica=1,2,0.012301030104392475,0.02490596742974689,0.7092316494700754,0.1437750703645539,0.5239499709123091,0.07043246943772369
RD_0820,0.001,0.60,0.6,8,gaussiana,1,0,"presion_diastolica(c=0.167, r=0.135) Y fumador=0 Y alcohol=0",3,0.012069700758018578,0.004571719903191925,0.8128098692997693,0.11874597151147856,0.7036156263913015,0.06861530816148338
RD_0820,0.001,0.60,0.6,22,gaussiana,1,0,"presion_diastolica(c=0.171, r=0.250) Y fumador=0 Y alcohol=0",3,0.011669687868979282,0.007186355311694061,0.678831800044939,0.18665857952452108,0.4914836834044869,0.09497518036117776
RD_0735,0.001,0.60,0.6,7,triangular,1,0,"presion_sistolica(c=0.404, r=0.165) Y presion_diastolica(c=0.225, r=0.269) Y sexo=1",3,0.011496218739756653,0.008878345291405229,0.6173106793132013,0.2247682352254488,0.4116477110529489,0.11170929346698523
RD_0146,0.001,0.60,0.6,14,triangular,0,1,"presion_diastolica(c=0.479, r=0.094) Y colesterol=3",2,0.01137581877883987,0.008036839950180135,0.6879030117772091,0.10103851182097222,0.5599922160007552,0.060942733419125934
RD_0763,0.001,0.60,0.6,17,gaussiana,1,0,"presion_diastolica(c=0.177, r=0.300) Y sexo=1 Y glucosa=1",3,0.01118420271974699,0.0075255972413976295,0.6935349695906478,0.16011909024250276,0.5250688125235184,0.08520180557664363
RD_0356,0.001,0.60,0.6,11,triangular,0,1,"presion_diastolica(c=0.465, r=0.083) Y colesterol=3",2,0.010906512403720947,0.01508516317636456,0.713413431898965,0.10328126494847584,0.5688063863708104,0.057523153739403796
RD_0356,0.001,0.60,0.6,12,triangular,0,1,colesterol=3 Y fumador=0 Y alcohol=0,3,0.010702820291322968,0.022018372355033893,0.6800666929535815,0.1507498011355614,0.5186334108406385,0.08254632322260197
RD_0732,0.001,0.60,0.6,2,gaussiana,0,1,sexo=1 Y colesterol=3,2,0.010488446704161977,0.021713754701137622,0.706849793349413,0.12534733367980042,0.5200503626039854,0.06050440952474936
RD_0732,0.001,0.60,0.6,9,gaussiana,0,1,sexo=1 Y colesterol=3,2,0.010488446704161977,0.021713754701137622,0.706849793349413,0.12534733367980042,0.5200503626039854,0.06050440952474936
RD_0732,0.001,0.60,0.6,14,gaussiana,0,1,sexo=1 Y colesterol=3,2,0.010488446704161977,0.021713754701137622,0.706849793349413,0.12534733367980042,0.5200503626039854,0.06050440952474936
RD_0279,0.001,0.60,0.6,12,gaussiana,0,1,colesterol=3 Y fumador=0 Y alcohol=0,3,0.010250953261730348,0.018094619447809813,0.6644134751514674,0.14645225985095403,0.5049211912099909,0.0812083425309602
RD_0146,0.001,0.60,0.6,1,triangular,0,1,colesterol=3 Y fumador=0 Y alcohol=0,3,0.010099151801716206,0.011282484716403151,0.637867743020238,0.14184249934735696,0.48945033780792424,0.0825346395464492
RD_0146,0.001,0.60,0.6,2,triangular,0,1,colesterol=3 Y fumador=0 Y alcohol=0,3,0.010099151801716206,0.011282484716403151,0.637867743020238,0.14184249934735696,0.48945033780792424,0.0825346395464492
RD_0146,0.001,0.60,0.6,18,triangular,0,1,colesterol=3 Y fumador=0 Y alcohol=0,3,0.010099151801716206,0.011282484716403151,0.637867743020238,0.14184249934735696,0.48945033780792424,0.0825346395464492
RD_0356,0.001,0.60,0.6,9,triangular,0,1,sexo=1 Y colesterol=3,2,0.009991310209090718,0.016091701923163088,0.6750446109027081,0.11017257886889034,0.5110772656876844,0.05864853054447741
RD_0356,0.001,0.60,0.6,14,triangular,0,1,sexo=1 Y colesterol=3,2,0.009991310209090718,0.016091701923163088,0.6750446109027081,0.11017257886889034,0.5110772656876844,0.05864853054447741
RD_0356,0.001,0.60,0.6,20,triangular,0,1,colesterol=3 Y alcohol=0 Y actividad_fisica=1,3,0.009934500527952065,0.019198761763067663,0.6977848815948546,0.13144520726436845,0.5452919169870285,0.072874731632513
RD_0146,0.001,0.60,0.6,19,triangular,0,1,"altura_cm(c=0.572, r=0.290) Y colesterol=3 Y fumador=0",3,0.009893084932289003,0.010074407202294236,0.6633153173461248,0.12665464504808,0.5253274247707003,0.07532890510414321
RD_0250,0.001,0.60,0.6,1,triangular,1,0,sexo=2 Y actividad_fisica=0,2,0.00985966917028428,0.0025,0.625,0.09615384615384616,0.49754901960784315,0.059449433814916054
RD_0250,0.001,0.60,0.6,2,triangular,1,0,sexo=2 Y actividad_fisica=0,2,0.00985966917028428,0.0025,0.625,0.09615384615384616,0.49754901960784315,0.059449433814916054
RD_0250,0.001,0.60,0.6,8,triangular,1,0,sexo=2 Y actividad_fisica=0,2,0.00985966917028428,0.0025,0.625,0.09615384615384616,0.49754901960784315,0.059449433814916054
RD_0250,0.001,0.60,0.6,11,triangular,1,0,sexo=2 Y actividad_fisica=0,2,0.00985966917028428,0.0025,0.625,0.09615384615384616,0.49754901960784315,0.059449433814916054
RD_0250,0.001,0.60,0.6,12,triangular,1,0,sexo=2 Y actividad_fisica=0,2,0.00985966917028428,0.0025,0.625,0.09615384615384616,0.49754901960784315,0.059449433814916054
RD_0250,0.001,0.60,0.6,14,triangular,1,0,sexo=2 Y actividad_fisica=0,2,0.00985966917028428,0.0025,0.625,0.09615384615384616,0.49754901960784315,0.059449433814916054
RD_0250,0.001,0.60,0.6,18,triangular,1,0,sexo=2 Y actividad_fisica=0,2,0.00985966917028428,0.0025,0.625,0.09615384615384616,0.49754901960784315,0.059449433814916054
RD_0250,0.001,0.60,0.6,19,triangular,1,0,sexo=2 Y actividad_fisica=0,2,0.00985966917028428,0.0025,0.625,0.09615384615384616,0.49754901960784315,0.059449433814916054
RD_0250,0.001,0.60,0.6,20,triangular,1,0,sexo=2 Y actividad_fisica=0,2,0.00985966917028428,0.0025,0.625,0.09615384615384616,0.49754901960784315,0.059449433814916054
RD_0250,0.001,0.60,0.6,21,triangular,1,0,sexo=2 Y actividad_fisica=0,2,0.00985966917028428,0.0025,0.625,0.09615384615384616,0.49754901960784315,0.059449433814916054
RD_0250,0.001,0.60,0.6,25,triangular,1,0,sexo=2 Y actividad_fisica=0,2,0.00985966917028428,0.0025,0.625,0.09615384615384616,0.49754901960784315,0.059449433814916054
RD_0250,0.001,0.60,0.6,26,triangular,1,0,sexo=2 Y actividad_fisica=0,2,0.00985966917028428,0.0025,0.625,0.09615384615384616,0.49754901960784315,0.059449433814916054
RD_0250,0.001,0.60,0.6,28,triangular,1,0,sexo=2 Y actividad_fisica=0,2,0.00985966917028428,0.0025,0.625,0.09615384615384616,0.49754901960784315,0.059449433814916054
RD_0250,0.001,0.60,0.6,29,triangular,1,0,sexo=2 Y actividad_fisica=0,2,0.00985966917028428,0.0025,0.625,0.09615384615384616,0.49754901960784315,0.059449433814916054
RD_0251,0.001,0.60,0.6,1,gaussiana,1,0,sexo=2 Y actividad_fisica=0,2,0.00985966917028428,0.0025,0.625,0.09615384615384616,0.49754901960784315,0.059449433814916054
RD_0251,0.001,0.60,0.6,2,gaussiana,1,0,sexo=2 Y actividad_fisica=0,2,0.00985966917028428,0.0025,0.625,0.09615384615384616,0.49754901960784315,0.059449433814916054
RD_0251,0.001,0.60,0.6,8,gaussiana,1,0,sexo=2 Y actividad_fisica=0,2,0.00985966917028428,0.0025,0.625,0.09615384615384616,0.49754901960784315,0.059449433814916054
RD_0251,0.001,0.60,0.6,11,gaussiana,1,0,sexo=2 Y actividad_fisica=0,2,0.00985966917028428,0.0025,0.625,0.09615384615384616,0.49754901960784315,0.059449433814916054
RD_0251,0.001,0.60,0.6,12,gaussiana,1,0,sexo=2 Y actividad_fisica=0,2,0.00985966917028428,0.0025,0.625,0.09615384615384616,0.49754901960784315,0.059449433814916054
RD_0251,0.001,0.60,0.6,14,gaussiana,1,0,sexo=2 Y actividad_fisica=0,2,0.00985966917028428,0.0025,0.625,0.09615384615384616,0.49754901960784315,0.059449433814916054
RD_0251,0.001,0.60,0.6,18,gaussiana,1,0,sexo=2 Y actividad_fisica=0,2,0.00985966917028428,0.0025,0.625,0.09615384615384616,0.49754901960784315,0.059449433814916054
RD_0251,0.001,0.60,0.6,19,gaussiana,1,0,sexo=2 Y actividad_fisica=0,2,0.00985966917028428,0.0025,0.625,0.09615384615384616,0.49754901960784315,0.059449433814916054
RD_0251,0.001,0.60,0.6,20,gaussiana,1,0,sexo=2 Y actividad_fisica=0,2,0.00985966917028428,0.0025,0.625,0.09615384615384616,0.49754901960784315,0.059449433814916054
RD_0251,0.001,0.60,0.6,21,gaussiana,1,0,sexo=2 Y actividad_fisica=0,2,0.00985966917028428,0.0025,0.625,0.09615384615384616,0.49754901960784315,0.059449433814916054
RD_0251,0.001,0.60,0.6,25,gaussiana,1,0,sexo=2 Y actividad_fisica=0,2,0.00985966917028428,0.0025,0.625,0.09615384615384616,0.49754901960784315,0.059449433814916054
RD_0251,0.001,0.60,0.6,26,gaussiana,1,0,sexo=2 Y actividad_fisica=0,2,0.00985966917028428,0.0025,0.625,0.09615384615384616,0.49754901960784315,0.059449433814916054
RD_0251,0.001,0.60,0.6,28,gaussiana,1,0,sexo=2 Y actividad_fisica=0,2,0.00985966917028428,0.0025,0.625,0.09615384615384616,0.49754901960784315,0.059449433814916054
RD_0251,0.001,0.60,0.6,29,gaussiana,1,0,sexo=2 Y actividad_fisica=0,2,0.00985966917028428,0.0025,0.625,0.09615384615384616,0.49754901960784315,0.059449433814916054
RD_0251,0.001,0.60,0.6,31,gaussiana,1,0,sexo=2 Y actividad_fisica=0,2,0.00985966917028428,0.0025,0.625,0.09615384615384616,0.49754901960784315,0.059449433814916054
RD_0732,0.001,0.60,0.6,11,gaussiana,0,1,"presion_sistolica(c=0.465, r=0.093) Y colesterol=3",2,0.009812722434198111,0.017206126796121032,0.7473967619269787,0.0993260790929605,0.5864344292865844,0.05019856582841968
RD_0052,0.001,0.60,0.6,4,triangular,0,1,"peso_kg(c=0.551, r=0.094) Y presion_diastolica(c=0.436, r=0.107) Y sexo=1",3,0.009801248437083236,0.0011852936592439964,0.802617660113475,0.07099508626413464,0.7467333963878628,0.05250199594390361
RD_0076,0.001,0.60,0.6,2,triangular,1,0,sexo=2 Y alcohol=0 Y actividad_fisica=0,3,0.00978861737136933,0.0035,0.6363636363636364,0.1206896551724138,0.5130249867091972,0.07632078456184752
RD_0076,0.001,0.60,0.6,3,triangular,1,0,sexo=2 Y alcohol=0 Y actividad_fisica=0,3,0.00978861737136933,0.0035,0.6363636363636364,0.1206896551724138,0.5130249867091972,0.07632078456184752
RD_0076,0.001,0.60,0.6,6,triangular,1,0,sexo=2 Y alcohol=0 Y actividad_fisica=0,3,0.00978861737136933,0.0035,0.6363636363636364,0.1206896551724138,0.5130249867091972,0.07632078456184752
RD_0076,0.001,0.60,0.6,11,triangular,1,0,sexo=2 Y alcohol=0 Y actividad_fisica=0,3,0.00978861737136933,0.0035,0.6363636363636364,0.1206896551724138,0.5130249867091972,0.07632078456184752
RD_0076,0.001,0.60,0.6,20,triangular,1,0,sexo=2 Y alcohol=0 Y actividad_fisica=0,3,0.00978861737136933,0.0035,0.6363636363636364,0.1206896551724138,0.5130249867091972,0.07632078456184752
RD_0076,0.001,0.60,0.6,21,triangular,1,0,sexo=2 Y alcohol=0 Y actividad_fisica=0,3,0.00978861737136933,0.0035,0.6363636363636364,0.1206896551724138,0.5130249867091972,0.07632078456184752
RD_0076,0.001,0.60,0.6,29,triangular,1,0,sexo=2 Y alcohol=0 Y actividad_fisica=0,3,0.00978861737136933,0.0035,0.6363636363636364,0.1206896551724138,0.5130249867091972,0.07632078456184752
RD_0076,0.001,0.60,0.6,30,triangular,1,0,sexo=2 Y alcohol=0 Y actividad_fisica=0,3,0.00978861737136933,0.0035,0.6363636363636364,0.1206896551724138,0.5130249867091972,0.07632078456184752
RD_0076,0.001,0.60,0.6,31,triangular,1,0,sexo=2 Y alcohol=0 Y actividad_fisica=0,3,0.00978861737136933,0.0035,0.6363636363636364,0.1206896551724138,0.5130249867091972,0.07632078456184752
RD_0076,0.001,0.60,0.6,34,triangular,1,0,sexo=2 Y alcohol=0 Y actividad_fisica=0,3,0.00978861737136933,0.0035,0.6363636363636364,0.1206896551724138,0.5130249867091972,0.07632078456184752
RD_0146,0.001,0.60,0.6,31,triangular,0,1,"presion_diastolica(c=0.414, r=0.093) Y colesterol=3 Y alcohol=0",3,0.00970249790848851,0.008924301737890787,0.6933307699415348,0.11219561074095932,0.567644503373243,0.06837024123958675
RD_0732,0.001,0.60,0.6,5,gaussiana,0,1,colesterol=3 Y fumador=0 Y alcohol=0,3,0.009639143566138294,0.027003227952452184,0.6999894463834214,0.15588195920857498,0.5088185061561984,0.07577667438989921
RD_0732,0.001,0.60,0.6,33,gaussiana,0,1,colesterol=3 Y fumador=0 Y alcohol=0,3,0.009639143566138294,0.027003227952452184,0.6999894463834214,0.15588195920857498,0.5088185061561984,0.07577667438989921
RD_0820,0.001,0.60,0.6,35,gaussiana,1,0,"presion_diastolica(c=0.147, r=0.146) Y fumador=0 Y actividad_fisica=1",3,0.009624597861065074,0.0040219197742929645,0.7853594848042366,0.10446544868293414,0.660152517606708,0.05831741971360029
RD_0146,0.001,0.60,0.6,27,triangular,0,1,"presion_diastolica(c=0.441, r=0.093) Y colesterol=3 Y alcohol=0",3,0.00947643320124968,0.008819167961582523,0.6901202719767086,0.11087387727778789,0.5631182049841382,0.06731398926459221
RD_0146,0.001,0.60,0.6,11,triangular,0,1,"presion_diastolica(c=0.453, r=0.092) Y colesterol=3 Y alcohol=0",3,0.009467221880259153,0.008753520049249876,0.692093883273657,0.11004855695196808,0.5659006872445125,0.06691790339649181
RD_0146,0.001,0.60,0.6,6,triangular,0,1,"presion_diastolica(c=0.456, r=0.095) Y colesterol=3 Y alcohol=0",3,0.009462488069708066,0.00873816919672231,0.6924805227784306,0.10985556725649286,0.5664457882807986,0.06682007892354436
RD_0279,0.001,0.60,0.6,20,gaussiana,0,1,colesterol=3 Y alcohol=0 Y actividad_fisica=1,3,0.009410995151645564,0.015578371479090976,0.6826009968063445,0.1260865261350758,0.5317525920232479,0.07079228417740649
RD_0279,0.001,0.60,0.6,25,gaussiana,0,1,colesterol=3 Y alcohol=0 Y actividad_fisica=1,3,0.009410995151645564,0.015578371479090976,0.6826009968063445,0.1260865261350758,0.5317525920232479,0.07079228417740649
RD_0146,0.001,0.60,0.6,10,triangular,0,1,"altura_cm(c=0.558, r=0.296) Y colesterol=3 Y alcohol=0",3,0.009345555716625977,0.01038680810501805,0.6404770861436014,0.13058212431834157,0.49312910219441436,0.07580615846875349
RD_0732,0.001,0.60,0.6,20,gaussiana,0,1,colesterol=3 Y alcohol=0 Y actividad_fisica=1,3,0.00920952216749782,0.023948297117535683,0.7179922081573378,0.1382467118732568,0.538292880690127,0.06843502857173667
RD_0732,0.001,0.60,0.6,25,gaussiana,0,1,colesterol=3 Y alcohol=0 Y actividad_fisica=1,3,0.00920952216749782,0.023948297117535683,0.7179922081573378,0.1382467118732568,0.538292880690127,0.06843502857173667
RD_0732,0.001,0.60,0.6,34,gaussiana,0,1,colesterol=3 Y alcohol=0 Y actividad_fisica=1,3,0.00920952216749782,0.023948297117535683,0.7179922081573378,0.1382467118732568,0.538292880690127,0.06843502857173667
RD_0561,0.001,0.60,0.6,23,gaussiana,1,0,"edad_anios(c=0.436, r=0.096) Y colesterol=1 Y alcohol=0",3,0.009027237960403105,0.0023144344095936045,0.8713200563484099,0.07588309539651161,0.7965631367032004,0.04533093508577289
RD_0146,0.001,0.60,0.6,12,triangular,0,1,"presion_diastolica(c=0.408, r=0.091) Y colesterol=3 Y fumador=0",3,0.009021981824857625,0.008010588575646597,0.7051837546142117,0.10070848163092667,0.5843553519761092,0.06175681830823023
RD_0076,0.001,0.60,0.6,7,triangular,1,0,"altura_cm(c=0.535, r=0.185) Y sexo=2 Y actividad_fisica=0",3,0.008916770546790563,0.0014700790750478284,0.9579379474792593,0.050692381898200974,0.9436712863903531,0.03779608715614606
RD_0146,0.001,0.60,0.6,22,triangular,0,1,"altura_cm(c=0.533, r=0.295) Y colesterol=3 Y alcohol=0",3,0.008844106829653014,0.010140826226646941,0.6332538864334247,0.12748965973280665,0.48294552395497925,0.073251382534627
RD_0279,0.001,0.60,0.6,9,gaussiana,0,1,sexo=1 Y colesterol=3,2,0.008783280917619173,0.012659673924565755,0.6501447605212899,0.10246348980018286,0.4838710663718101,0.05445633058912869
RD_0279,0.001,0.60,0.6,14,gaussiana,0,1,sexo=1 Y colesterol=3,2,0.008783280917619173,0.012659673924565755,0.6501447605212899,0.10246348980018286,0.4838710663718101,0.05445633058912869
RD_0076,0.001,0.60,0.6,24,triangular,1,0,"altura_cm(c=0.526, r=0.202) Y sexo=2 Y actividad_fisica=0",3,0.008770375631094623,0.0015010104022669059,0.9371386409168071,0.051758979388513995,0.9158172442687065,0.03830622620825576
RD_0146,0.001,0.60,0.6,29,triangular,0,1,"presion_diastolica(c=0.488, r=0.114) Y colesterol=3 Y alcohol=0",3,0.008597261663674428,0.00807794890394222,0.6885593479770503,0.10155533031386073,0.5609175470604848,0.061308559225710005
RD_0146,0.001,0.60,0.6,32,triangular,0,1,"altura_cm(c=0.514, r=0.300) Y colesterol=3 Y alcohol=0",3,0.008452705186443676,0.009974148879690708,0.626681822094547,0.12539420540061627,0.47367994442306227,0.07137904220740433
RD_0459,0.001,0.60,0.6,33,gaussiana,1,0,"presion_sistolica(c=0.480, r=0.108) Y presion_diastolica(c=0.405, r=0.148) Y sexo=1",3,0.008412340056825417,0.00882636223445148,0.6187384906050973,0.17306592616571528,0.40965959835627974,0.0821398067134678
RD_0279,0.001,0.60,0.6,11,gaussiana,0,1,"presion_diastolica(c=0.465, r=0.083) Y colesterol=3",2,0.008204056817406203,0.009855176239099978,0.6968116079516732,0.07976475192576196,0.5527169988664095,0.044529425551768344
RD_0076,0.001,0.60,0.6,23,triangular,1,0,"edad_anios(c=0.422, r=0.083) Y peso_kg(c=0.548, r=0.159)",2,0.008135820318000666,0.0014542863292200474,0.7820620069031999,0.050147804455863705,0.7081415180165659,0.03446692551280551
RD_0146,0.001,0.60,0.6,35,triangular,0,1,"presion_diastolica(c=0.486, r=0.098) Y colesterol=3 Y alcohol=0",3,0.008067807909278038,0.00773951960529892,0.6832239757560118,0.09730062412293204,0.5533955093722696,0.05831495032136821
RD_0732,0.001,0.60,0.6,12,gaussiana,0,1,colesterol=3 Y fumador=0 Y actividad_fisica=1,3,0.00797778694633906,0.022009024555440945,0.7067563054110692,0.12705184261721628,0.5198973028377254,0.061379714053482234
RD_0820,0.001,0.60,0.6,7,gaussiana,1,0,"edad_anios(c=0.450, r=0.109) Y presion_diastolica(c=0.423, r=0.200) Y alcohol=0",3,0.007968609764476879,0.0037951823414352774,0.7502606271298075,0.09857616471260461,0.6045793262888619,0.052721682121624903
RD_0279,0.001,0.60,0.6,34,gaussiana,0,1,colesterol=3 Y glucosa=3,2,0.007967234062545944,0.011478561566403535,0.6513525469821183,0.0929039312535297,0.48565287058033585,0.04921560982245663
RD_0732,0.001,0.60,0.6,6,gaussiana,0,1,"presion_sistolica(c=0.509, r=0.095) Y colesterol=3",2,0.0078739678072762,0.010399558858646464,0.8293166000848883,0.06003369718039539,0.7205547393783057,0.03278294087998029
RD_0076,0.001,0.60,0.6,28,triangular,1,0,"edad_anios(c=0.449, r=0.098) Y altura_cm(c=0.581, r=0.148) Y glucosa=3",3,0.007809265290698922,0.0025346373109242917,0.6686570742029098,0.08740128658359626,0.5562717543419083,0.05615431831470641
RD_0732,0.001,0.60,0.6,18,gaussiana,0,1,"presion_sistolica(c=0.484, r=0.061) Y colesterol=3",2,0.007788649670512825,0.008876952131622635,0.878077200630043,0.051244121351514654,0.80038627972838,0.0291933402699856
RD_0732,0.001,0.60,0.6,27,gaussiana,0,1,sexo=1 Y colesterol=3 Y alcohol=0,3,0.007684486704431081,0.021110541590436207,0.7082849949705429,0.12186515585713396,0.5224000948641864,0.058839856883478515
RD_0356,0.001,0.60,0.6,6,triangular,0,1,"presion_diastolica(c=0.489, r=0.089) Y colesterol=3",2,0.007646919205320546,0.010191867436499257,0.7276421775807109,0.06977909013792323,0.5902147318790331,0.03886849374790503
RD_0560,0.001,0.60,0.6,23,triangular,1,0,"edad_anios(c=0.433, r=0.120) Y colesterol=1 Y alcohol=0",3,0.007542021945454558,0.0028606319471152376,0.7486600665740714,0.09379121138082745,0.6026435338218652,0.050059589274105754
RD_0250,0.001,0.60,0.6,4,triangular,1,0,sexo=2 Y alcohol=0 Y actividad_fisica=0,3,0.00739475187771321,0.0025,0.625,0.09615384615384616,0.49754901960784315,0.059449433814916054
RD_0250,0.001,0.60,0.6,5,triangular,1,0,sexo=2 Y alcohol=0 Y actividad_fisica=0,3,0.00739475187771321,0.0025,0.625,0.09615384615384616,0.49754901960784315,0.059449433814916054
RD_0250,0.001,0.60,0.6,6,triangular,1,0,sexo=2 Y alcohol=0 Y actividad_fisica=0,3,0.00739475187771321,0.0025,0.625,0.09615384615384616,0.49754901960784315,0.059449433814916054
RD_0250,0.001,0.60,0.6,7,triangular,1,0,sexo=2 Y alcohol=0 Y actividad_fisica=0,3,0.00739475187771321,0.0025,0.625,0.09615384615384616,0.49754901960784315,0.059449433814916054
RD_0250,0.001,0.60,0.6,9,triangular,1,0,sexo=2 Y alcohol=0 Y actividad_fisica=0,3,0.00739475187771321,0.0025,0.625,0.09615384615384616,0.49754901960784315,0.059449433814916054
RD_0250,0.001,0.60,0.6,10,triangular,1,0,sexo=2 Y alcohol=0 Y actividad_fisica=0,3,0.00739475187771321,0.0025,0.625,0.09615384615384616,0.49754901960784315,0.059449433814916054
RD_0250,0.001,0.60,0.6,15,triangular,1,0,sexo=2 Y alcohol=0 Y actividad_fisica=0,3,0.00739475187771321,0.0025,0.625,0.09615384615384616,0.49754901960784315,0.059449433814916054
RD_0250,0.001,0.60,0.6,17,triangular,1,0,sexo=2 Y alcohol=0 Y actividad_fisica=0,3,0.00739475187771321,0.0025,0.625,0.09615384615384616,0.49754901960784315,0.059449433814916054
RD_0250,0.001,0.60,0.6,22,triangular,1,0,sexo=2 Y alcohol=0 Y actividad_fisica=0,3,0.00739475187771321,0.0025,0.625,0.09615384615384616,0.49754901960784315,0.059449433814916054
RD_0250,0.001,0.60,0.6,23,triangular,1,0,sexo=2 Y alcohol=0 Y actividad_fisica=0,3,0.00739475187771321,0.0025,0.625,0.09615384615384616,0.49754901960784315,0.059449433814916054
RD_0250,0.001,0.60,0.6,27,triangular,1,0,sexo=2 Y alcohol=0 Y actividad_fisica=0,3,0.00739475187771321,0.0025,0.625,0.09615384615384616,0.49754901960784315,0.059449433814916054
RD_0250,0.001,0.60,0.6,31,triangular,1,0,sexo=2 Y alcohol=0 Y actividad_fisica=0,3,0.00739475187771321,0.0025,0.625,0.09615384615384616,0.49754901960784315,0.059449433814916054
RD_0250,0.001,0.60,0.6,32,triangular,1,0,sexo=2 Y alcohol=0 Y actividad_fisica=0,3,0.00739475187771321,0.0025,0.625,0.09615384615384616,0.49754901960784315,0.059449433814916054
RD_0250,0.001,0.60,0.6,33,triangular,1,0,sexo=2 Y alcohol=0 Y actividad_fisica=0,3,0.00739475187771321,0.0025,0.625,0.09615384615384616,0.49754901960784315,0.059449433814916054
RD_0250,0.001,0.60,0.6,34,triangular,1,0,sexo=2 Y alcohol=0 Y actividad_fisica=0,3,0.00739475187771321,0.0025,0.625,0.09615384615384616,0.49754901960784315,0.059449433814916054
RD_0250,0.001,0.60,0.6,35,triangular,1,0,sexo=2 Y alcohol=0 Y actividad_fisica=0,3,0.00739475187771321,0.0025,0.625,0.09615384615384616,0.49754901960784315,0.059449433814916054
RD_0251,0.001,0.60,0.6,4,gaussiana,1,0,sexo=2 Y alcohol=0 Y actividad_fisica=0,3,0.00739475187771321,0.0025,0.625,0.09615384615384616,0.49754901960784315,0.059449433814916054
RD_0251,0.001,0.60,0.6,5,gaussiana,1,0,sexo=2 Y alcohol=0 Y actividad_fisica=0,3,0.00739475187771321,0.0025,0.625,0.09615384615384616,0.49754901960784315,0.059449433814916054
RD_0251,0.001,0.60,0.6,6,gaussiana,1,0,sexo=2 Y alcohol=0 Y actividad_fisica=0,3,0.00739475187771321,0.0025,0.625,0.09615384615384616,0.49754901960784315,0.059449433814916054
RD_0251,0.001,0.60,0.6,7,gaussiana,1,0,sexo=2 Y alcohol=0 Y actividad_fisica=0,3,0.00739475187771321,0.0025,0.625,0.09615384615384616,0.49754901960784315,0.059449433814916054
RD_0251,0.001,0.60,0.6,9,gaussiana,1,0,sexo=2 Y alcohol=0 Y actividad_fisica=0,3,0.00739475187771321,0.0025,0.625,0.09615384615384616,0.49754901960784315,0.059449433814916054
RD_0251,0.001,0.60,0.6,10,gaussiana,1,0,sexo=2 Y alcohol=0 Y actividad_fisica=0,3,0.00739475187771321,0.0025,0.625,0.09615384615384616,0.49754901960784315,0.059449433814916054
RD_0251,0.001,0.60,0.6,15,gaussiana,1,0,sexo=2 Y alcohol=0 Y actividad_fisica=0,3,0.00739475187771321,0.0025,0.625,0.09615384615384616,0.49754901960784315,0.059449433814916054
RD_0251,0.001,0.60,0.6,17,gaussiana,1,0,sexo=2 Y alcohol=0 Y actividad_fisica=0,3,0.00739475187771321,0.0025,0.625,0.09615384615384616,0.49754901960784315,0.059449433814916054
RD_0251,0.001,0.60,0.6,22,gaussiana,1,0,sexo=2 Y alcohol=0 Y actividad_fisica=0,3,0.00739475187771321,0.0025,0.625,0.09615384615384616,0.49754901960784315,0.059449433814916054
RD_0251,0.001,0.60,0.6,23,gaussiana,1,0,sexo=2 Y alcohol=0 Y actividad_fisica=0,3,0.00739475187771321,0.0025,0.625,0.09615384615384616,0.49754901960784315,0.059449433814916054
RD_0251,0.001,0.60,0.6,27,gaussiana,1,0,sexo=2 Y alcohol=0 Y actividad_fisica=0,3,0.00739475187771321,0.0025,0.625,0.09615384615384616,0.49754901960784315,0.059449433814916054
RD_0251,0.001,0.60,0.6,32,gaussiana,1,0,sexo=2 Y alcohol=0 Y actividad_fisica=0,3,0.00739475187771321,0.0025,0.625,0.09615384615384616,0.49754901960784315,0.059449433814916054
RD_0251,0.001,0.60,0.6,33,gaussiana,1,0,sexo=2 Y alcohol=0 Y actividad_fisica=0,3,0.00739475187771321,0.0025,0.625,0.09615384615384616,0.49754901960784315,0.059449433814916054
RD_0251,0.001,0.60,0.6,35,gaussiana,1,0,sexo=2 Y alcohol=0 Y actividad_fisica=0,3,0.00739475187771321,0.0025,0.625,0.09615384615384616,0.49754901960784315,0.059449433814916054
RD_0356,0.001,0.60,0.6,18,triangular,0,1,sexo=1 Y colesterol=3 Y alcohol=0,3,0.007376338796288456,0.015845154784721878,0.6751766339062362,0.1084845825224185,0.5112759054088363,0.0577092620110079
RD_0356,0.001,0.60,0.6,33,triangular,0,1,sexo=1 Y colesterol=3 Y alcohol=0,3,0.007376338796288456,0.015845154784721878,0.6751766339062362,0.1084845825224185,0.5112759054088363,0.0577092620110079
RD_0251,0.001,0.60,0.6,30,gaussiana,1,0,"edad_anios(c=0.447, r=0.083) Y altura_cm(c=0.577, r=0.208)",2,0.007286433337785978,0.0019476995673409435,0.6134722155511736,0.07491152182080553,0.4821032953463437,0.0453415278932167
RD_0459,0.001,0.60,0.6,16,gaussiana,1,0,"altura_cm(c=0.347, r=0.090) Y presion_sistolica(c=0.476, r=0.101)",2,0.0068644060001603144,0.0031231597531323576,0.7525836370508049,0.06123842653200701,0.6169036960786657,0.0333815766243277
RD_0356,0.001,0.60,0.6,2,triangular,0,1,"altura_cm(c=0.507, r=0.122) Y colesterol=3 Y alcohol=0",3,0.006860732902699622,0.012584546928145738,0.7170376992498924,0.08616068055390963,0.574259401653975,0.047788388891427266
RD_0279,0.001,0.60,0.6,6,gaussiana,0,1,"altura_cm(c=0.509, r=0.119) Y colesterol=3",2,0.006788350733472504,0.008607852418563417,0.6842847304319117,0.06966929825731713,0.5342365440771684,0.038119916030072
RD_0146,0.001,0.60,0.6,26,triangular,0,1,"presion_diastolica(c=0.416, r=0.105) Y sexo=1 Y colesterol=3",3,0.006633989976277036,0.005763192482680948,0.7154054945640376,0.07245439692684755,0.5987664014692521,0.04431771695939225
RD_0076,0.001,0.60,0.6,4,triangular,1,0,sexo=2 Y fumador=0 Y actividad_fisica=0,3,0.006611924226622103,0.0025,0.625,0.08620689655172414,0.49780701754385964,0.05312841316898113
RD_0076,0.001,0.60,0.6,10,triangular,1,0,sexo=2 Y fumador=0 Y actividad_fisica=0,3,0.006611924226622103,0.0025,0.625,0.08620689655172414,0.49780701754385964,0.05312841316898113
RD_0077,0.001,0.60,0.6,7,gaussiana,1,0,sexo=2 Y fumador=0 Y actividad_fisica=0,3,0.006611924226622103,0.0025,0.625,0.08620689655172414,0.49780701754385964,0.05312841316898113
RD_0250,0.001,0.60,0.6,3,triangular,1,0,sexo=2 Y glucosa=1 Y actividad_fisica=0,3,0.006474079139245952,0.0015,0.75,0.057692307692307696,0.6650326797385621,0.03893991580558745
RD_0250,0.001,0.60,0.6,13,triangular,1,0,sexo=2 Y glucosa=1 Y actividad_fisica=0,3,0.006474079139245952,0.0015,0.75,0.057692307692307696,0.6650326797385621,0.03893991580558745
RD_0251,0.001,0.60,0.6,3,gaussiana,1,0,sexo=2 Y glucosa=1 Y actividad_fisica=0,3,0.006474079139245952,0.0015,0.75,0.057692307692307696,0.6650326797385621,0.03893991580558745
RD_0251,0.001,0.60,0.6,13,gaussiana,1,0,sexo=2 Y glucosa=1 Y actividad_fisica=0,3,0.006474079139245952,0.0015,0.75,0.057692307692307696,0.6650326797385621,0.03893991580558745
RD_0251,0.001,0.60,0.6,34,gaussiana,1,0,sexo=2 Y glucosa=1 Y actividad_fisica=0,3,0.006474079139245952,0.0015,0.75,0.057692307692307696,0.6650326797385621,0.03893991580558745
RD_0279,0.001,0.60,0.6,2,gaussiana,0,1,colesterol=3 Y glucosa=3 Y alcohol=0,3,0.006022502948387754,0.011439700315526137,0.6539169724963922,0.09258940029431029,0.48943607590841176,0.04921993489923898
RD_0077,0.001,0.60,0.6,2,gaussiana,1,0,"edad_anios(c=0.438, r=0.089) Y altura_cm(c=0.580, r=0.219) Y actividad_fisica=1",3,0.005607538137179579,0.002137779864529133,0.6241945669269201,0.07371654705272872,0.4967283966448228,0.04515576862571965
RD_0077,0.001,0.60,0.6,18,gaussiana,1,0,"edad_anios(c=0.443, r=0.108) Y altura_cm(c=0.573, r=0.165) Y fumador=0",3,0.0052103044225907166,0.0021684264786918962,0.6014767734951699,0.0747733268514447,0.4663051528093211,0.04469437569969367
RD_0077,0.001,0.60,0.6,11,gaussiana,1,0,"edad_anios(c=0.433, r=0.102) Y altura_cm(c=0.664, r=0.228) Y glucosa=3",3,0.005205619857968154,0.0015217934375215346,0.7064784417848586,0.05247563577660465,0.606921422039372,0.03430836130632051
RD_0076,0.001,0.60,0.6,35,triangular,1,0,"edad_anios(c=0.433, r=0.092) Y altura_cm(c=0.584, r=0.124) Y fumador=0",3,0.0048365922858493475,0.0020096431658505483,0.6024692921501922,0.06929804020174304,0.4676343152186784,0.041370721766537825
RD_0076,0.001,0.60,0.6,26,triangular,1,0,"edad_anios(c=0.424, r=0.088) Y sexo=2 Y glucosa=3",3,0.004449268427110245,0.0011266211104629163,0.7597702005960609,0.03884900380906608,0.6782887481666547,0.026238196869024667
